"id","item_name","short_description","item_tags","created_at"
"1","A Dart for Every Man","A high-capacity disruptor for every caste.","[""Items.Holsters.RangedWeapons.Light.SMG"",""LootTier.6"",""Rarity.Rare""]","2026-02-25 21:38:24.494667+00"
"2","A Dart for Every Man Schematic","Schematic for a high-capacity disruptor for every caste.","[""Items.Schematics.RangedWeapons.Light.Rifle"",""LootTier.6"",""Rarity.Rare"",""LootPool.2""]","2026-02-25 21:38:24.494667+00"
"3","Abulurd's Rapture","A modified disruptor that uses heavy darts.","[""Items.Holsters.RangedWeapons.Light.SMG"",""LootTier.4"",""Rarity.Rare""]","2026-02-25 21:38:24.494667+00"
"4","Abulurd's Rapture Schematic","Schematic for a modified Disruptor that uses heavy darts.","[""Items.Schematics.RangedWeapons.Light.Rifle"",""LootTier.4"",""Rarity.Rare"",""LootPool.2""]","2026-02-25 21:38:24.494667+00"
"5","Acheronian Boots","Heavy boots retrieved from hell.","[""Items.Clothes.HeavyArmor.Feet"",""LootTier.5"",""Rarity.Rare""]","2026-02-25 21:38:24.494667+00"
"6","Acheronian Boots Schematic","Schematic for heavy boots retrieved from hell.","[""Items.Schematics.Clothes.AssaultArmor"",""LootTier.5"",""Rarity.Rare"",""LootPool.2""]","2026-02-25 21:38:24.494667+00"
"7","Acheronian Chestplate","A heavy chestplate retrieved from hell.","[""Items.Clothes.HeavyArmor.Torso"",""LootTier.5"",""Rarity.Rare""]","2026-02-25 21:38:24.494667+00"
"8","Acheronian Chestplate Schematic","Schematic for a heavy chestplate retrieved from hell.","[""Items.Schematics.Clothes.AssaultArmor"",""LootTier.5"",""Rarity.Rare"",""LootPool.2""]","2026-02-25 21:38:24.494667+00"
"9","Acheronian Gauntlets","Heavy gauntlets retrieved from hell.","[""Items.Clothes.HeavyArmor.Hands"",""LootTier.5"",""Rarity.Rare""]","2026-02-25 21:38:24.494667+00"
"10","Acheronian Gauntlets Schematic","Schematic for heavy gauntlets retrieved from hell.","[""Items.Schematics.Clothes.AssaultArmor"",""LootTier.5"",""Rarity.Rare"",""LootPool.2""]","2026-02-25 21:38:24.494667+00"
"11","Acheronian Helmet","A heavy helmet retrieved from hell.","[""Items.Clothes.HeavyArmor.Head"",""LootTier.5"",""Rarity.Rare""]","2026-02-25 21:38:24.494667+00"
"12","Acheronian Helmet Schematic","Schematic for a heavy helmet retrieved from hell.","[""Items.Schematics.Clothes.AssaultArmor"",""LootTier.5"",""Rarity.Rare"",""LootPool.2""]","2026-02-25 21:38:24.494667+00"
"13","Acheronian Pants","Heavy pants retrieved from hell.","[""Items.Clothes.HeavyArmor.Legs"",""LootTier.5"",""Rarity.Rare""]","2026-02-25 21:38:24.494667+00"
"14","Acheronian Pants Schematic","Schematic for heavy pants retrieved from hell.","[""Items.Schematics.Clothes.AssaultArmor"",""LootTier.5"",""Rarity.Rare"",""LootPool.2""]","2026-02-25 21:38:24.494667+00"
"15","Adaptive Holtzman Shield","Energy shield utilizing the Holtzman effect.","[""Items.Holsters.UtilityTools.Shield"",""LootTier.6"",""Rarity.Rare"",""Items.NotCustomizable""]","2026-02-25 21:38:24.494667+00"
"16","Adaptive Holtzman Shield Schematic","Energy shield utilizing the Holtzman effect.","[""Items.Schematics.UtilityTools.Shield"",""LootTier.6"",""Rarity.Rare"",""LootPool.3""]","2026-02-25 21:38:24.494667+00"
"17","Adept Burst Drillshot","Double barrel ""anti-shield"" shotgun with increased capacity that charges up to fire a burst of two burrow darts.","[""Items.Holsters.RangedWeapons.Heavy.Shotgun"",""LootTier.5"",""Rarity.Rare""]","2026-02-25 21:38:24.494667+00"
"18","Adept Burst Drillshot Schematic","Schematic for a double barrel ""anti-shield"" shotgun with increased capacity that charges up to fire a burst of two burrow darts.","[""Items.Schematics.RangedWeapons.Heavy.Shotgun"",""LootTier.5"",""Rarity.Rare"",""LootPool.2""]","2026-02-25 21:38:24.494667+00"
"19","Adept Dirk","A Harkonnen style short blade melee weapon.","[""Items.Holsters.MeleeWeapons.Knife.Dirk"",""LootTier.5"",""Loot.GreatHouse""]","2026-02-25 21:38:24.494667+00"
"20","Adept Disruptor M11","Rapid fire disruptor.","[""Items.Holsters.RangedWeapons.Light.SMG"",""LootTier.5"",""Loot.GreatHouse""]","2026-02-25 21:38:24.494667+00"
"21","Adept Disruptor Pistol","A heavy disruptor pistol.","[""Items.Holsters.RangedWeapons.Heavy.Pistol"",""LootTier.5"",""Rarity.Rare""]","2026-02-25 21:38:24.494667+00"
"22","Adept Disruptor Pistol Schematic","Schematic for a heavy disruptor pistol.","[""Items.Schematics.RangedWeapons.Heavy.Pistol"",""LootTier.5"",""Rarity.Rare"",""LootPool.2""]","2026-02-25 21:38:24.494667+00"
"23","Adept Drillshot FK7","Double barrel ""anti-shield"" shotgun.","[""Items.Holsters.RangedWeapons.Heavy.Shotgun"",""LootTier.5"",""Loot.GreatHouse""]","2026-02-25 21:38:24.494667+00"
"24","Adept GRDA 44","Wide range scattergun.","[""Items.Holsters.RangedWeapons.Light.Shotgun"",""LootTier.5"",""Loot.GreatHouse""]","2026-02-25 21:38:24.494667+00"
"25","Adept High-payload Rocket Module Schematic","Medium Ornithopter rocket launcher with larger blast radius.","[""Items.Schematics.Deployables.VehicleExtra.MediumOrniCHOAM"",""LootTier.5"",""Rarity.Rare"",""LootPool.3"",""Items.ExcludeFromLootSystem""]","2026-02-25 21:38:24.494667+00"
"26","Adept JABAL Spitdart","Rapid cycling scoped rifle that fires poison-laced darts.","[""Items.Holsters.RangedWeapons.Light.Rifle.SpitDart"",""LootTier.5"",""Loot.GreatHouse""]","2026-02-25 21:38:24.494667+00"
"27","Adept Karpov 38","Gas powered assault rifle.","[""Items.Holsters.RangedWeapons.Light.Rifle.BattleRifle"",""LootTier.5"",""Loot.GreatHouse""]","2026-02-25 21:38:24.494667+00"
"28","Adept Kindjal","Curved short blade used for close combat.","[""Items.Holsters.MeleeWeapons.Knife.Kindjal"",""LootTier.5"",""Loot.GreatHouse""]","2026-02-25 21:38:24.494667+00"
"29","Adept Light Ornithopter Inventory","Adds inventory space to the Ornithopter.","[""Items.ExcludeFromExchange"",""Items.ExcludeFromPlayerSellingToVendor"",""Items.ExcludeFromPlayerBuyingFromVendor"",""Items.ExcludeFromLootSystem"",""Items.NotCustomizable""]","2026-02-25 21:38:24.494667+00"
"30","Adept Light Ornithopter Scanner","Adds a scan ability to the Ornithopter.","[""Items.ExcludeFromExchange"",""Items.ExcludeFromPlayerSellingToVendor"",""Items.ExcludeFromPlayerBuyingFromVendor"",""Items.ExcludeFromLootSystem"",""Items.NotCustomizable""]","2026-02-25 21:38:24.494667+00"
"31","Adept Maula Pistol","Lightweight Pistol.","[""Items.Holsters.RangedWeapons.Light.Pistol"",""LootTier.5"",""Loot.GreatHouse""]","2026-02-25 21:38:24.494667+00"
"32","Adept Rafiq Snubnose","High caliber pistol.","[""Items.Holsters.RangedWeapons.Heavy.Pistol"",""LootTier.5"",""Loot.GreatHouse""]","2026-02-25 21:38:24.494667+00"
"33","Adept Rapier","Long bladed melee weapon.","[""Items.Holsters.MeleeWeapons.Sword.Rapier"",""LootTier.5"",""Loot.GreatHouse""]","2026-02-25 21:38:24.494667+00"
"34","Adept Sandbike Inventory","Adds inventory space to the Sandbike.","[""Items.ExcludeFromExchange"",""Items.ExcludeFromPlayerSellingToVendor"",""Items.ExcludeFromPlayerBuyingFromVendor"",""Items.ExcludeFromLootSystem"",""Items.NotCustomizable""]","2026-02-25 21:38:24.494667+00"
"35","Adept Sword","Long bladed melee weapon.","[""Items.Holsters.MeleeWeapons.Sword.Sword"",""LootTier.5"",""Loot.GreatHouse""]","2026-02-25 21:38:24.494667+00"
"36","Adept Tripleshot Repeating Rifle Schematic","Schematic for a non scoped Spitdart Rifle that fires tripleshots.","[""Items.Schematics.RangedWeapons.Light.Rifle"",""LootTier.5"",""Rarity.Rare"",""LootPool.2""]","2026-02-25 21:38:24.494667+00"
"37","Adept Vulcan GAU-92","Light machinegun.","[""Items.Holsters.RangedWeapons.Heavy.LMG"",""LootTier.5"",""Loot.GreatHouse""]","2026-02-25 21:38:24.494667+00"
"38","Adrenal Boots","Adrenal Boots temp short desc","[""Items.ExcludeFromPlayerSellingToVendor"",""Items.ExcludeFromPlayerBuyingFromVendor"",""Items.ExcludeFromLootSystem"",""Items.ExcludeFromExchange""]","2026-02-25 21:38:24.494667+00"
"39","Adrenal Boots Schematic","A unique schematic.","[""Items.Schematics.Clothes.ScoutArmor"",""LootTier.6"",""Rarity.Rare""]","2026-02-25 21:38:24.494667+00"
"40","Advanced Armor Plating","A fabrication component found in loot","[""Items.ExcludeFromExchange"",""Items.ExcludeFromPlayerSellingToVendor"",""Items.ExcludeFromPlayerBuyingFromVendor"",""Items.ExcludeFromLootSystem"",""Items.NotCustomizable""]","2026-02-25 21:38:24.494667+00"
"41","Advanced Blade Parts","A fabrication component found in loot","[""Items.ExcludeFromExchange"",""Items.ExcludeFromPlayerSellingToVendor"",""Items.ExcludeFromPlayerBuyingFromVendor"",""Items.ExcludeFromLootSystem"",""Items.NotCustomizable""]","2026-02-25 21:38:24.494667+00"
"42","Advanced EMF Generator","A Fremen component used in fabrication","[""Items.ExcludeFromExchange"",""Items.ExcludeFromPlayerSellingToVendor"",""Items.ExcludeFromPlayerBuyingFromVendor"",""Items.ExcludeFromLootSystem"",""Items.NotCustomizable""]","2026-02-25 21:38:24.494667+00"
"43","Advanced Fabrication Patent","A set of advanced fabricators","[""Items.ExcludeFromExchange"",""Items.ExcludeFromPlayerSellingToVendor"",""Items.ExcludeFromPlayerBuyingFromVendor"",""Items.ExcludeFromLootSystem"",""Items.NotCustomizable""]","2026-02-25 21:38:24.494667+00"
"44","Advanced Furniture Patent","A set of furniture","[""Items.ExcludeFromExchange"",""Items.ExcludeFromPlayerSellingToVendor"",""Items.ExcludeFromPlayerBuyingFromVendor"",""Items.ExcludeFromLootSystem"",""Items.NotCustomizable""]","2026-02-25 21:38:24.494667+00"
"45","Advanced Garment Fabricator Patent","Fabricates armor and stillsuits","[""Items.Consumables.BuildableSets"",""LootTier.3"",""Items.ExcludeFromLootSystem"",""Items.ExcludeFromExchange""]","2026-02-25 21:38:24.494667+00"
"46","Advanced Gun Parts","A fabrication component found in loot","[""Items.ExcludeFromExchange"",""Items.ExcludeFromPlayerSellingToVendor"",""Items.ExcludeFromPlayerBuyingFromVendor"",""Items.ExcludeFromLootSystem"",""Items.NotCustomizable""]","2026-02-25 21:38:24.494667+00"
"47","Advanced Kinetic Suspensor Belt","Temp short desc","[""Items.ExcludeFromExchange"",""Items.ExcludeFromPlayerSellingToVendor"",""Items.ExcludeFromPlayerBuyingFromVendor"",""Items.ExcludeFromLootSystem"",""Items.NotCustomizable""]","2026-02-25 21:38:24.494667+00"
"48","Advanced Lighting Patent","A set of advanced lights","[""Items.ExcludeFromExchange"",""Items.ExcludeFromPlayerSellingToVendor"",""Items.ExcludeFromPlayerBuyingFromVendor"",""Items.ExcludeFromLootSystem"",""Items.NotCustomizable""]","2026-02-25 21:38:24.494667+00"
"49","Advanced Machinery","A crafting component found in the Deep Desert.","[""Items.CraftedResources"",""LootTier.6"",""Loot.Component"",""Items.ExcludeFromLootSystem""]","2026-02-25 21:38:24.494667+00"
"50","Advanced Machinery Schematic","N/A","[""Items.ExcludeFromExchange"",""Items.ExcludeFromPlayerSellingToVendor"",""Items.ExcludeFromPlayerBuyingFromVendor"",""Items.ExcludeFromLootSystem"",""Items.NotCustomizable""]","2026-02-25 21:38:24.494667+00"
"51","Advanced Mechanical Parts","A Great House component used in fabrication","[""Items.ExcludeFromExchange"",""Items.ExcludeFromPlayerSellingToVendor"",""Items.ExcludeFromPlayerBuyingFromVendor"",""Items.ExcludeFromLootSystem"",""Items.NotCustomizable""]","2026-02-25 21:38:24.494667+00"
"52","Advanced Micro-sandwich Fabric","A Fremen component used in fabrication","[""Items.ExcludeFromExchange"",""Items.ExcludeFromPlayerSellingToVendor"",""Items.ExcludeFromPlayerBuyingFromVendor"",""Items.ExcludeFromLootSystem"",""Items.NotCustomizable""]","2026-02-25 21:38:24.494667+00"
"53","Advanced Particle Capacitor","An Old Imperial component used in fabrication","[""Items.ExcludeFromExchange"",""Items.ExcludeFromPlayerSellingToVendor"",""Items.ExcludeFromPlayerBuyingFromVendor"",""Items.ExcludeFromLootSystem"",""Items.NotCustomizable""]","2026-02-25 21:38:24.494667+00"
"54","Advanced Particulate Filter","An advanced filter crafted in an Advanced Survival Fabricator.","[""Items.RefinedResources.Fuel"",""LootTier.6"",""Items.ExcludeFromLootSystem""]","2026-02-25 21:38:24.494667+00"
"55","Advanced Plasteel Microflora Fiber","A Great House component used in fabrication","[""Items.ExcludeFromExchange"",""Items.ExcludeFromPlayerSellingToVendor"",""Items.ExcludeFromPlayerBuyingFromVendor"",""Items.ExcludeFromLootSystem"",""Items.NotCustomizable""]","2026-02-25 21:38:24.494667+00"
"56","Advanced Reaper Gloves","Special gloves design to maximize water gathering.","[""Items.Clothes.ScoutArmor.Hands"",""LootTier.5"",""Rarity.Rare""]","2026-02-25 21:38:24.494667+00"
"57","Advanced Reaper Gloves Schematic","A schematic for special gloves designed to maximize water gathering.","[""Items.Schematics.Clothes.ScoutArmor"",""LootTier.5"",""Rarity.Rare"",""LootPool.2""]","2026-02-25 21:38:24.494667+00"
"58","Advanced Servoks","An Old Imperial component used in fabrication.","[""Items.CraftedResources"",""LootTier.1"",""Loot.OldImperial""]","2026-02-25 21:38:24.494667+00"
"59","Advanced Structure Patent","A set of advanced structures and refineries","[""Items.ExcludeFromExchange"",""Items.ExcludeFromPlayerSellingToVendor"",""Items.ExcludeFromPlayerBuyingFromVendor"",""Items.ExcludeFromLootSystem"",""Items.NotCustomizable""]","2026-02-25 21:38:24.494667+00"
"60","Advanced Sub-Fief","Claims land to allow for building of structures","[""Items.Consumables.BuildableSets"",""LootTier.2"",""Items.ExcludeFromLootSystem"",""Items.ExcludeFromExchange""]","2026-02-25 21:38:24.494667+00"
"61","Advanced Survival Fabricator Patent","Fabricates survival items","[""Items.Consumables.BuildableSets"",""LootTier.3"",""Items.ExcludeFromLootSystem"",""Items.ExcludeFromExchange""]","2026-02-25 21:38:24.494667+00"
"62","Advanced Suspensor Jacket","A jacket rigged with wires that aid suspensor usage.","[""Items.Clothes.ScoutArmor.Torso"",""LootTier.5"",""Rarity.Rare""]","2026-02-25 21:38:24.494667+00"
"63","Advanced Suspensor Jacket Schematic","Schematic for a jacket rigged with wires that aid suspensor usage.","[""Items.Schematics.Clothes.ScoutArmor"",""LootTier.5"",""Rarity.Rare"",""LootPool.2""]","2026-02-25 21:38:24.494667+00"
"64","Advanced Vehicle Fabricator Patent","Fabricates vehicle parts","[""Items.Consumables.BuildableSets"",""LootTier.3"",""Items.ExcludeFromLootSystem"",""Items.ExcludeFromExchange""]","2026-02-25 21:38:24.494667+00"
"65","Advanced Vehicles Fabricator","Fabricates Advanced vehicle parts","[""Items.Consumables.BuildableSets"",""LootTier.6"",""Items.ExcludeFromLootSystem"",""Items.ExcludeFromExchange""]","2026-02-25 21:38:24.494667+00"
"66","Advanced Weapons Fabricator Patent","Fabricates weapons","[""Items.Consumables.BuildableSets"",""LootTier.3"",""Items.ExcludeFromLootSystem"",""Items.ExcludeFromExchange""]","2026-02-25 21:38:24.494667+00"
"67","Agave Seeds","Harvested from cactus crowns.","[""Items.RawResources.Misc"",""LootTier.4"",""Items.ExcludeFromLootSystem""]","2026-02-25 21:38:24.494667+00"
"68","Albatross Wing Module Mk4","A 'thopter wing designed for faster flight speeds","[""Items.Holsters.Deployables.VehicleBase.LightOrniCHOAM"",""LootTier.4"",""Rarity.Rare"",""Items.NotCustomizable""]","2026-02-25 21:38:24.494667+00"
"69","Albatross Wing Module Mk4 Schematic","A schematic for a 'thopter wing designed for faster flight speeds.","[""Items.Schematics.Deployables.VehicleExtra.LightOrniCHOAM"",""LootTier.4"",""Rarity.Rare""]","2026-02-25 21:38:24.494667+00"
"70","Albatross Wing Module Mk5","A 'thopter wing designed for faster flight speeds","[""Items.Holsters.Deployables.VehicleBase.LightOrniCHOAM"",""LootTier.5"",""Rarity.Rare"",""Items.NotCustomizable""]","2026-02-25 21:38:24.494667+00"
"71","Albatross Wing Module Mk5 Schematic","A schematic for a 'thopter wing designed for faster flight speeds.","[""Items.Schematics.Deployables.VehicleExtra.LightOrniCHOAM"",""LootTier.5"",""Rarity.Rare""]","2026-02-25 21:38:24.494667+00"
"72","Albatross Wing Module Mk6","A 'thopter wing designed for faster flight speeds","[""Items.Holsters.Deployables.VehicleBase.LightOrniCHOAM"",""LootTier.6"",""Rarity.Rare"",""Items.NotCustomizable""]","2026-02-25 21:38:24.494667+00"
"73","Albatross Wing Module Mk6 Schematic","A schematic for a 'thopter wing designed for faster flight speeds.","[""Items.Schematics.Deployables.VehicleExtra.LightOrniCHOAM"",""LootTier.6"",""Rarity.Rare""]","2026-02-25 21:38:24.494667+00"
"74","Altered Atreides Intel Log","","[""Contract.Target.Item"",""Items.ExcludeFromExchange"",""Items.Contract""]","2026-02-25 21:38:24.494667+00"
"75","Altered letter from Anton","","[""Contract.Target.Item"",""Items.ExcludeFromExchange"",""Items.Contract""]","2026-02-25 21:38:24.494667+00"
"76","Aluminum Ingot","Refined Aluminum used in fabrication.","[""Items.RefinedResources.Metal"",""LootTier.4""]","2026-02-25 21:38:24.494667+00"
"77","Aluminum Ore","Ore from Aluminum deposits.","[""Items.RawResources.Metal"",""LootTier.4""]","2026-02-25 21:38:24.494667+00"
"78","Aluminum Welding Wire","Material used for repairing vehicles","[""Items.ExcludeFromExchange"",""Items.ExcludeFromPlayerSellingToVendor"",""Items.ExcludeFromPlayerBuyingFromVendor"",""Items.ExcludeFromLootSystem"",""Items.NotCustomizable""]","2026-02-25 21:38:24.494667+00"
"79","Ambition","Ambition temp short desc","[""Items.Holsters.RangedWeapons.Heavy.Shotgun"",""Rarity.Rare"",""LootTier.6""]","2026-02-25 21:38:24.494667+00"
"80","Ambition Schematic","A unique schematic.","[""Items.Schematics.RangedWeapons.Heavy.Shotgun"",""LootTier.6"",""Rarity.Rare""]","2026-02-25 21:38:24.494667+00"
"81","Ammo Pack: Heavy Darts","A full pack of heavy darts.","[""Items.ExcludeFromExchange"",""Items.ExcludeFromPlayerSellingToVendor"",""Items.ExcludeFromPlayerBuyingFromVendor"",""Items.ExcludeFromLootSystem"",""Items.NotCustomizable""]","2026-02-25 21:38:24.494667+00"
"82","Ammo Pack: Incendiary Gel","A full pack of Incendiary Gel","[""Items.ExcludeFromExchange"",""Items.ExcludeFromPlayerSellingToVendor"",""Items.ExcludeFromPlayerBuyingFromVendor"",""Items.ExcludeFromLootSystem"",""Items.NotCustomizable""]","2026-02-25 21:38:24.494667+00"
"83","Ammo Pack: Light Darts","A full pack of light darts.","[""Items.ExcludeFromExchange"",""Items.ExcludeFromPlayerSellingToVendor"",""Items.ExcludeFromPlayerBuyingFromVendor"",""Items.ExcludeFromLootSystem"",""Items.NotCustomizable""]","2026-02-25 21:38:24.494667+00"
"84","Aren's Boots","Unique boots designed by the warlord, Aren.","[""Items.Clothes.ScoutArmor.Feet"",""LootTier.1"",""Rarity.Rare""]","2026-02-25 21:38:24.494667+00"
"85","Aren's Boots Schematic","Schematic for unique boots designed by the warlord, Aren.","[""Items.Schematics.Clothes.AssaultArmor"",""LootTier.1"",""Rarity.Rare"",""LootPool.2""]","2026-02-25 21:38:24.494667+00"
"86","Aren's Chestpiece","A unique chestpiece designed by the warlord, Aren.","[""Items.Clothes.ScoutArmor.Torso"",""LootTier.1"",""Rarity.Rare""]","2026-02-25 21:38:24.494667+00"
"87","Aren's Chestpiece Schematic","Schematic for a unique chestpiece designed by the warlord, Aren.","[""Items.Schematics.Clothes.AssaultArmor"",""LootTier.1"",""Rarity.Rare"",""LootPool.2""]","2026-02-25 21:38:24.494667+00"
"88","Aren's Gloves","Unique gloves designed by the warlord, Aren.","[""Items.Clothes.ScoutArmor.Hands"",""LootTier.1"",""Rarity.Rare""]","2026-02-25 21:38:24.494667+00"
"89","Aren's Gloves Schematic","Schematic for unique gloves designed by the warlord, Aren.","[""Items.Schematics.Clothes.AssaultArmor"",""LootTier.1"",""Rarity.Rare"",""LootPool.2""]","2026-02-25 21:38:24.494667+00"
"90","Aren's Mask","A unique mask designed by the warlord, Aren.","[""Items.Clothes.ScoutArmor.Head"",""LootTier.1"",""Rarity.Rare""]","2026-02-25 21:38:24.494667+00"
"91","Aren's Mask Schematic","Schematic for a unique mask designed by the warlord, Aren.","[""Items.Schematics.Clothes.AssaultArmor"",""LootTier.1"",""Rarity.Rare"",""LootPool.2""]","2026-02-25 21:38:24.494667+00"
"92","Aren's Pants","Unique pants designed by the warlord, Aren.","[""Items.Clothes.ScoutArmor.Legs"",""LootTier.1"",""Rarity.Rare""]","2026-02-25 21:38:24.494667+00"
"93","Aren's Pants Schematic","Schematic for unique pants designed by the warlord, Aren.","[""Items.Schematics.Clothes.AssaultArmor"",""LootTier.1"",""Rarity.Rare"",""LootPool.2""]","2026-02-25 21:38:24.494667+00"
"94","Aren's Vengeance","A modified battle rifle that fires bursts of darts.","[""Items.Holsters.RangedWeapons.Light.Rifle.BattleRifle"",""LootTier.1"",""Rarity.Rare""]","2026-02-25 21:38:24.494667+00"
"95","Aren's Vengeance Schematic","Schematic for a modified battle rifle that fires bursts of darts.","[""Items.Schematics.RangedWeapons.Light.Rifle"",""LootTier.1"",""Rarity.Rare"",""LootPool.2""]","2026-02-25 21:38:24.494667+00"
"96","Arhun K-28 Lasgun","A heavily modified lasgun.","[""Items.Holsters.RangedWeapons.Heavy.Lasgun"",""LootTier.5"",""Rarity.Rare""]","2026-02-25 21:38:24.494667+00"
"97","Arhun K-28 Lasgun Schematic","Schematic for a heavily modified lasgun.","[""Items.Schematics.RangedWeapons.Exotic"",""LootTier.5"",""Rarity.Rare"",""LootPool.3""]","2026-02-25 21:38:24.494667+00"
"98","Ari's Pistol","Machine Pistol.","[""Items.Holsters.RangedWeapons.Light.Pistol"",""Items.ExcludeFromLootSystem"",""Items.ExcludeFromExchange"",""Items.ExcludeFromPlayerBuyingFromVendor"",""Rarity.Memento""]","2026-02-25 21:38:24.494667+00"
"99","Armor Kit: Medium (Atreides)","A full suit of armor","[""Items.ExcludeFromExchange"",""Items.ExcludeFromPlayerSellingToVendor"",""Items.ExcludeFromPlayerBuyingFromVendor"",""Items.ExcludeFromLootSystem"",""Items.NotCustomizable""]","2026-02-25 21:38:24.494667+00"
"100","Armor Kit: Medium (Harkonnen)","A full suit of armor","[""Items.ExcludeFromExchange"",""Items.ExcludeFromPlayerSellingToVendor"",""Items.ExcludeFromPlayerBuyingFromVendor"",""Items.ExcludeFromLootSystem"",""Items.NotCustomizable""]","2026-02-25 21:38:24.494667+00"
"101","Armor Kit: Stillsuit (Arrakis)","A full stillsuit","[""Items.ExcludeFromExchange"",""Items.ExcludeFromPlayerSellingToVendor"",""Items.ExcludeFromPlayerBuyingFromVendor"",""Items.ExcludeFromLootSystem"",""Items.NotCustomizable""]","2026-02-25 21:38:24.494667+00"
"102","Armor Plating","A fabrication component found in loot.","[""Items.CraftedResources"",""LootTier.2"",""Loot.Component"",""Items.ExcludeFromLootSystem""]","2026-02-25 21:38:24.494667+00"
"104","Arrakeen Commoner Gloves","A pair of gloves in traditional Arrakeen fashion","[""Items.ExcludeFromExchange"",""Items.ExcludeFromPlayerSellingToVendor"",""Items.ExcludeFromPlayerBuyingFromVendor"",""Items.ExcludeFromLootSystem"",""Items.NotCustomizable""]","2026-02-25 21:38:24.494667+00"
"105","Arrakeen Commoner Hat","A hat in traditional Arrakeen fashion","[""Items.ExcludeFromExchange"",""Items.ExcludeFromPlayerSellingToVendor"",""Items.ExcludeFromPlayerBuyingFromVendor"",""Items.ExcludeFromLootSystem"",""Items.NotCustomizable""]","2026-02-25 21:38:24.494667+00"
"106","Arrakeen Commoner Pants","A pair of pants in traditional Arrakeen fashion","[""Items.ExcludeFromExchange"",""Items.ExcludeFromPlayerSellingToVendor"",""Items.ExcludeFromPlayerBuyingFromVendor"",""Items.ExcludeFromLootSystem"",""Items.NotCustomizable""]","2026-02-25 21:38:24.494667+00"
"107","Arrakeen Commoner Shirt","A tunic in traditional Arrakeen fashion","[""Items.ExcludeFromExchange"",""Items.ExcludeFromPlayerSellingToVendor"",""Items.ExcludeFromPlayerBuyingFromVendor"",""Items.ExcludeFromLootSystem"",""Items.NotCustomizable""]","2026-02-25 21:38:24.494667+00"
"108","Arrakeen Commoner Shoes","A pair of shoes in traditional Arrakeen fashion","[""Items.ExcludeFromExchange"",""Items.ExcludeFromPlayerSellingToVendor"",""Items.ExcludeFromPlayerBuyingFromVendor"",""Items.ExcludeFromLootSystem"",""Items.NotCustomizable""]","2026-02-25 21:38:24.494667+00"
"109","Arrakeen Formal Pants","Formal pants in an Arrakeen style","[""Items.ExcludeFromExchange"",""Items.ExcludeFromPlayerSellingToVendor"",""Items.ExcludeFromPlayerBuyingFromVendor"",""Items.ExcludeFromLootSystem"",""Items.NotCustomizable""]","2026-02-25 21:38:24.494667+00"
"110","Arrakeen Formal Shoes","Formal shoes in an Arrakeen style","[""Items.ExcludeFromExchange"",""Items.ExcludeFromPlayerSellingToVendor"",""Items.ExcludeFromPlayerBuyingFromVendor"",""Items.ExcludeFromLootSystem"",""Items.NotCustomizable""]","2026-02-25 21:38:24.494667+00"
"111","Arrakeen Formal Top","Formal clothing in an Arrakeen style","[""Items.ExcludeFromExchange"",""Items.ExcludeFromPlayerSellingToVendor"",""Items.ExcludeFromPlayerBuyingFromVendor"",""Items.ExcludeFromLootSystem"",""Items.NotCustomizable""]","2026-02-25 21:38:24.494667+00"
"112","Arrakeen Stillsuit 02 Schematic","Wearable Garment","[""Items.ExcludeFromExchange"",""Items.ExcludeFromPlayerSellingToVendor"",""Items.ExcludeFromPlayerBuyingFromVendor"",""Items.ExcludeFromLootSystem"",""Items.NotCustomizable""]","2026-02-25 21:38:24.494667+00"
"113","Arrakeen Stillsuit 03 Schematic","Wearable Garment","[""Items.ExcludeFromExchange"",""Items.ExcludeFromPlayerSellingToVendor"",""Items.ExcludeFromPlayerBuyingFromVendor"",""Items.ExcludeFromLootSystem"",""Items.NotCustomizable""]","2026-02-25 21:38:24.494667+00"
"114","Arrakeen Stillsuit 04 Schematic","Wearable Garment","[""Items.ExcludeFromExchange"",""Items.ExcludeFromPlayerSellingToVendor"",""Items.ExcludeFromPlayerBuyingFromVendor"",""Items.ExcludeFromLootSystem"",""Items.NotCustomizable""]","2026-02-25 21:38:24.494667+00"
"115","Arrakeen Stillsuit 05 Schematic","Wearable Garment","[""Items.ExcludeFromExchange"",""Items.ExcludeFromPlayerSellingToVendor"",""Items.ExcludeFromPlayerBuyingFromVendor"",""Items.ExcludeFromLootSystem"",""Items.NotCustomizable""]","2026-02-25 21:38:24.494667+00"
"116","Arrakeen Stillsuit Body","Native level stillsuit","[""Items.ExcludeFromExchange"",""Items.ExcludeFromPlayerSellingToVendor"",""Items.ExcludeFromPlayerBuyingFromVendor"",""Items.ExcludeFromLootSystem"",""Items.NotCustomizable""]","2026-02-25 21:38:24.494667+00"
"117","Arrakeen Stillsuit Boots","Native level stillsuit boots","[""Items.ExcludeFromExchange"",""Items.ExcludeFromPlayerSellingToVendor"",""Items.ExcludeFromPlayerBuyingFromVendor"",""Items.ExcludeFromLootSystem"",""Items.NotCustomizable""]","2026-02-25 21:38:24.494667+00"
"118","Arrakeen Stillsuit Gloves","Native level stillsuit gloves","[""Items.ExcludeFromExchange"",""Items.ExcludeFromPlayerSellingToVendor"",""Items.ExcludeFromPlayerBuyingFromVendor"",""Items.ExcludeFromLootSystem"",""Items.NotCustomizable""]","2026-02-25 21:38:24.494667+00"
"119","Arrakeen Stillsuit Hood","Native level stillsuit hood","[""Items.ExcludeFromExchange"",""Items.ExcludeFromPlayerSellingToVendor"",""Items.ExcludeFromPlayerBuyingFromVendor"",""Items.ExcludeFromLootSystem"",""Items.NotCustomizable""]","2026-02-25 21:38:24.494667+00"
"120","ArrakeenFormals Schematic","Learnable Schematic","[""Items.ExcludeFromExchange"",""Items.ExcludeFromPlayerSellingToVendor"",""Items.ExcludeFromPlayerBuyingFromVendor"",""Items.ExcludeFromLootSystem"",""Items.NotCustomizable""]","2026-02-25 21:38:24.494667+00"
"121","Artisan Dirk","A Harkonnen style short blade melee weapon.","[""Items.Holsters.MeleeWeapons.Knife.Dirk"",""LootTier.3"",""Loot.GreatHouse""]","2026-02-25 21:38:24.494667+00"
"122","Artisan Disruptor M11","Rapid fire disruptor.","[""Items.Holsters.RangedWeapons.Light.SMG"",""LootTier.3"",""Loot.GreatHouse""]","2026-02-25 21:38:24.494667+00"
"123","Artisan Disruptor Pistol","A heavy disruptor pistol.","[""Items.Holsters.RangedWeapons.Heavy.Pistol"",""LootTier.3"",""Rarity.Rare""]","2026-02-25 21:38:24.494667+00"
"124","Artisan Disruptor Pistol Schematic","Schematic for a heavy disruptor pistol.","[""Items.Schematics.RangedWeapons.Heavy.Pistol"",""LootTier.3"",""Rarity.Rare"",""LootPool.2""]","2026-02-25 21:38:24.494667+00"
"125","Artisan GRDA 44","Wide range scattergun.","[""Items.Holsters.RangedWeapons.Light.Shotgun"",""LootTier.3"",""Loot.GreatHouse""]","2026-02-25 21:38:24.494667+00"
"126","Artisan JABAL Spitdart","Rapid cycling scoped rifle that fires poison-laced darts.","[""Items.Holsters.RangedWeapons.Light.Rifle.SpitDart"",""LootTier.3"",""Loot.GreatHouse""]","2026-02-25 21:38:24.494667+00"
"127","Artisan Karpov 38","Gas powered assault rifle.","[""Items.Holsters.RangedWeapons.Light.Rifle.BattleRifle"",""LootTier.3"",""Loot.GreatHouse""]","2026-02-25 21:38:24.494667+00"
"128","Artisan Kindjal","Curved short blade used for close combat.","[""Items.Holsters.MeleeWeapons.Knife.Kindjal"",""LootTier.3"",""Loot.GreatHouse""]","2026-02-25 21:38:24.494667+00"
"129","Artisan Maula Pistol","Lightweight Pistol.","[""Items.Holsters.RangedWeapons.Light.Pistol"",""LootTier.3"",""Loot.GreatHouse""]","2026-02-25 21:38:24.494667+00"
"130","Artisan Rafiq Snubnose","High caliber pistol.","[""Items.Holsters.RangedWeapons.Heavy.Pistol"",""LootTier.3"",""Loot.GreatHouse""]","2026-02-25 21:38:24.494667+00"
"131","Artisan Sandbike Inventory","Adds inventory space to the Sandbike.","[""Items.ExcludeFromExchange"",""Items.ExcludeFromPlayerSellingToVendor"",""Items.ExcludeFromPlayerBuyingFromVendor"",""Items.ExcludeFromLootSystem"",""Items.NotCustomizable""]","2026-02-25 21:38:24.494667+00"
"132","Artisan Sword","Long bladed melee weapon.","[""Items.Holsters.MeleeWeapons.Sword.Sword"",""LootTier.3"",""Loot.GreatHouse""]","2026-02-25 21:38:24.494667+00"
"133","Assassin's Rifle","An assassin's rifle that fires poisonous darts at long range.","[""Items.Holsters.RangedWeapons.Light.Rifle.SpitDart"",""LootTier.3"",""Rarity.Rare""]","2026-02-25 21:38:24.494667+00"
"134","Assassin's Rifle Schematic","Schematic for an assassin's rifle that fires poisonous darts at long range.","[""Items.Schematics.RangedWeapons.Light.Rifle"",""LootTier.3"",""Rarity.Rare"",""LootPool.2""]","2026-02-25 21:38:24.494667+00"
"135","Assault Ornithopter Cabin Mk5","Comes with two passenger seats and two utility slots.","[""Items.Holsters.Deployables.VehicleBase.MediumOrniCHOAM"",""LootTier.5"",""Loot.OldImperial"",""Items.ExcludeFromLootSystem"",""Items.NotCustomizable""]","2026-02-25 21:38:24.494667+00"
"136","Assault Ornithopter Cabin Mk6","Comes with two passenger seats and two utility slots.","[""Items.Holsters.Deployables.VehicleBase.MediumOrniCHOAM"",""LootTier.6"",""Loot.OldImperial"",""Items.ExcludeFromLootSystem"",""Items.NotCustomizable""]","2026-02-25 21:38:24.494667+00"
"137","Assault Ornithopter Cabin Mk7","Comes with two passenger seats and two utility slots.","[""Items.ExcludeFromExchange"",""Items.ExcludeFromPlayerSellingToVendor"",""Items.ExcludeFromPlayerBuyingFromVendor"",""Items.ExcludeFromLootSystem"",""Items.NotCustomizable""]","2026-02-25 21:38:24.494667+00"
"138","Assault Ornithopter Chassis Mk5","Defines the fuel capacity of the vehicle.","[""Items.Holsters.Deployables.VehicleBase.MediumOrniCHOAM"",""LootTier.5"",""Loot.OldImperial"",""Items.ExcludeFromLootSystem"",""Items.NotCustomizable""]","2026-02-25 21:38:24.494667+00"
"139","Assault Ornithopter Chassis Mk6","Defines the fuel capacity of the vehicle.","[""Items.Holsters.Deployables.VehicleBase.MediumOrniCHOAM"",""LootTier.6"",""Loot.OldImperial"",""Items.ExcludeFromLootSystem"",""Items.NotCustomizable""]","2026-02-25 21:38:24.494667+00"
"140","Assault Ornithopter Chassis Mk7","Defines the fuel capacity of the vehicle.","[""Items.ExcludeFromExchange"",""Items.ExcludeFromPlayerSellingToVendor"",""Items.ExcludeFromPlayerBuyingFromVendor"",""Items.ExcludeFromLootSystem"",""Items.NotCustomizable""]","2026-02-25 21:38:24.494667+00"
"141","Assault Ornithopter Cockpit Mk5","Comes with pilot and co-pilot seats.","[""Items.Holsters.Deployables.VehicleBase.MediumOrniCHOAM"",""LootTier.5"",""Loot.OldImperial"",""Items.ExcludeFromLootSystem"",""Items.NotCustomizable""]","2026-02-25 21:38:24.494667+00"
"142","Assault Ornithopter Cockpit Mk6","Comes with pilot and co-pilot seats.","[""Items.Holsters.Deployables.VehicleBase.MediumOrniCHOAM"",""LootTier.6"",""Loot.OldImperial"",""Items.ExcludeFromLootSystem"",""Items.NotCustomizable""]","2026-02-25 21:38:24.494667+00"
"143","Assault Ornithopter Cockpit Mk7","Comes with pilot and co-pilot seats.","[""Items.ExcludeFromExchange"",""Items.ExcludeFromPlayerSellingToVendor"",""Items.ExcludeFromPlayerBuyingFromVendor"",""Items.ExcludeFromLootSystem"",""Items.NotCustomizable""]","2026-02-25 21:38:24.494667+00"
"144","Assault Ornithopter Engine Mk5","Defines the max speed of the Ornithopter.","[""Items.Holsters.Deployables.VehicleBase.MediumOrniCHOAM"",""LootTier.5"",""Loot.OldImperial"",""Items.NotCustomizable""]","2026-02-25 21:38:24.494667+00"
"145","Assault Ornithopter Engine Mk6","Defines the max speed of the Ornithopter.","[""Items.Holsters.Deployables.VehicleBase.MediumOrniCHOAM"",""LootTier.6"",""Loot.OldImperial"",""Items.NotCustomizable""]","2026-02-25 21:38:24.494667+00"
"146","Assault Ornithopter Engine Mk7","Defines the max speed of the Ornithopter.","[""Items.ExcludeFromExchange"",""Items.ExcludeFromPlayerSellingToVendor"",""Items.ExcludeFromPlayerBuyingFromVendor"",""Items.ExcludeFromLootSystem"",""Items.NotCustomizable""]","2026-02-25 21:38:24.494667+00"
"147","Assault Ornithopter Generator Mk5","Defines power efficiency and controls temperature.","[""Items.Holsters.Deployables.VehicleBase.MediumOrniCHOAM"",""LootTier.5"",""Loot.OldImperial"",""Items.NotCustomizable""]","2026-02-25 21:38:24.494667+00"
"148","Assault Ornithopter Generator Mk6","Defines power efficiency and controls temperature.","[""Items.Holsters.Deployables.VehicleBase.MediumOrniCHOAM"",""LootTier.6"",""Loot.OldImperial"",""Items.NotCustomizable""]","2026-02-25 21:38:24.494667+00"
"149","Assault Ornithopter Generator Mk7","Defines power efficiency and controls temperature.","[""Items.ExcludeFromExchange"",""Items.ExcludeFromPlayerSellingToVendor"",""Items.ExcludeFromPlayerBuyingFromVendor"",""Items.ExcludeFromLootSystem"",""Items.NotCustomizable""]","2026-02-25 21:38:24.494667+00"
"150","Assault Ornithopter Rocket Launcher Mk5","Adds a rocket launcher to the Ornithopter.","[""Items.Holsters.Deployables.VehicleExtra.MediumOrniCHOAM"",""LootTier.5"",""Loot.OldImperial"",""Items.ExcludeFromLootSystem"",""Items.NotCustomizable""]","2026-02-25 21:38:24.494667+00"
"151","Assault Ornithopter Rocket Launcher Mk5 Schematic","A schematic for an assault ornithopter rocket launcher","[""Items.ExcludeFromExchange"",""Items.ExcludeFromPlayerSellingToVendor"",""Items.ExcludeFromPlayerBuyingFromVendor"",""Items.ExcludeFromLootSystem"",""Items.NotCustomizable""]","2026-02-25 21:38:24.494667+00"
"152","Assault Ornithopter Rocket Launcher Mk6","Adds a rocket launcher to the Ornithopter.","[""Items.Holsters.Deployables.VehicleExtra.MediumOrniCHOAM"",""LootTier.6"",""Loot.OldImperial"",""Items.ExcludeFromLootSystem"",""Items.NotCustomizable""]","2026-02-25 21:38:24.494667+00"
"153","Assault Ornithopter Storage Mk5","An inventory module for an Assault Ornithopter","[""Items.Holsters.Deployables.VehicleExtra.MediumOrniCHOAM"",""LootTier.5"",""Loot.OldImperial"",""Items.NotCustomizable""]","2026-02-25 21:38:24.494667+00"
"154","Assault Ornithopter Storage Mk6","","[""Items.ExcludeFromExchange"",""Items.ExcludeFromPlayerSellingToVendor"",""Items.ExcludeFromPlayerBuyingFromVendor"",""Items.ExcludeFromLootSystem"",""Items.NotCustomizable""]","2026-02-25 21:38:24.494667+00"
"155","Assault Ornithopter Storage Mk7","","[""Items.ExcludeFromExchange"",""Items.ExcludeFromPlayerSellingToVendor"",""Items.ExcludeFromPlayerBuyingFromVendor"",""Items.ExcludeFromLootSystem"",""Items.NotCustomizable""]","2026-02-25 21:38:24.494667+00"
"156","Assault Ornithopter Tail Mk5","Adds a protective layer to the rear of the Ornithopter.","[""Items.Holsters.Deployables.VehicleBase.MediumOrniCHOAM"",""LootTier.5"",""Loot.OldImperial"",""Items.ExcludeFromLootSystem"",""Items.NotCustomizable""]","2026-02-25 21:38:24.494667+00"
"157","Assault Ornithopter Tail Mk6","Adds a protective layer to the rear of the Ornithopter.","[""Items.Holsters.Deployables.VehicleBase.MediumOrniCHOAM"",""LootTier.6"",""Loot.OldImperial"",""Items.ExcludeFromLootSystem"",""Items.NotCustomizable""]","2026-02-25 21:38:24.494667+00"
"158","Assault Ornithopter Tail Mk7","Adds a protective layer to the rear of the Ornithopter.","[""Items.ExcludeFromExchange"",""Items.ExcludeFromPlayerSellingToVendor"",""Items.ExcludeFromPlayerBuyingFromVendor"",""Items.ExcludeFromLootSystem"",""Items.NotCustomizable""]","2026-02-25 21:38:24.494667+00"
"159","Assault Ornithopter Thruster Mk5","Adds a thrust ability to the Ornithopter.","[""Items.Holsters.Deployables.VehicleExtra.MediumOrniCHOAM"",""LootTier.5"",""Loot.OldImperial"",""Items.NotCustomizable""]","2026-02-25 21:38:24.494667+00"
"160","Assault Ornithopter Thruster Mk6","Adds a thrust ability to the Ornithopter.","[""Items.Holsters.Deployables.VehicleExtra.MediumOrniCHOAM"",""LootTier.6"",""Loot.OldImperial"",""Items.NotCustomizable""]","2026-02-25 21:38:24.494667+00"
"161","Assault Ornithopter Thruster Mk7","Adds a thrust ability to the Ornithopter.","[""Items.ExcludeFromExchange"",""Items.ExcludeFromPlayerSellingToVendor"",""Items.ExcludeFromPlayerBuyingFromVendor"",""Items.ExcludeFromLootSystem"",""Items.NotCustomizable""]","2026-02-25 21:38:24.494667+00"
"162","Assault Ornithopter Wing Mk5","Influences the flying capabilities of the Ornithopter.","[""Items.Holsters.Deployables.VehicleBase.MediumOrniCHOAM"",""LootTier.5"",""Loot.OldImperial"",""Items.ExcludeFromLootSystem"",""Items.NotCustomizable""]","2026-02-25 21:38:24.494667+00"
"163","Assault Ornithopter Wing Mk6","Influences the flying capabilities of the Ornithopter.","[""Items.Holsters.Deployables.VehicleBase.MediumOrniCHOAM"",""LootTier.6"",""Loot.OldImperial"",""Items.ExcludeFromLootSystem"",""Items.NotCustomizable""]","2026-02-25 21:38:24.494667+00"
"164","Assault Ornithopter Wing Mk7","Influences the flying capabilities of the Ornithopter.","[""Items.ExcludeFromExchange"",""Items.ExcludeFromPlayerSellingToVendor"",""Items.ExcludeFromPlayerBuyingFromVendor"",""Items.ExcludeFromLootSystem"",""Items.NotCustomizable""]","2026-02-25 21:38:24.494667+00"
"165","Atmospheric Filtered Fabric","A crafting component found in the Deep Desert.","[""Items.CraftedResources"",""LootTier.6"",""Loot.Component"",""Items.ExcludeFromLootSystem""]","2026-02-25 21:38:24.494667+00"
"166","Atmospheric Filtered Fabric Schematic","N/A","[""Items.ExcludeFromExchange"",""Items.ExcludeFromPlayerSellingToVendor"",""Items.ExcludeFromPlayerBuyingFromVendor"",""Items.ExcludeFromLootSystem"",""Items.NotCustomizable""]","2026-02-25 21:38:24.494667+00"
"167","Atreides Basic Lights Set","Atreides Basic Lights","[""Items.Consumables.BuildableSets"",""Items.Faction.Atreides.Tier2"",""Items.ExcludeFromExchange""]","2026-02-25 21:38:24.494667+00"
"168","Atreides Bedroom Furniture Set","Atreides Bedroom Furniture","[""Items.Consumables.BuildableSets"",""Items.Faction.Atreides.Tier4"",""Items.ExcludeFromExchange""]","2026-02-25 21:38:24.494667+00"
"169","Atreides Decrypted Report","","[""Contract.Target.Item"",""Items.ExcludeFromExchange"",""Items.Contract""]","2026-02-25 21:38:24.494667+00"
"170","Atreides Deserter Boots","An Atreides deserter's boots","[""Items.ExcludeFromExchange"",""Items.ExcludeFromPlayerSellingToVendor"",""Items.ExcludeFromPlayerBuyingFromVendor"",""Items.ExcludeFromLootSystem"",""Items.NotCustomizable""]","2026-02-25 21:38:24.494667+00"
"171","Atreides Deserter Chestpiece","An Atreides deserter's chestpiece","[""Items.ExcludeFromExchange"",""Items.ExcludeFromPlayerSellingToVendor"",""Items.ExcludeFromPlayerBuyingFromVendor"",""Items.ExcludeFromLootSystem"",""Items.NotCustomizable""]","2026-02-25 21:38:24.494667+00"
"172","Atreides Deserter Gauntlets","An Atreides deserter's gauntlets","[""Items.ExcludeFromExchange"",""Items.ExcludeFromPlayerSellingToVendor"",""Items.ExcludeFromPlayerBuyingFromVendor"",""Items.ExcludeFromLootSystem"",""Items.NotCustomizable""]","2026-02-25 21:38:24.494667+00"
"2029","Stim-Leggings  Schematic","Light leggings with reduced stamina drain while sprinting.","[""Items.Schematics.Clothes.ScoutArmor"",""LootTier.5"",""Rarity.Rare"",""LootPool.2""]","2026-02-25 21:38:24.494667+00"
"173","Atreides Deserter Hood","An Atreides deserter's hood","[""Items.ExcludeFromExchange"",""Items.ExcludeFromPlayerSellingToVendor"",""Items.ExcludeFromPlayerBuyingFromVendor"",""Items.ExcludeFromLootSystem"",""Items.NotCustomizable""]","2026-02-25 21:38:24.494667+00"
"174","Atreides Deserter Pants","An Atreides deserter's pants","[""Items.ExcludeFromExchange"",""Items.ExcludeFromPlayerSellingToVendor"",""Items.ExcludeFromPlayerBuyingFromVendor"",""Items.ExcludeFromLootSystem"",""Items.NotCustomizable""]","2026-02-25 21:38:24.494667+00"
"175","Atreides Dining Room Furniture Set","Atreides Dining Room Furniture","[""Items.Consumables.BuildableSets"",""Items.Faction.Atreides.Tier5"",""Items.ExcludeFromExchange""]","2026-02-25 21:38:24.494667+00"
"176","Atreides Dress Uniform Boots","Atreides dress uniform boots","[""Items.ExcludeFromExchange"",""Items.ExcludeFromPlayerSellingToVendor"",""Items.ExcludeFromPlayerBuyingFromVendor"",""Items.ExcludeFromLootSystem"",""Items.NotCustomizable""]","2026-02-25 21:38:24.494667+00"
"177","Atreides Dress Uniform Chestpiece","Atreides dress uniform for the upper body","[""Items.ExcludeFromExchange"",""Items.ExcludeFromPlayerSellingToVendor"",""Items.ExcludeFromPlayerBuyingFromVendor"",""Items.ExcludeFromLootSystem"",""Items.NotCustomizable""]","2026-02-25 21:38:24.494667+00"
"178","Atreides Dress Uniform Gloves","Atreides dress uniform gloves","[""Items.ExcludeFromExchange"",""Items.ExcludeFromPlayerSellingToVendor"",""Items.ExcludeFromPlayerBuyingFromVendor"",""Items.ExcludeFromLootSystem"",""Items.NotCustomizable""]","2026-02-25 21:38:24.494667+00"
"179","Atreides Dress Uniform Pants","Atreides dress uniform pants","[""Items.ExcludeFromExchange"",""Items.ExcludeFromPlayerSellingToVendor"",""Items.ExcludeFromPlayerBuyingFromVendor"",""Items.ExcludeFromLootSystem"",""Items.NotCustomizable""]","2026-02-25 21:38:24.494667+00"
"180","Atreides Encrypted Report","","[""Contract.Target.Item"",""Items.ExcludeFromExchange"",""Items.Contract""]","2026-02-25 21:38:24.494667+00"
"181","Atreides Flagpole","","[""Items.Consumables.BuildableSets"",""Items.ExcludeFromLootSystem"",""Items.ExcludeFromExchange""]","2026-02-25 21:38:24.494667+00"
"182","Atreides Furniture Patent","Atreides Furniture Patent","[""Items.ExcludeFromExchange"",""Items.ExcludeFromPlayerSellingToVendor"",""Items.ExcludeFromPlayerBuyingFromVendor"",""Items.ExcludeFromLootSystem"",""Items.NotCustomizable""]","2026-02-25 21:38:24.494667+00"
"183","Atreides Hand Scanner Schematic","Hand-held scanner in the Atreides style","[""Items.ExcludeFromExchange"",""Items.ExcludeFromPlayerSellingToVendor"",""Items.ExcludeFromPlayerBuyingFromVendor"",""Items.ExcludeFromLootSystem"",""Items.NotCustomizable""]","2026-02-25 21:38:24.494667+00"
"184","Atreides Hardened Kindjal Schematic","Schematic for an Atreides Hardened Kindjal","[""Items.ExcludeFromExchange"",""Items.ExcludeFromPlayerSellingToVendor"",""Items.ExcludeFromPlayerBuyingFromVendor"",""Items.ExcludeFromLootSystem"",""Items.NotCustomizable""]","2026-02-25 21:38:24.494667+00"
"185","Atreides Heavy Boots","Atreides style combat boots","[""Items.ExcludeFromExchange"",""Items.ExcludeFromPlayerSellingToVendor"",""Items.ExcludeFromPlayerBuyingFromVendor"",""Items.ExcludeFromLootSystem"",""Items.NotCustomizable""]","2026-02-25 21:38:24.494667+00"
"186","Atreides Heavy Boots Schematic","Schematic for Atreides Heavy Boots","[""Items.ExcludeFromExchange"",""Items.ExcludeFromPlayerSellingToVendor"",""Items.ExcludeFromPlayerBuyingFromVendor"",""Items.ExcludeFromLootSystem"",""Items.NotCustomizable""]","2026-02-25 21:38:24.494667+00"
"187","Atreides Heavy Chestpiece Schematic","Schematic for an Atreides Heavy Chestpiece","[""Items.ExcludeFromExchange"",""Items.ExcludeFromPlayerSellingToVendor"",""Items.ExcludeFromPlayerBuyingFromVendor"",""Items.ExcludeFromLootSystem"",""Items.NotCustomizable""]","2026-02-25 21:38:24.494667+00"
"188","Atreides Heavy Gloves","Atreides style combat gloves","[""Items.ExcludeFromExchange"",""Items.ExcludeFromPlayerSellingToVendor"",""Items.ExcludeFromPlayerBuyingFromVendor"",""Items.ExcludeFromLootSystem"",""Items.NotCustomizable""]","2026-02-25 21:38:24.494667+00"
"189","Atreides Heavy Gloves Schematic","Schematic for Atreides Heavy Gloves","[""Items.ExcludeFromExchange"",""Items.ExcludeFromPlayerSellingToVendor"",""Items.ExcludeFromPlayerBuyingFromVendor"",""Items.ExcludeFromLootSystem"",""Items.NotCustomizable""]","2026-02-25 21:38:24.494667+00"
"190","Atreides Heavy Helmet","Atreides style combat helmet","[""Items.ExcludeFromExchange"",""Items.ExcludeFromPlayerSellingToVendor"",""Items.ExcludeFromPlayerBuyingFromVendor"",""Items.ExcludeFromLootSystem"",""Items.NotCustomizable""]","2026-02-25 21:38:24.494667+00"
"191","Atreides Heavy Helmet Schematic","Schematic for an Atreides Heavy Helmet","[""Items.ExcludeFromExchange"",""Items.ExcludeFromPlayerSellingToVendor"",""Items.ExcludeFromPlayerBuyingFromVendor"",""Items.ExcludeFromLootSystem"",""Items.NotCustomizable""]","2026-02-25 21:38:24.494667+00"
"192","Atreides Heavy Pants Schematic","Schematic for Atreides Heavy Pants","[""Items.ExcludeFromExchange"",""Items.ExcludeFromPlayerSellingToVendor"",""Items.ExcludeFromPlayerBuyingFromVendor"",""Items.ExcludeFromLootSystem"",""Items.NotCustomizable""]","2026-02-25 21:38:24.494667+00"
"193","Atreides Honed Kindjal Schematic","Schematic for an Atreides Honed Kindjal","[""Items.ExcludeFromExchange"",""Items.ExcludeFromPlayerSellingToVendor"",""Items.ExcludeFromPlayerBuyingFromVendor"",""Items.ExcludeFromLootSystem"",""Items.NotCustomizable""]","2026-02-25 21:38:24.494667+00"
"194","Atreides Honed Short Sword Schematic","Schematic for an Atreides Honed Short Sword","[""Items.ExcludeFromExchange"",""Items.ExcludeFromPlayerSellingToVendor"",""Items.ExcludeFromPlayerBuyingFromVendor"",""Items.ExcludeFromLootSystem"",""Items.NotCustomizable""]","2026-02-25 21:38:24.494667+00"
"195","Atreides Identification Tag","","[""Contract.Target.Item"",""Items.ExcludeFromExchange"",""Items.Contract""]","2026-02-25 21:38:24.494667+00"
"196","Atreides Intel Log","","[""Contract.Target.Item"",""Items.ExcludeFromExchange"",""Items.Contract""]","2026-02-25 21:38:24.494667+00"
"197","Atreides Kindjal Schematic","Schematic for an Atreides Kindjal","[""Items.ExcludeFromExchange"",""Items.ExcludeFromPlayerSellingToVendor"",""Items.ExcludeFromPlayerBuyingFromVendor"",""Items.ExcludeFromLootSystem"",""Items.NotCustomizable""]","2026-02-25 21:38:24.494667+00"
"198","Atreides Kindjal Mark I Schematic","Curved long blade used for close combat","[""Items.ExcludeFromExchange"",""Items.ExcludeFromPlayerSellingToVendor"",""Items.ExcludeFromPlayerBuyingFromVendor"",""Items.ExcludeFromLootSystem"",""Items.NotCustomizable""]","2026-02-25 21:38:24.494667+00"
"199","Atreides Kindjal Schematic","Schematic for an Atreides Kindjal","[""Items.ExcludeFromExchange"",""Items.ExcludeFromPlayerSellingToVendor"",""Items.ExcludeFromPlayerBuyingFromVendor"",""Items.ExcludeFromLootSystem"",""Items.NotCustomizable""]","2026-02-25 21:38:24.494667+00"
"200","Atreides Light Armor Schematic","Learnable Schematic","[""Items.ExcludeFromExchange"",""Items.ExcludeFromPlayerSellingToVendor"",""Items.ExcludeFromPlayerBuyingFromVendor"",""Items.ExcludeFromLootSystem"",""Items.NotCustomizable""]","2026-02-25 21:38:24.494667+00"
"201","Atreides LMG Combat Sight Schematic","Combat sight attachment for the Atreides LMG","[""Items.ExcludeFromExchange"",""Items.ExcludeFromPlayerSellingToVendor"",""Items.ExcludeFromPlayerBuyingFromVendor"",""Items.ExcludeFromLootSystem"",""Items.NotCustomizable""]","2026-02-25 21:38:24.494667+00"
"202","Atreides LMG Explosive Gel Schematic","Explosive gel attachment for the Atreides LMG","[""Items.ExcludeFromExchange"",""Items.ExcludeFromPlayerSellingToVendor"",""Items.ExcludeFromPlayerBuyingFromVendor"",""Items.ExcludeFromLootSystem"",""Items.NotCustomizable""]","2026-02-25 21:38:24.494667+00"
"203","Atreides LMG Firing Charger Schematic","Firing charger attachment for the Atreides LMG","[""Items.ExcludeFromExchange"",""Items.ExcludeFromPlayerSellingToVendor"",""Items.ExcludeFromPlayerBuyingFromVendor"",""Items.ExcludeFromLootSystem"",""Items.NotCustomizable""]","2026-02-25 21:38:24.494667+00"
"204","Atreides LMG Quick Loader Schematic","Quick loader attachment for the Atreides LMG","[""Items.ExcludeFromExchange"",""Items.ExcludeFromPlayerSellingToVendor"",""Items.ExcludeFromPlayerBuyingFromVendor"",""Items.ExcludeFromLootSystem"",""Items.NotCustomizable""]","2026-02-25 21:38:24.494667+00"
"205","Atreides LSV","Learnable Schematic","[""Items.ExcludeFromExchange"",""Items.ExcludeFromPlayerSellingToVendor"",""Items.ExcludeFromPlayerBuyingFromVendor"",""Items.ExcludeFromLootSystem"",""Items.NotCustomizable""]","2026-02-25 21:38:24.494667+00"
"206","Atreides Office Furniture Set","Atreides Office Furniture","[""Items.Consumables.BuildableSets"",""Items.Faction.Atreides.Tier3"",""Items.ExcludeFromExchange""]","2026-02-25 21:38:24.494667+00"
"207","Atreides Officer Jacket","A formal jacket worn by Atreides officers","[""Items.ExcludeFromExchange"",""Items.ExcludeFromPlayerSellingToVendor"",""Items.ExcludeFromPlayerBuyingFromVendor"",""Items.ExcludeFromLootSystem"",""Items.NotCustomizable""]","2026-02-25 21:38:24.494667+00"
"208","Atreides Rapier Mark II","Long bladed melee weapon","[""Items.ExcludeFromExchange"",""Items.ExcludeFromPlayerSellingToVendor"",""Items.ExcludeFromPlayerBuyingFromVendor"",""Items.ExcludeFromLootSystem"",""Items.NotCustomizable""]","2026-02-25 21:38:24.494667+00"
"209","Atreides Rapier Schematic","Longer Atreides Melee Weapon","[""Items.ExcludeFromExchange"",""Items.ExcludeFromPlayerSellingToVendor"",""Items.ExcludeFromPlayerBuyingFromVendor"",""Items.ExcludeFromLootSystem"",""Items.NotCustomizable""]","2026-02-25 21:38:24.494667+00"
"210","Atreides Recruit Jacket","A formal jacket worn by Atreides recruits","[""Items.ExcludeFromExchange"",""Items.ExcludeFromPlayerSellingToVendor"",""Items.ExcludeFromPlayerBuyingFromVendor"",""Items.ExcludeFromLootSystem"",""Items.NotCustomizable""]","2026-02-25 21:38:24.494667+00"
"211","Atreides Scout Boots","Standard-issue boots for Atreides scouts on Arrakis","[""Items.ExcludeFromExchange"",""Items.ExcludeFromPlayerSellingToVendor"",""Items.ExcludeFromPlayerBuyingFromVendor"",""Items.ExcludeFromLootSystem"",""Items.NotCustomizable""]","2026-02-25 21:38:24.494667+00"
"212","Atreides Scout Chestpiece","Standard-issue chest armor for Atreides scouts on Arrakis","[""Items.ExcludeFromExchange"",""Items.ExcludeFromPlayerSellingToVendor"",""Items.ExcludeFromPlayerBuyingFromVendor"",""Items.ExcludeFromLootSystem"",""Items.NotCustomizable""]","2026-02-25 21:38:24.494667+00"
"213","Atreides Scout Gloves","Standard-issue gloves for Atreides scouts on Arrakis","[""Items.ExcludeFromExchange"",""Items.ExcludeFromPlayerSellingToVendor"",""Items.ExcludeFromPlayerBuyingFromVendor"",""Items.ExcludeFromLootSystem"",""Items.NotCustomizable""]","2026-02-25 21:38:24.494667+00"
"214","Atreides Scout Helmet","Standard-issue helmet for Atreides scouts on Arrakis","[""Items.ExcludeFromExchange"",""Items.ExcludeFromPlayerSellingToVendor"",""Items.ExcludeFromPlayerBuyingFromVendor"",""Items.ExcludeFromLootSystem"",""Items.NotCustomizable""]","2026-02-25 21:38:24.494667+00"
"215","Atreides Scout Pants","Standard-issue pants for Atreides scouts on Arrakis","[""Items.ExcludeFromExchange"",""Items.ExcludeFromPlayerSellingToVendor"",""Items.ExcludeFromPlayerBuyingFromVendor"",""Items.ExcludeFromLootSystem"",""Items.NotCustomizable""]","2026-02-25 21:38:24.494667+00"
"216","Atreides Short Sword Schematic","Schematic for an Atreides Short Sword","[""Items.ExcludeFromExchange"",""Items.ExcludeFromPlayerSellingToVendor"",""Items.ExcludeFromPlayerBuyingFromVendor"",""Items.ExcludeFromLootSystem"",""Items.NotCustomizable""]","2026-02-25 21:38:24.494667+00"
"217","Atreides Shortsword","Longer Atreides Melee Weapon","[""Items.ExcludeFromExchange"",""Items.ExcludeFromPlayerSellingToVendor"",""Items.ExcludeFromPlayerBuyingFromVendor"",""Items.ExcludeFromLootSystem"",""Items.NotCustomizable""]","2026-02-25 21:38:24.494667+00"
"218","Atreides Soldier Jacket","A formal jacket worn by Atreides soldiers","[""Items.ExcludeFromExchange"",""Items.ExcludeFromPlayerSellingToVendor"",""Items.ExcludeFromPlayerBuyingFromVendor"",""Items.ExcludeFromLootSystem"",""Items.NotCustomizable""]","2026-02-25 21:38:24.494667+00"
"219","Atreides Stronghold","Atreides style permanent building set","[""Items.Consumables.BuildableSets"",""Items.Faction.Atreides.Tier2"",""Items.ExcludeFromExchange""]","2026-02-25 21:38:24.494667+00"
"220","Atreides Troop Miniature","","[""Items.Consumables.BuildableSets"",""Items.ExcludeFromLootSystem"",""Items.ExcludeFromExchange""]","2026-02-25 21:38:24.494667+00"
"221","Atreides Wall Banner Schematic","Schematic for an Atreides Wall Banner","[""Items.ExcludeFromExchange"",""Items.ExcludeFromPlayerSellingToVendor"",""Items.ExcludeFromPlayerBuyingFromVendor"",""Items.ExcludeFromLootSystem"",""Items.NotCustomizable""]","2026-02-25 21:38:24.494667+00"
"222","AtreidesDeserter Schematic","Learnable Schematic","[""Items.ExcludeFromExchange"",""Items.ExcludeFromPlayerSellingToVendor"",""Items.ExcludeFromPlayerBuyingFromVendor"",""Items.ExcludeFromLootSystem"",""Items.NotCustomizable""]","2026-02-25 21:38:24.494667+00"
"223","Automated Poison Snooper","An old piece of imperial technology. It should fetch a good price on the black market.","[""Items.ExcludeFromExchange"",""Items.Contract"",""Items.ActorBoundItem""]","2026-02-25 21:38:24.494667+00"
"224","Ballistic Weave Fabric","A crafting component found in the Deep Desert.","[""Items.CraftedResources"",""LootTier.6"",""Loot.Component"",""Items.ExcludeFromLootSystem""]","2026-02-25 21:38:24.494667+00"
"225","Ballistic Weave Fabric Schematic","N/A","[""Items.ExcludeFromExchange"",""Items.ExcludeFromPlayerSellingToVendor"",""Items.ExcludeFromPlayerBuyingFromVendor"",""Items.ExcludeFromLootSystem"",""Items.NotCustomizable""]","2026-02-25 21:38:24.494667+00"
"226","Bandit Heavy Boots","A bandit's heavy boots","[""Items.ExcludeFromExchange"",""Items.ExcludeFromPlayerSellingToVendor"",""Items.ExcludeFromPlayerBuyingFromVendor"",""Items.ExcludeFromLootSystem"",""Items.NotCustomizable""]","2026-02-25 21:38:24.494667+00"
"227","Bandit Heavy Gauntlets","A bandit's heavy gauntlets","[""Items.ExcludeFromExchange"",""Items.ExcludeFromPlayerSellingToVendor"",""Items.ExcludeFromPlayerBuyingFromVendor"",""Items.ExcludeFromLootSystem"",""Items.NotCustomizable""]","2026-02-25 21:38:24.494667+00"
"228","Bandit Heavy Shell","A bandit's heavy shell","[""Items.ExcludeFromExchange"",""Items.ExcludeFromPlayerSellingToVendor"",""Items.ExcludeFromPlayerBuyingFromVendor"",""Items.ExcludeFromLootSystem"",""Items.NotCustomizable""]","2026-02-25 21:38:24.494667+00"
"229","BanditHeavyShell Schematic","Learnable Schematic","[""Items.ExcludeFromExchange"",""Items.ExcludeFromPlayerSellingToVendor"",""Items.ExcludeFromPlayerBuyingFromVendor"",""Items.ExcludeFromLootSystem"",""Items.NotCustomizable""]","2026-02-25 21:38:24.494667+00"
"230","Basalt Stone","Base material for plastone.","[""Items.RawResources"",""LootTier.4"",""Items.ExcludeFromLootSystem""]","2026-02-25 21:38:24.494667+00"
"231","Base Hand Scanner Schematic","All purpose hand-held scanner","[""Items.ExcludeFromExchange"",""Items.ExcludeFromPlayerSellingToVendor"",""Items.ExcludeFromPlayerBuyingFromVendor"",""Items.ExcludeFromLootSystem"",""Items.NotCustomizable""]","2026-02-25 21:38:24.494667+00"
"232","Bashar's Command","A Vulcan gun with expanded dart capacity.","[""Items.Holsters.RangedWeapons.Heavy.LMG"",""LootTier.6"",""Rarity.Rare""]","2026-02-25 21:38:24.494667+00"
"233","Bashar's Command Schematic","Schematic for a Vulcan gun with expanded dart capacity.","[""Items.Schematics.RangedWeapons.Heavy.Rifle"",""LootTier.6"",""Rarity.Rare"",""LootPool.2""]","2026-02-25 21:38:24.494667+00"
"234","Basic Cutterray Schematic","Low-power laser used to mine resources","[""Items.ExcludeFromExchange"",""Items.ExcludeFromPlayerSellingToVendor"",""Items.ExcludeFromPlayerBuyingFromVendor"",""Items.ExcludeFromLootSystem"",""Items.NotCustomizable""]","2026-02-25 21:38:24.494667+00"
"235","Basic Furniture Patent","A set of basic furniture","[""Items.ExcludeFromExchange"",""Items.ExcludeFromPlayerSellingToVendor"",""Items.ExcludeFromPlayerBuyingFromVendor"",""Items.ExcludeFromLootSystem"",""Items.NotCustomizable""]","2026-02-25 21:38:24.494667+00"
"236","Basic Lighting","A set of basic lights","[""Items.Consumables.BuildableSets"",""LootTier.0"",""Items.ExcludeFromLootSystem"",""Items.ExcludeFromExchange""]","2026-02-25 21:38:24.494667+00"
"237","Basic Rifle Hitscan","Debug Weapon","[""Items.ExcludeFromExchange"",""Items.ExcludeFromPlayerSellingToVendor"",""Items.ExcludeFromPlayerBuyingFromVendor"",""Items.ExcludeFromLootSystem"",""Items.NotCustomizable""]","2026-02-25 21:38:24.494667+00"
"238","Basic Rifle Projectile","Debug Weapon","[""Items.ExcludeFromExchange"",""Items.ExcludeFromPlayerSellingToVendor"",""Items.ExcludeFromPlayerBuyingFromVendor"",""Items.ExcludeFromLootSystem"",""Items.NotCustomizable""]","2026-02-25 21:38:24.494667+00"
"239","Batigh Stillsuit Boots","Stillsuit boots designed for improved efficiency.","[""Items.Clothes.Stillsuit.Feet"",""LootTier.5"",""Rarity.Rare"",""Items.ExcludeFromLootSystem""]","2026-02-25 21:38:24.494667+00"
"240","Batigh Stillsuit Boots Schematic","Schematic for stillsuit boots designed for improved efficiency.","[""Items.Schematics.Clothes.Stillsuit"",""LootTier.5"",""Rarity.Rare"",""LootPool.2""]","2026-02-25 21:38:24.494667+00"
"241","Batigh Stillsuit Garment","Stillsuit garment designed for improved efficiency.","[""Items.Clothes.Stillsuit.Torso"",""LootTier.5"",""Rarity.Rare"",""Items.ExcludeFromLootSystem""]","2026-02-25 21:38:24.494667+00"
"242","Batigh Stillsuit Garment Schematic","Schematic for a stillsuit garment designed for improved efficiency.","[""Items.Schematics.Clothes.Stillsuit"",""LootTier.5"",""Rarity.Rare"",""LootPool.2""]","2026-02-25 21:38:24.494667+00"
"243","Batigh Stillsuit Gloves","Stillsuit gloves designed for improved efficiency.","[""Items.Clothes.Stillsuit.Hands"",""LootTier.5"",""Rarity.Rare"",""Items.ExcludeFromLootSystem""]","2026-02-25 21:38:24.494667+00"
"244","Batigh Stillsuit Gloves Schematic","Schematic for stillsuit gloves designed for improved efficiency.","[""Items.Schematics.Clothes.Stillsuit"",""LootTier.5"",""Rarity.Rare"",""LootPool.2""]","2026-02-25 21:38:24.494667+00"
"245","Batigh Stillsuit Mask","Stillsuit mask designed for improved efficiency.","[""Items.Clothes.Stillsuit.Head"",""LootTier.5"",""Rarity.Rare"",""Items.ExcludeFromLootSystem""]","2026-02-25 21:38:24.494667+00"
"246","Batigh Stillsuit Mask Schematic","Schematic for a stillsuit mask designed for improved efficiency.","[""Items.Schematics.Clothes.Stillsuit"",""LootTier.5"",""Rarity.Rare"",""LootPool.2""]","2026-02-25 21:38:24.494667+00"
"247","Battered Spice Package","A small package marked with the Harkonnen seal.","[""Contract.Target.Item"",""Items.ExcludeFromExchange"",""Items.Contract""]","2026-02-25 21:38:24.494667+00"
"248","BattleRifle2 Schematic","Learnable Schematic","[""Items.ExcludeFromExchange"",""Items.ExcludeFromPlayerSellingToVendor"",""Items.ExcludeFromPlayerBuyingFromVendor"",""Items.ExcludeFromLootSystem"",""Items.NotCustomizable""]","2026-02-25 21:38:24.494667+00"
"249","Beam Modulator","A lasgun component.","[""Contract.Target.Item"",""Items.ExcludeFromExchange"",""Items.Contract""]","2026-02-25 21:38:24.494667+00"
"250","Bench","","[""Items.Consumables.BuildableSets"",""Items.ExcludeFromLootSystem"",""Items.ExcludeFromExchange""]","2026-02-25 21:38:24.494667+00"
"251","Bene Gesserit Armor Set","Armor Container.","[""Items.ExcludeFromExchange""]","2026-02-25 21:38:24.494667+00"
"252","Bene Gesserit Light Armor Set Schematic","A schematic set for the Bene Gesserit Unique Armor","[""Items.ExcludeFromExchange"",""Items.ExcludeFromPlayerSellingToVendor"",""Items.ExcludeFromPlayerBuyingFromVendor"",""Items.ExcludeFromLootSystem"",""Items.NotCustomizable""]","2026-02-25 21:38:24.494667+00"
"253","BeneGesseritVestments Schematic","Learnable Schematic","[""Items.ExcludeFromExchange"",""Items.ExcludeFromPlayerSellingToVendor"",""Items.ExcludeFromPlayerBuyingFromVendor"",""Items.ExcludeFromLootSystem"",""Items.NotCustomizable""]","2026-02-25 21:38:24.494667+00"
"254","Bigger Buggy Boot Mk3","A larger storage space for the buggy","[""Items.Holsters.Deployables.VehicleExtra.BuggyChoam"",""LootTier.3"",""Rarity.Rare"",""Items.ExcludeFromExchange"",""Items.NotCustomizable""]","2026-02-25 21:38:24.494667+00"
"255","Bigger Buggy Boot Mk3 Schematic","Schematic for a larger storage space for the buggy.","[""Items.Schematics.Deployables.VehicleExtra.BuggyChoam"",""LootTier.3"",""Rarity.Rare"",""LootPool.3""]","2026-02-25 21:38:24.494667+00"
"256","Bigger Buggy Boot Mk4","A larger storage space for the buggy","[""Items.Holsters.Deployables.VehicleExtra.BuggyChoam"",""LootTier.4"",""Rarity.Rare"",""Items.ExcludeFromExchange"",""Items.NotCustomizable""]","2026-02-25 21:38:24.494667+00"
"257","Bigger Buggy Boot Mk4 Schematic","Schematic for a larger storage space for the buggy.","[""Items.Schematics.Deployables.VehicleExtra.BuggyChoam"",""LootTier.4"",""Rarity.Rare"",""LootPool.3""]","2026-02-25 21:38:24.494667+00"
"258","Bigger Buggy Boot Mk5","A larger storage space for the buggy","[""Items.Holsters.Deployables.VehicleExtra.BuggyChoam"",""LootTier.5"",""Rarity.Rare"",""Items.ExcludeFromExchange"",""Items.NotCustomizable""]","2026-02-25 21:38:24.494667+00"
"259","Bigger Buggy Boot Mk5 Schematic","Schematic for a larger storage space for the buggy.","[""Items.Schematics.Deployables.VehicleExtra.BuggyChoam"",""LootTier.5"",""Rarity.Rare"",""LootPool.3""]","2026-02-25 21:38:24.494667+00"
"260","Bigger Buggy Boot Mk6","A larger storage space for the buggy","[""Items.Holsters.Deployables.VehicleExtra.BuggyChoam"",""LootTier.6"",""Rarity.Rare"",""Items.ExcludeFromExchange"",""Items.NotCustomizable""]","2026-02-25 21:38:24.494667+00"
"261","Bigger Buggy Boot Mk6 Schematic","Schematic for a larger storage space for the buggy.","[""Items.Schematics.Deployables.VehicleExtra.BuggyChoam"",""LootTier.6"",""Rarity.Rare"",""LootPool.3""]","2026-02-25 21:38:24.494667+00"
"262","Binoculars","Device to see things at a great distance.","[""Items.Holsters.CartographyTools"",""LootTier.0"",""Items.NotCustomizable""]","2026-02-25 21:38:24.494667+00"
"263","Binoculars Schematic","Binoculars Short Desc","[""Items.ExcludeFromExchange"",""Items.ExcludeFromPlayerSellingToVendor"",""Items.ExcludeFromPlayerBuyingFromVendor"",""Items.ExcludeFromLootSystem"",""Items.NotCustomizable""]","2026-02-25 21:38:24.494667+00"
"264","Black Market K-28 Lasgun","A heavily modified and customized lasgun.","[""Items.Holsters.RangedWeapons.Heavy.Lasgun"",""LootTier.6"",""Rarity.Rare""]","2026-02-25 21:38:24.494667+00"
"265","Black Market K-28 Lasgun Schematic","Schematic for a heavily modified and customized lasgun.","[""Items.Schematics.RangedWeapons.Exotic"",""LootTier.6"",""Rarity.Rare"",""LootPool.2""]","2026-02-25 21:38:24.494667+00"
"266","Blade Parts","A fabrication component found in loot.","[""Items.CraftedResources"",""LootTier.2"",""Loot.Component"",""Items.ExcludeFromLootSystem""]","2026-02-25 21:38:24.494667+00"
"267","Blade2 Schematic","Learnable Schematic","[""Items.ExcludeFromExchange"",""Items.ExcludeFromPlayerSellingToVendor"",""Items.ExcludeFromPlayerBuyingFromVendor"",""Items.ExcludeFromLootSystem"",""Items.NotCustomizable""]","2026-02-25 21:38:24.494667+00"
"268","Blank Sinkchart","A blank sinkchart.","[""Items.Maps"",""LootTier.2"",""Items.ExcludeFromExchange"",""Items.ExcludeFromLootSystem""]","2026-02-25 21:38:24.494667+00"
"269","Blood Extractor Mk2","Tool used to extract blood from defeated enemies.","[""Items.Holsters.HydrationTools"",""LootTier.2"",""Loot.Fremen"",""Items.NotCustomizable""]","2026-02-25 21:38:24.494667+00"
"270","Blood Extractor Mk4","Tool used to extract blood from defeated enemies.","[""Items.Holsters.HydrationTools"",""LootTier.4"",""Loot.Fremen"",""Items.NotCustomizable""]","2026-02-25 21:38:24.494667+00"
"271","Blood Extractor Mk6","Tool used to extract blood from defeated enemies.","[""Items.Holsters.HydrationTools"",""LootTier.6"",""Loot.Fremen"",""Items.NotCustomizable""]","2026-02-25 21:38:24.494667+00"
"272","Bloodied Letter","A crumpled reminder, blood-soaked and barely legible.","[""Contract.Target.Item"",""Items.ExcludeFromExchange"",""Items.Contract""]","2026-02-25 21:38:24.494667+00"
"273","Bloody eyeball","Bloody eyeball taken from Ixian crewman","[""Items.ExcludeFromExchange"",""Items.Contract""]","2026-02-25 21:38:24.494667+00"
"274","Bluddshot Buggy Engine Mk3","An engine that runs hot, but fast","[""Items.Holsters.Deployables.VehicleBase.BuggyChoam"",""LootTier.3"",""Rarity.Rare"",""Items.NotCustomizable""]","2026-02-25 21:38:24.494667+00"
"275","Bluddshot Buggy Engine Mk3 Schematic","Schematic for an engine that runs hot, but fast.","[""Items.Schematics.Deployables.VehicleBase.BuggyChoam"",""LootTier.3"",""Rarity.Rare"",""LootPool.3""]","2026-02-25 21:38:24.494667+00"
"276","Bluddshot Buggy Engine Mk4","An engine that runs hot, but fast","[""Items.Holsters.Deployables.VehicleBase.BuggyChoam"",""LootTier.4"",""Rarity.Rare"",""Items.NotCustomizable""]","2026-02-25 21:38:24.494667+00"
"277","Bluddshot Buggy Engine Mk4 Schematic","Schematic for an engine that runs hot, but fast.","[""Items.Schematics.Deployables.VehicleBase.BuggyChoam"",""LootTier.4"",""Rarity.Rare"",""LootPool.3""]","2026-02-25 21:38:24.494667+00"
"278","Bluddshot Buggy Engine Mk5","An engine that runs hot, but fast","[""Items.Holsters.Deployables.VehicleBase.BuggyChoam"",""LootTier.5"",""Rarity.Rare"",""Items.NotCustomizable""]","2026-02-25 21:38:24.494667+00"
"279","Bluddshot Buggy Engine Mk5 Schematic","Schematic for an engine that runs hot, but fast.","[""Items.Schematics.Deployables.VehicleBase.BuggyChoam"",""LootTier.5"",""Rarity.Rare"",""LootPool.3""]","2026-02-25 21:38:24.494667+00"
"280","Bluddshot Buggy Engine Mk6","An engine that runs hot, but fast","[""Items.Holsters.Deployables.VehicleBase.BuggyChoam"",""LootTier.6"",""Rarity.Rare"",""Items.NotCustomizable""]","2026-02-25 21:38:24.494667+00"
"281","Bluddshot Buggy Engine Mk6 Schematic","Schematic for an engine that runs hot, but fast.","[""Items.Schematics.Deployables.VehicleBase.BuggyChoam"",""LootTier.6"",""Rarity.Rare"",""LootPool.3""]","2026-02-25 21:38:24.494667+00"
"282","Bonsai Tree","","[""Items.Consumables.BuildableSets"",""Items.ExcludeFromLootSystem"",""Items.ExcludeFromExchange""]","2026-02-25 21:38:24.494667+00"
"283","Bookshelf Wall","TBD","[""Items.Consumables.BuildableSets"",""LootTier.1"",""Items.ExcludeFromLootSystem"",""Items.ExcludeFromExchange""]","2026-02-25 21:38:24.494667+00"
"284","Boots of the Sisterhood","A Unique Bene Gesserit Boots.","[""Items.ExcludeFromPlayerSellingToVendor"",""Items.ExcludeFromPlayerBuyingFromVendor"",""Items.ExcludeFromLootSystem"",""Items.ExcludeFromExchange""]","2026-02-25 21:38:24.494667+00"
"285","Braided Plasteel Microflora Fiber","A Great House component used in fabrication","[""Items.ExcludeFromExchange"",""Items.ExcludeFromPlayerSellingToVendor"",""Items.ExcludeFromPlayerBuyingFromVendor"",""Items.ExcludeFromLootSystem"",""Items.NotCustomizable""]","2026-02-25 21:38:24.494667+00"
"286","Broken Crysknife Hilt","A broken piece of a crysknife","[""Contract.Target.Item"",""Items.ExcludeFromExchange"",""Items.Contract""]","2026-02-25 21:38:24.494667+00"
"287","Buggy Armored Treads 2 Schematic","Armored treads for the CHOAM Buggy","[""Items.ExcludeFromExchange"",""Items.ExcludeFromPlayerSellingToVendor"",""Items.ExcludeFromPlayerBuyingFromVendor"",""Items.ExcludeFromLootSystem"",""Items.NotCustomizable""]","2026-02-25 21:38:24.494667+00"
"288","Buggy Armored Turret Back Hull 2 Schematic","An armored hull and turret for the CHOAM Buggy","[""Items.ExcludeFromExchange"",""Items.ExcludeFromPlayerSellingToVendor"",""Items.ExcludeFromPlayerBuyingFromVendor"",""Items.ExcludeFromLootSystem"",""Items.NotCustomizable""]","2026-02-25 21:38:24.494667+00"
"289","Buggy Back Hull Schematic","Standard back hull for the CHOAM Buggy","[""Items.ExcludeFromExchange"",""Items.ExcludeFromPlayerSellingToVendor"",""Items.ExcludeFromPlayerBuyingFromVendor"",""Items.ExcludeFromLootSystem"",""Items.NotCustomizable""]","2026-02-25 21:38:24.494667+00"
"290","Buggy Back Inventory 2 Schematic","An inventory module for the CHOAM Buggy","[""Items.ExcludeFromExchange"",""Items.ExcludeFromPlayerSellingToVendor"",""Items.ExcludeFromPlayerBuyingFromVendor"",""Items.ExcludeFromLootSystem"",""Items.NotCustomizable""]","2026-02-25 21:38:24.494667+00"
"291","Buggy Back Inventory 2 Schematic","An inventory module for the CHOAM Buggy","[""Items.ExcludeFromExchange"",""Items.ExcludeFromPlayerSellingToVendor"",""Items.ExcludeFromPlayerBuyingFromVendor"",""Items.ExcludeFromLootSystem"",""Items.NotCustomizable""]","2026-02-25 21:38:24.494667+00"
"292","Buggy Booster Mk3","Adds a boost ability to the Buggy.","[""Items.Holsters.Deployables.VehicleExtra.BuggyChoam"",""LootTier.3"",""Loot.OldImperial"",""Items.NotCustomizable""]","2026-02-25 21:38:24.494667+00"
"293","Buggy Booster Mk4","Adds a boost ability to the Buggy.","[""Items.Holsters.Deployables.VehicleExtra.BuggyChoam"",""LootTier.4"",""Loot.OldImperial"",""Items.NotCustomizable""]","2026-02-25 21:38:24.494667+00"
"294","Buggy Booster Mk5","Adds a boost ability to the Buggy.","[""Items.Holsters.Deployables.VehicleExtra.BuggyChoam"",""LootTier.5"",""Loot.OldImperial"",""Items.NotCustomizable""]","2026-02-25 21:38:24.494667+00"
"295","Buggy Booster Mk6","Adds a boost ability to the Buggy.","[""Items.Holsters.Deployables.VehicleExtra.BuggyChoam"",""LootTier.6"",""Loot.OldImperial"",""Items.NotCustomizable""]","2026-02-25 21:38:24.494667+00"
"296","Buggy Booster Mk7","Adds a boost ability to the Buggy.","[""Items.ExcludeFromExchange"",""Items.ExcludeFromPlayerSellingToVendor"",""Items.ExcludeFromPlayerBuyingFromVendor"",""Items.ExcludeFromLootSystem"",""Items.NotCustomizable""]","2026-02-25 21:38:24.494667+00"
"297","Buggy Booster Mk8","Adds a boost ability to the Buggy.","[""Items.ExcludeFromExchange"",""Items.ExcludeFromPlayerSellingToVendor"",""Items.ExcludeFromPlayerBuyingFromVendor"",""Items.ExcludeFromLootSystem"",""Items.NotCustomizable""]","2026-02-25 21:38:24.494667+00"
"298","Buggy Booster Mk9","Adds a boost ability to the Buggy.","[""Items.ExcludeFromExchange"",""Items.ExcludeFromPlayerSellingToVendor"",""Items.ExcludeFromPlayerBuyingFromVendor"",""Items.ExcludeFromLootSystem"",""Items.NotCustomizable""]","2026-02-25 21:38:24.494667+00"
"299","Buggy Chassis Mk3","Defines the fuel capacity of the vehicle.","[""Items.Holsters.Deployables.VehicleBase.BuggyChoam"",""LootTier.3"",""Loot.OldImperial"",""Items.ExcludeFromLootSystem"",""Items.NotCustomizable""]","2026-02-25 21:38:24.494667+00"
"300","Buggy Chassis Mk4","Defines the fuel capacity of the vehicle.","[""Items.Holsters.Deployables.VehicleBase.BuggyChoam"",""LootTier.4"",""Loot.OldImperial"",""Items.ExcludeFromLootSystem"",""Items.NotCustomizable""]","2026-02-25 21:38:24.494667+00"
"301","Buggy Chassis Mk5","Defines the fuel capacity of the vehicle.","[""Items.Holsters.Deployables.VehicleBase.BuggyChoam"",""LootTier.5"",""Loot.OldImperial"",""Items.ExcludeFromLootSystem"",""Items.NotCustomizable""]","2026-02-25 21:38:24.494667+00"
"302","Buggy Chassis Mk6","Defines the fuel capacity of the vehicle.","[""Items.Holsters.Deployables.VehicleBase.BuggyChoam"",""LootTier.6"",""Loot.OldImperial"",""Items.ExcludeFromLootSystem"",""Items.NotCustomizable""]","2026-02-25 21:38:24.494667+00"
"303","Buggy Chassis Mk7","Defines the fuel capacity of the vehicle.","[""Items.ExcludeFromExchange"",""Items.ExcludeFromPlayerSellingToVendor"",""Items.ExcludeFromPlayerBuyingFromVendor"",""Items.ExcludeFromLootSystem"",""Items.NotCustomizable""]","2026-02-25 21:38:24.494667+00"
"304","Buggy Chassis Mk8","Defines the fuel capacity of the vehicle.","[""Items.ExcludeFromExchange"",""Items.ExcludeFromPlayerSellingToVendor"",""Items.ExcludeFromPlayerBuyingFromVendor"",""Items.ExcludeFromLootSystem"",""Items.NotCustomizable""]","2026-02-25 21:38:24.494667+00"
"305","Buggy Chassis Mk9","Defines the fuel capacity of the vehicle.","[""Items.ExcludeFromExchange"",""Items.ExcludeFromPlayerSellingToVendor"",""Items.ExcludeFromPlayerBuyingFromVendor"",""Items.ExcludeFromLootSystem"",""Items.NotCustomizable""]","2026-02-25 21:38:24.494667+00"
"306","Buggy Chassis Schematic","Standard chassis for the CHOAM Buggy","[""Items.ExcludeFromExchange"",""Items.ExcludeFromPlayerSellingToVendor"",""Items.ExcludeFromPlayerBuyingFromVendor"",""Items.ExcludeFromLootSystem"",""Items.NotCustomizable""]","2026-02-25 21:38:24.494667+00"
"307","Buggy Cutteray Mk3","Adds a mining turret to the Buggy.","[""Items.Holsters.Deployables.VehicleExtra.BuggyChoam"",""LootTier.3"",""Loot.OldImperial"",""Items.ExcludeFromPlayerBuyingFromVendor"",""Items.NotCustomizable""]","2026-02-25 21:38:24.494667+00"
"308","Buggy Cutteray Mk4","Adds a mining turret to the Buggy.","[""Items.Holsters.Deployables.VehicleExtra.BuggyChoam"",""LootTier.4"",""Loot.OldImperial"",""Items.ExcludeFromPlayerBuyingFromVendor"",""Items.NotCustomizable""]","2026-02-25 21:38:24.494667+00"
"309","Buggy Cutteray Mk5","Adds a mining turret to the Buggy.","[""Items.Holsters.Deployables.VehicleExtra.BuggyChoam"",""LootTier.5"",""Loot.OldImperial"",""Items.ExcludeFromPlayerBuyingFromVendor"",""Items.NotCustomizable""]","2026-02-25 21:38:24.494667+00"
"310","Buggy Cutteray Mk6","Adds a mining turret to the Buggy.","[""Items.Holsters.Deployables.VehicleExtra.BuggyChoam"",""LootTier.6"",""Loot.OldImperial"",""Items.ExcludeFromPlayerBuyingFromVendor"",""Items.NotCustomizable""]","2026-02-25 21:38:24.494667+00"
"311","Buggy Engine Mk3","Defines the acceleration and speed of the Buggy.","[""Items.Holsters.Deployables.VehicleBase.BuggyChoam"",""LootTier.3"",""Loot.OldImperial"",""Items.NotCustomizable""]","2026-02-25 21:38:24.494667+00"
"312","Buggy Engine Mk4","Defines the acceleration and speed of the Buggy.","[""Items.Holsters.Deployables.VehicleBase.BuggyChoam"",""LootTier.4"",""Loot.OldImperial"",""Items.NotCustomizable""]","2026-02-25 21:38:24.494667+00"
"313","Buggy Engine Mk5","Defines the acceleration and speed of the Buggy.","[""Items.Holsters.Deployables.VehicleBase.BuggyChoam"",""LootTier.5"",""Loot.OldImperial"",""Items.NotCustomizable""]","2026-02-25 21:38:24.494667+00"
"314","Buggy Engine Mk6","Defines the acceleration and speed of the Buggy.","[""Items.Holsters.Deployables.VehicleBase.BuggyChoam"",""LootTier.6"",""Loot.OldImperial"",""Items.NotCustomizable""]","2026-02-25 21:38:24.494667+00"
"315","Buggy Engine Mk7","Defines the acceleration and speed of the Buggy.","[""Items.ExcludeFromExchange"",""Items.ExcludeFromPlayerSellingToVendor"",""Items.ExcludeFromPlayerBuyingFromVendor"",""Items.ExcludeFromLootSystem"",""Items.NotCustomizable""]","2026-02-25 21:38:24.494667+00"
"316","Buggy Engine Mk8","Defines the acceleration and speed of the Buggy.","[""Items.ExcludeFromExchange"",""Items.ExcludeFromPlayerSellingToVendor"",""Items.ExcludeFromPlayerBuyingFromVendor"",""Items.ExcludeFromLootSystem"",""Items.NotCustomizable""]","2026-02-25 21:38:24.494667+00"
"317","Buggy Engine Mk9","Defines the acceleration and speed of the Buggy.","[""Items.ExcludeFromExchange"",""Items.ExcludeFromPlayerSellingToVendor"",""Items.ExcludeFromPlayerBuyingFromVendor"",""Items.ExcludeFromLootSystem"",""Items.NotCustomizable""]","2026-02-25 21:38:24.494667+00"
"318","Buggy Engine Schematic","Standard engine for the CHOAM Buggy","[""Items.ExcludeFromExchange"",""Items.ExcludeFromPlayerSellingToVendor"",""Items.ExcludeFromPlayerBuyingFromVendor"",""Items.ExcludeFromLootSystem"",""Items.NotCustomizable""]","2026-02-25 21:38:24.494667+00"
"319","Buggy Exploration Treads 2 Schematic","Specialized treads for the CHOAM Buggy","[""Items.ExcludeFromExchange"",""Items.ExcludeFromPlayerSellingToVendor"",""Items.ExcludeFromPlayerBuyingFromVendor"",""Items.ExcludeFromLootSystem"",""Items.NotCustomizable""]","2026-02-25 21:38:24.494667+00"
"320","Buggy Front Hull Schematic","Standard front hull for the CHOAM Buggy","[""Items.ExcludeFromExchange"",""Items.ExcludeFromPlayerSellingToVendor"",""Items.ExcludeFromPlayerBuyingFromVendor"",""Items.ExcludeFromLootSystem"",""Items.NotCustomizable""]","2026-02-25 21:38:24.494667+00"
"321","Buggy Fuel Efficient Chassis 2 Schematic","A fuel efficient chassis for the CHOAM Buggy","[""Items.ExcludeFromExchange"",""Items.ExcludeFromPlayerSellingToVendor"",""Items.ExcludeFromPlayerBuyingFromVendor"",""Items.ExcludeFromLootSystem"",""Items.NotCustomizable""]","2026-02-25 21:38:24.494667+00"
"322","Buggy Fuel Efficient Chassis 2 Schematic","A fuel efficient chassis for the CHOAM Buggy","[""Items.ExcludeFromExchange"",""Items.ExcludeFromPlayerSellingToVendor"",""Items.ExcludeFromPlayerBuyingFromVendor"",""Items.ExcludeFromLootSystem"",""Items.NotCustomizable""]","2026-02-25 21:38:24.494667+00"
"323","Buggy Fuel Efficient PSU 2 Schematic","A fuel efficient PSU for the CHOAM Buggy","[""Items.ExcludeFromExchange"",""Items.ExcludeFromPlayerSellingToVendor"",""Items.ExcludeFromPlayerBuyingFromVendor"",""Items.ExcludeFromLootSystem"",""Items.NotCustomizable""]","2026-02-25 21:38:24.494667+00"
"324","Buggy Fuel Efficient PSU 2 Schematic","A fuel efficient PSU for the CHOAM Buggy","[""Items.ExcludeFromExchange"",""Items.ExcludeFromPlayerSellingToVendor"",""Items.ExcludeFromPlayerBuyingFromVendor"",""Items.ExcludeFromLootSystem"",""Items.NotCustomizable""]","2026-02-25 21:38:24.494667+00"
"325","Buggy Hazard-Guard Back Hull Schematic","A hazard guarding back hull for the CHOAM Buggy","[""Items.ExcludeFromExchange"",""Items.ExcludeFromPlayerSellingToVendor"",""Items.ExcludeFromPlayerBuyingFromVendor"",""Items.ExcludeFromLootSystem"",""Items.NotCustomizable""]","2026-02-25 21:38:24.494667+00"
"326","Buggy Hazard-Guard Back Hull Schematic","A hazard guarding back hull for the CHOAM Buggy","[""Items.ExcludeFromExchange"",""Items.ExcludeFromPlayerSellingToVendor"",""Items.ExcludeFromPlayerBuyingFromVendor"",""Items.ExcludeFromLootSystem"",""Items.NotCustomizable""]","2026-02-25 21:38:24.494667+00"
"327","Buggy Hazard-Guard Front Hull Schematic","A hazard guarding front hull for the CHOAM Buggy","[""Items.ExcludeFromExchange"",""Items.ExcludeFromPlayerSellingToVendor"",""Items.ExcludeFromPlayerBuyingFromVendor"",""Items.ExcludeFromLootSystem"",""Items.NotCustomizable""]","2026-02-25 21:38:24.494667+00"
"328","Buggy Hazard-Guard Front Hull Schematic","A hazard guarding front hull for the CHOAM Buggy","[""Items.ExcludeFromExchange"",""Items.ExcludeFromPlayerSellingToVendor"",""Items.ExcludeFromPlayerBuyingFromVendor"",""Items.ExcludeFromLootSystem"",""Items.NotCustomizable""]","2026-02-25 21:38:24.494667+00"
"329","Buggy Hull Mk3","Comes with a driver and a passenger seat.","[""Items.Holsters.Deployables.VehicleBase.BuggyChoam"",""LootTier.3"",""Loot.OldImperial"",""Items.ExcludeFromLootSystem"",""Items.NotCustomizable""]","2026-02-25 21:38:24.494667+00"
"330","Buggy Hull Mk4","Comes with a driver and a passenger seat.","[""Items.Holsters.Deployables.VehicleBase.BuggyChoam"",""LootTier.4"",""Loot.OldImperial"",""Items.ExcludeFromLootSystem"",""Items.NotCustomizable""]","2026-02-25 21:38:24.494667+00"
"331","Buggy Hull Mk5","Comes with a driver and a passenger seat.","[""Items.Holsters.Deployables.VehicleBase.BuggyChoam"",""LootTier.5"",""Loot.OldImperial"",""Items.ExcludeFromLootSystem"",""Items.NotCustomizable""]","2026-02-25 21:38:24.494667+00"
"332","Buggy Hull Mk6","Comes with a driver and a passenger seat.","[""Items.Holsters.Deployables.VehicleBase.BuggyChoam"",""LootTier.6"",""Loot.OldImperial"",""Items.ExcludeFromLootSystem"",""Items.NotCustomizable""]","2026-02-25 21:38:24.494667+00"
"333","Buggy Hull Mk7","Comes with a driver and a passenger seat.","[""Items.ExcludeFromExchange"",""Items.ExcludeFromPlayerSellingToVendor"",""Items.ExcludeFromPlayerBuyingFromVendor"",""Items.ExcludeFromLootSystem"",""Items.NotCustomizable""]","2026-02-25 21:38:24.494667+00"
"334","Buggy Hull Mk8","Comes with a driver and a passenger seat.","[""Items.ExcludeFromExchange"",""Items.ExcludeFromPlayerSellingToVendor"",""Items.ExcludeFromPlayerBuyingFromVendor"",""Items.ExcludeFromLootSystem"",""Items.NotCustomizable""]","2026-02-25 21:38:24.494667+00"
"335","Buggy Hull Mk9","Comes with a driver and a passenger seat.","[""Items.ExcludeFromExchange"",""Items.ExcludeFromPlayerSellingToVendor"",""Items.ExcludeFromPlayerBuyingFromVendor"",""Items.ExcludeFromLootSystem"",""Items.NotCustomizable""]","2026-02-25 21:38:24.494667+00"
"336","Buggy Inventory Module 1 Schematic","Inventory module for the CHOAM Buggy","[""Items.ExcludeFromExchange"",""Items.ExcludeFromPlayerSellingToVendor"",""Items.ExcludeFromPlayerBuyingFromVendor"",""Items.ExcludeFromLootSystem"",""Items.NotCustomizable""]","2026-02-25 21:38:24.494667+00"
"337","Buggy Mining Turret 2 Schematic","A mining turret for the CHOAM Buggy","[""Items.ExcludeFromExchange"",""Items.ExcludeFromPlayerSellingToVendor"",""Items.ExcludeFromPlayerBuyingFromVendor"",""Items.ExcludeFromLootSystem"",""Items.NotCustomizable""]","2026-02-25 21:38:24.494667+00"
"338","Buggy Mining Turret 2 Schematic","A mining turret for the CHOAM Buggy","[""Items.ExcludeFromExchange"",""Items.ExcludeFromPlayerSellingToVendor"",""Items.ExcludeFromPlayerBuyingFromVendor"",""Items.ExcludeFromLootSystem"",""Items.NotCustomizable""]","2026-02-25 21:38:24.494667+00"
"339","Buggy PSU Mk3","Defines power efficiency and controls temperature.","[""Items.Holsters.Deployables.VehicleBase.BuggyChoam"",""LootTier.3"",""Loot.OldImperial"",""Items.NotCustomizable""]","2026-02-25 21:38:24.494667+00"
"340","Buggy PSU Mk4","Defines power efficiency and controls temperature.","[""Items.Holsters.Deployables.VehicleBase.BuggyChoam"",""LootTier.4"",""Loot.OldImperial"",""Items.NotCustomizable""]","2026-02-25 21:38:24.494667+00"
"341","Buggy PSU Mk5","Defines power efficiency and controls temperature.","[""Items.Holsters.Deployables.VehicleBase.BuggyChoam"",""LootTier.5"",""Loot.OldImperial"",""Items.NotCustomizable""]","2026-02-25 21:38:24.494667+00"
"342","Buggy PSU Mk6","Defines power efficiency and controls temperature.","[""Items.Holsters.Deployables.VehicleBase.BuggyChoam"",""LootTier.6"",""Loot.OldImperial"",""Items.NotCustomizable""]","2026-02-25 21:38:24.494667+00"
"343","Buggy PSU Mk7","Defines power efficiency and controls temperature.","[""Items.ExcludeFromExchange"",""Items.ExcludeFromPlayerSellingToVendor"",""Items.ExcludeFromPlayerBuyingFromVendor"",""Items.ExcludeFromLootSystem"",""Items.NotCustomizable""]","2026-02-25 21:38:24.494667+00"
"344","Buggy PSU Mk8","Defines power efficiency and controls temperature.","[""Items.ExcludeFromExchange"",""Items.ExcludeFromPlayerSellingToVendor"",""Items.ExcludeFromPlayerBuyingFromVendor"",""Items.ExcludeFromLootSystem"",""Items.NotCustomizable""]","2026-02-25 21:38:24.494667+00"
"345","Buggy PSU Mk9","Defines power efficiency and controls temperature.","[""Items.ExcludeFromExchange"",""Items.ExcludeFromPlayerSellingToVendor"",""Items.ExcludeFromPlayerBuyingFromVendor"",""Items.ExcludeFromLootSystem"",""Items.NotCustomizable""]","2026-02-25 21:38:24.494667+00"
"346","Buggy PSU Schematic","Standard PSU for the CHOAM Buggy","[""Items.ExcludeFromExchange"",""Items.ExcludeFromPlayerSellingToVendor"",""Items.ExcludeFromPlayerBuyingFromVendor"",""Items.ExcludeFromLootSystem"",""Items.NotCustomizable""]","2026-02-25 21:38:24.494667+00"
"347","Buggy Rear Mk3","Comes with two passenger seats and one utility slot.","[""Items.Holsters.Deployables.VehicleBase.BuggyChoam"",""LootTier.3"",""Loot.OldImperial"",""Items.ExcludeFromLootSystem"",""Items.NotCustomizable""]","2026-02-25 21:38:24.494667+00"
"348","Buggy Rear Mk4","Comes with two passenger seats and one utility slot.","[""Items.Holsters.Deployables.VehicleBase.BuggyChoam"",""LootTier.4"",""Loot.OldImperial"",""Items.ExcludeFromLootSystem"",""Items.NotCustomizable""]","2026-02-25 21:38:24.494667+00"
"349","Buggy Rear Mk5","Comes with two passenger seats and one utility slot.","[""Items.Holsters.Deployables.VehicleBase.BuggyChoam"",""LootTier.5"",""Loot.OldImperial"",""Items.ExcludeFromLootSystem"",""Items.NotCustomizable""]","2026-02-25 21:38:24.494667+00"
"350","Buggy Rear Mk6","Comes with two passenger seats and one utility slot.","[""Items.Holsters.Deployables.VehicleBase.BuggyChoam"",""LootTier.6"",""Loot.OldImperial"",""Items.ExcludeFromLootSystem"",""Items.NotCustomizable""]","2026-02-25 21:38:24.494667+00"
"351","Buggy Rear Mk7","Comes with two passenger seats and one utility slot.","[""Items.ExcludeFromExchange"",""Items.ExcludeFromPlayerSellingToVendor"",""Items.ExcludeFromPlayerBuyingFromVendor"",""Items.ExcludeFromLootSystem"",""Items.NotCustomizable""]","2026-02-25 21:38:24.494667+00"
"352","Buggy Rear Mk8","Comes with two passenger seats and one utility slot.","[""Items.ExcludeFromExchange"",""Items.ExcludeFromPlayerSellingToVendor"",""Items.ExcludeFromPlayerBuyingFromVendor"",""Items.ExcludeFromLootSystem"",""Items.NotCustomizable""]","2026-02-25 21:38:24.494667+00"
"353","Buggy Rear Mk9","Comes with two passenger seats and one utility slot.","[""Items.ExcludeFromExchange"",""Items.ExcludeFromPlayerSellingToVendor"",""Items.ExcludeFromPlayerBuyingFromVendor"",""Items.ExcludeFromLootSystem"",""Items.NotCustomizable""]","2026-02-25 21:38:24.494667+00"
"354","Buggy Rocket Launcher Mk3","Adds a rocket launcher to the Buggy.","[""Items.ExcludeFromExchange"",""Items.ExcludeFromPlayerSellingToVendor"",""Items.ExcludeFromPlayerBuyingFromVendor"",""Items.ExcludeFromLootSystem"",""Items.NotCustomizable""]","2026-02-25 21:38:24.494667+00"
"355","Buggy Rocket Launcher Mk4","Adds a rocket launcher to the Buggy.","[""Items.ExcludeFromExchange"",""Items.ExcludeFromPlayerSellingToVendor"",""Items.ExcludeFromPlayerBuyingFromVendor"",""Items.ExcludeFromLootSystem"",""Items.NotCustomizable""]","2026-02-25 21:38:24.494667+00"
"356","Buggy Rocket Launcher Mk5","Adds a rocket launcher to the Buggy.","[""Items.Holsters.Deployables.VehicleExtra.BuggyChoam"",""LootTier.5"",""Loot.OldImperial"",""Items.ExcludeFromLootSystem"",""Items.NotCustomizable""]","2026-02-25 21:38:24.494667+00"
"357","Buggy Rocket Launcher Mk6","Adds a rocket launcher to the Buggy.","[""Items.Holsters.Deployables.VehicleExtra.BuggyChoam"",""LootTier.6"",""Loot.OldImperial"",""Items.ExcludeFromLootSystem"",""Items.NotCustomizable""]","2026-02-25 21:38:24.494667+00"
"358","Buggy Rocket Launcher Mk7","Adds a rocket launcher to the Buggy.","[""Items.ExcludeFromExchange"",""Items.ExcludeFromPlayerSellingToVendor"",""Items.ExcludeFromPlayerBuyingFromVendor"",""Items.ExcludeFromLootSystem"",""Items.NotCustomizable""]","2026-02-25 21:38:24.494667+00"
"359","Buggy Rocket Launcher Mk8","Adds a rocket launcher to the Buggy.","[""Items.ExcludeFromExchange"",""Items.ExcludeFromPlayerSellingToVendor"",""Items.ExcludeFromPlayerBuyingFromVendor"",""Items.ExcludeFromLootSystem"",""Items.NotCustomizable""]","2026-02-25 21:38:24.494667+00"
"360","Buggy Rocket Launcher Mk9","Adds a rocket launcher to the Buggy.","[""Items.ExcludeFromExchange"",""Items.ExcludeFromPlayerSellingToVendor"",""Items.ExcludeFromPlayerBuyingFromVendor"",""Items.ExcludeFromLootSystem"",""Items.NotCustomizable""]","2026-02-25 21:38:24.494667+00"
"361","Buggy Rocket Turret 2 Schematic","A rocket launcher turret for the CHOAM Buggy","[""Items.ExcludeFromExchange"",""Items.ExcludeFromPlayerSellingToVendor"",""Items.ExcludeFromPlayerBuyingFromVendor"",""Items.ExcludeFromLootSystem"",""Items.NotCustomizable""]","2026-02-25 21:38:24.494667+00"
"362","Buggy Rocket Turret 2 Schematic","A rocket launcher turret for the CHOAM Buggy","[""Items.ExcludeFromExchange"",""Items.ExcludeFromPlayerSellingToVendor"",""Items.ExcludeFromPlayerBuyingFromVendor"",""Items.ExcludeFromLootSystem"",""Items.NotCustomizable""]","2026-02-25 21:38:24.494667+00"
"363","Buggy Shield","","[""Items.ExcludeFromExchange"",""Items.ExcludeFromPlayerSellingToVendor"",""Items.ExcludeFromPlayerBuyingFromVendor"",""Items.ExcludeFromLootSystem"",""Items.NotCustomizable""]","2026-02-25 21:38:24.494667+00"
"364","Buggy Shield Module 1 Schematic","Shield module for the CHOAM Buggy","[""Items.ExcludeFromExchange"",""Items.ExcludeFromPlayerSellingToVendor"",""Items.ExcludeFromPlayerBuyingFromVendor"",""Items.ExcludeFromLootSystem"",""Items.NotCustomizable""]","2026-02-25 21:38:24.494667+00"
"365","Buggy Shield Module 1 Schematic","Shield module for the CHOAM Buggy","[""Items.ExcludeFromExchange"",""Items.ExcludeFromPlayerSellingToVendor"",""Items.ExcludeFromPlayerBuyingFromVendor"",""Items.ExcludeFromLootSystem"",""Items.NotCustomizable""]","2026-02-25 21:38:24.494667+00"
"366","Buggy Speed Engine 2 Schematic","A fast engine for the CHOAM Buggy","[""Items.ExcludeFromExchange"",""Items.ExcludeFromPlayerSellingToVendor"",""Items.ExcludeFromPlayerBuyingFromVendor"",""Items.ExcludeFromLootSystem"",""Items.NotCustomizable""]","2026-02-25 21:38:24.494667+00"
"367","Buggy Speed Engine 2 Schematic","A fast engine for the CHOAM Buggy","[""Items.ExcludeFromExchange"",""Items.ExcludeFromPlayerSellingToVendor"",""Items.ExcludeFromPlayerBuyingFromVendor"",""Items.ExcludeFromLootSystem"",""Items.NotCustomizable""]","2026-02-25 21:38:24.494667+00"
"368","Buggy Stealth Chassis 2 Schematic","A quiet chassis for the CHOAM Buggy","[""Items.ExcludeFromExchange"",""Items.ExcludeFromPlayerSellingToVendor"",""Items.ExcludeFromPlayerBuyingFromVendor"",""Items.ExcludeFromLootSystem"",""Items.NotCustomizable""]","2026-02-25 21:38:24.494667+00"
"369","Buggy Stealth Chassis 2 Schematic","A quiet chassis for the CHOAM Buggy","[""Items.ExcludeFromExchange"",""Items.ExcludeFromPlayerSellingToVendor"",""Items.ExcludeFromPlayerBuyingFromVendor"",""Items.ExcludeFromLootSystem"",""Items.NotCustomizable""]","2026-02-25 21:38:24.494667+00"
"370","Buggy Stealth Engine 2 Schematic","A quiet engine for the CHOAM Buggy","[""Items.ExcludeFromExchange"",""Items.ExcludeFromPlayerSellingToVendor"",""Items.ExcludeFromPlayerBuyingFromVendor"",""Items.ExcludeFromLootSystem"",""Items.NotCustomizable""]","2026-02-25 21:38:24.494667+00"
"371","Buggy Stealth Engine 2 Schematic","A quiet engine for the CHOAM Buggy","[""Items.ExcludeFromExchange"",""Items.ExcludeFromPlayerSellingToVendor"",""Items.ExcludeFromPlayerBuyingFromVendor"",""Items.ExcludeFromLootSystem"",""Items.NotCustomizable""]","2026-02-25 21:38:24.494667+00"
"372","Buggy Storage Mk3","Adds inventory space to the Buggy.","[""Items.Holsters.Deployables.VehicleExtra.BuggyChoam"",""LootTier.3"",""Loot.OldImperial"",""Items.NotCustomizable""]","2026-02-25 21:38:24.494667+00"
"373","Buggy Storage Mk4","Adds inventory space to the Buggy.","[""Items.Holsters.Deployables.VehicleExtra.BuggyChoam"",""LootTier.4"",""Loot.OldImperial"",""Items.NotCustomizable""]","2026-02-25 21:38:24.494667+00"
"374","Buggy Storage Mk5","Adds inventory space to the Buggy.","[""Items.Holsters.Deployables.VehicleExtra.BuggyChoam"",""LootTier.5"",""Loot.OldImperial"",""Items.NotCustomizable""]","2026-02-25 21:38:24.494667+00"
"375","Buggy Storage Mk6","Adds inventory space to the Buggy.","[""Items.Holsters.Deployables.VehicleExtra.BuggyChoam"",""LootTier.6"",""Loot.OldImperial"",""Items.NotCustomizable""]","2026-02-25 21:38:24.494667+00"
"376","Buggy Storage Mk7","Adds inventory space to the Buggy.","[""Items.ExcludeFromExchange"",""Items.ExcludeFromPlayerSellingToVendor"",""Items.ExcludeFromPlayerBuyingFromVendor"",""Items.ExcludeFromLootSystem"",""Items.NotCustomizable""]","2026-02-25 21:38:24.494667+00"
"377","Buggy Storage Mk8","Adds inventory space to the Buggy.","[""Items.ExcludeFromExchange"",""Items.ExcludeFromPlayerSellingToVendor"",""Items.ExcludeFromPlayerBuyingFromVendor"",""Items.ExcludeFromLootSystem"",""Items.NotCustomizable""]","2026-02-25 21:38:24.494667+00"
"378","Buggy Storage Mk9","Adds inventory space to the Buggy.","[""Items.ExcludeFromExchange"",""Items.ExcludeFromPlayerSellingToVendor"",""Items.ExcludeFromPlayerBuyingFromVendor"",""Items.ExcludeFromLootSystem"",""Items.NotCustomizable""]","2026-02-25 21:38:24.494667+00"
"379","Buggy Tread Mk3","Defines the grip of the Buggy.","[""Items.Holsters.Deployables.VehicleBase.BuggyChoam"",""LootTier.3"",""Loot.OldImperial"",""Items.NotCustomizable""]","2026-02-25 21:38:24.494667+00"
"380","Buggy Tread Mk4","Defines the grip of the Buggy.","[""Items.Holsters.Deployables.VehicleBase.BuggyChoam"",""LootTier.4"",""Loot.OldImperial"",""Items.NotCustomizable""]","2026-02-25 21:38:24.494667+00"
"381","Buggy Tread Mk5","Defines the grip of the Buggy.","[""Items.Holsters.Deployables.VehicleBase.BuggyChoam"",""LootTier.5"",""Loot.OldImperial"",""Items.NotCustomizable""]","2026-02-25 21:38:24.494667+00"
"382","Buggy Tread Mk6","Defines the grip of the Buggy.","[""Items.Holsters.Deployables.VehicleBase.BuggyChoam"",""LootTier.6"",""Loot.OldImperial"",""Items.NotCustomizable""]","2026-02-25 21:38:24.494667+00"
"383","Buggy Tread Mk7","Defines the grip of the Buggy.","[""Items.ExcludeFromExchange"",""Items.ExcludeFromPlayerSellingToVendor"",""Items.ExcludeFromPlayerBuyingFromVendor"",""Items.ExcludeFromLootSystem"",""Items.NotCustomizable""]","2026-02-25 21:38:24.494667+00"
"384","Buggy Tread Mk8","Defines the grip of the Buggy.","[""Items.ExcludeFromExchange"",""Items.ExcludeFromPlayerSellingToVendor"",""Items.ExcludeFromPlayerBuyingFromVendor"",""Items.ExcludeFromLootSystem"",""Items.NotCustomizable""]","2026-02-25 21:38:24.494667+00"
"385","Buggy Tread Mk9","Defines the grip of the Buggy.","[""Items.ExcludeFromExchange"",""Items.ExcludeFromPlayerSellingToVendor"",""Items.ExcludeFromPlayerBuyingFromVendor"",""Items.ExcludeFromLootSystem"",""Items.NotCustomizable""]","2026-02-25 21:38:24.494667+00"
"386","Buggy Treads Schematic","Standard treads for the CHOAM Buggy","[""Items.ExcludeFromExchange"",""Items.ExcludeFromPlayerSellingToVendor"",""Items.ExcludeFromPlayerBuyingFromVendor"",""Items.ExcludeFromLootSystem"",""Items.NotCustomizable""]","2026-02-25 21:38:24.494667+00"
"387","Buggy Utility Rear Mk3","Comes with a turret seat and two utility slots.","[""Items.Holsters.Deployables.VehicleBase.BuggyChoam"",""LootTier.3"",""Loot.OldImperial"",""Items.ExcludeFromLootSystem"",""Items.NotCustomizable""]","2026-02-25 21:38:24.494667+00"
"388","Buggy Utility Rear Mk4","Comes with a turret seat and two utility slots.","[""Items.Holsters.Deployables.VehicleBase.BuggyChoam"",""LootTier.4"",""Loot.OldImperial"",""Items.ExcludeFromLootSystem"",""Items.NotCustomizable""]","2026-02-25 21:38:24.494667+00"
"389","Buggy Utility Rear Mk5","Comes with a turret seat and two utility slots.","[""Items.Holsters.Deployables.VehicleBase.BuggyChoam"",""LootTier.5"",""Loot.OldImperial"",""Items.ExcludeFromLootSystem"",""Items.NotCustomizable""]","2026-02-25 21:38:24.494667+00"
"390","Buggy Utility Rear Mk6","Comes with a turret seat and two utility slots.","[""Items.Holsters.Deployables.VehicleBase.BuggyChoam"",""LootTier.6"",""Loot.OldImperial"",""Items.ExcludeFromLootSystem"",""Items.NotCustomizable""]","2026-02-25 21:38:24.494667+00"
"391","Buggy Utility Rear Mk7","Comes with a turret seat and two utility slots.","[""Items.ExcludeFromExchange"",""Items.ExcludeFromPlayerSellingToVendor"",""Items.ExcludeFromPlayerBuyingFromVendor"",""Items.ExcludeFromLootSystem"",""Items.NotCustomizable""]","2026-02-25 21:38:24.494667+00"
"392","Buggy Utility Rear Mk8","Comes with a turret seat and two utility slots.","[""Items.ExcludeFromExchange"",""Items.ExcludeFromPlayerSellingToVendor"",""Items.ExcludeFromPlayerBuyingFromVendor"",""Items.ExcludeFromLootSystem"",""Items.NotCustomizable""]","2026-02-25 21:38:24.494667+00"
"393","Buggy Utility Rear Mk9","Comes with a turret seat and two utility slots.","[""Items.ExcludeFromExchange"",""Items.ExcludeFromPlayerSellingToVendor"",""Items.ExcludeFromPlayerBuyingFromVendor"",""Items.ExcludeFromLootSystem"",""Items.NotCustomizable""]","2026-02-25 21:38:24.494667+00"
"394","BuggyChoamBoost Schematic","TBD","[""Items.ExcludeFromExchange"",""Items.ExcludeFromPlayerSellingToVendor"",""Items.ExcludeFromPlayerBuyingFromVendor"",""Items.ExcludeFromLootSystem"",""Items.NotCustomizable""]","2026-02-25 21:38:24.494667+00"
"395","Bull Statue","","[""Items.Consumables.BuildableSets"",""Items.ExcludeFromLootSystem"",""Items.ExcludeFromExchange""]","2026-02-25 21:38:24.494667+00"
"396","Bulwark Boots","A Unique reinforced heavy armor boots.","[""Items.Clothes.HeavyArmor.Feet"",""LootTier.6"",""Rarity.Rare""]","2026-02-25 21:38:24.494667+00"
"397","Bulwark Boots Schematic","A Unique reinforced heavy armor boots.","[""Items.Schematics.Clothes.HeavyArmor"",""LootTier.6"",""Rarity.Rare"",""LootPool.2""]","2026-02-25 21:38:24.494667+00"
"398","Bulwark Chest","A Unique reinforced heavy armor chest.","[""Items.Clothes.HeavyArmor.Torso"",""LootTier.6"",""Rarity.Rare""]","2026-02-25 21:38:24.494667+00"
"399","Bulwark Chest Schematic","A Unique reinforced heavy armor chest.","[""Items.Schematics.Clothes.HeavyArmor"",""LootTier.6"",""Rarity.Rare"",""LootPool.2""]","2026-02-25 21:38:24.494667+00"
"400","Bulwark Gloves","A Unique reinforced heavy armor gloves.","[""Items.Clothes.HeavyArmor.Hands"",""LootTier.6"",""Rarity.Rare""]","2026-02-25 21:38:24.494667+00"
"401","Bulwark Gloves Schematic","A Unique reinforced heavy armor gloves.","[""Items.Schematics.Clothes.HeavyArmor"",""LootTier.6"",""Rarity.Rare"",""LootPool.2""]","2026-02-25 21:38:24.494667+00"
"402","Bulwark Helmet","A Unique reinforced heavy armor helmet.","[""Items.Clothes.HeavyArmor.Head"",""LootTier.6"",""Rarity.Rare""]","2026-02-25 21:38:24.494667+00"
"403","Bulwark Helmet Schematic","A Unique reinforced heavy armor helmet.","[""Items.Schematics.Clothes.HeavyArmor"",""LootTier.6"",""Rarity.Rare"",""LootPool.2""]","2026-02-25 21:38:24.494667+00"
"404","Bulwark Leggings","A Unique reinforced heavy armor leggings.","[""Items.Clothes.HeavyArmor.Legs"",""LootTier.6"",""Rarity.Rare""]","2026-02-25 21:38:24.494667+00"
"405","Bulwark Leggings Schematic","A Unique reinforced heavy armor leggings.","[""Items.Schematics.Clothes.HeavyArmor"",""LootTier.6"",""Rarity.Rare"",""LootPool.2""]","2026-02-25 21:38:24.494667+00"
"406","Bundle of Deserter Clothes","A bundle of various pieces of clothing.","[""Items.ExcludeFromExchange"",""Items.Contract"",""Items.ActorBoundItem""]","2026-02-25 21:38:24.494667+00"
"407","Buoyant Reaper Mk2","A modified dew reaper that is lighter and easier to swing.","[""Items.Holsters.HydrationTools"",""LootTier.2"",""Rarity.Rare"",""Items.NotCustomizable""]","2026-02-25 21:38:24.494667+00"
"408","Buoyant Reaper Mk2 Schematic","Schematic for a modified dew reaper that is lighter and easier to swing.","[""Items.Schematics.HydrationTools"",""LootTier.2"",""Rarity.Rare"",""LootPool.1""]","2026-02-25 21:38:24.494667+00"
"409","Buoyant Reaper Mk3","A modified dew reaper that is lighter and easier to swing.","[""Items.Holsters.HydrationTools"",""LootTier.3"",""Rarity.Rare"",""Items.NotCustomizable""]","2026-02-25 21:38:24.494667+00"
"410","Buoyant Reaper Mk3 Schematic","Schematic for a modified dew reaper that is lighter and easier to swing.","[""Items.Schematics.HydrationTools"",""LootTier.3"",""Rarity.Rare"",""LootPool.1""]","2026-02-25 21:38:24.494667+00"
"411","Buoyant Reaper Mk4","A modified dew reaper that is lighter and easier to swing.","[""Items.Holsters.HydrationTools"",""LootTier.4"",""Rarity.Rare"",""Items.NotCustomizable""]","2026-02-25 21:38:24.494667+00"
"412","Buoyant Reaper Mk4 Schematic","Schematic for a modified dew reaper that is lighter and easier to swing.","[""Items.Schematics.HydrationTools"",""LootTier.4"",""Rarity.Rare"",""LootPool.1""]","2026-02-25 21:38:24.494667+00"
"413","Buoyant Reaper Mk5","A modified dew reaper that is lighter and easier to swing.","[""Items.Holsters.HydrationTools"",""LootTier.5"",""Rarity.Rare"",""Items.NotCustomizable""]","2026-02-25 21:38:24.494667+00"
"414","Buoyant Reaper Mk5 Schematic","Schematic for a modified dew reaper that is lighter and easier to swing.","[""Items.Schematics.HydrationTools"",""LootTier.5"",""Rarity.Rare"",""LootPool.1""]","2026-02-25 21:38:24.494667+00"
"415","Buoyant Reaper Mk6","A modified dew reaper that is lighter and easier to swing.","[""Items.Holsters.HydrationTools"",""LootTier.6"",""Rarity.Rare"",""Items.NotCustomizable""]","2026-02-25 21:38:24.494667+00"
"416","Buoyant Reaper Mk6 Schematic","Schematic for a modified dew reaper that is lighter and easier to swing.","[""Items.Schematics.HydrationTools"",""LootTier.6"",""Rarity.Rare"",""LootPool.1""]","2026-02-25 21:38:24.494667+00"
"417","Business Contract","","[""Contract.Target.Item"",""Items.ExcludeFromExchange"",""Items.Contract""]","2026-02-25 21:38:24.494667+00"
"418","Cabinet","","[""Items.Consumables.BuildableSets"",""Items.ExcludeFromLootSystem"",""Items.ExcludeFromExchange""]","2026-02-25 21:38:24.494667+00"
"419","Caladan Bed","TBD","[""Items.Consumables.BuildableSets"",""LootTier.1"",""Items.ExcludeFromLootSystem"",""Items.ExcludeFromExchange""]","2026-02-25 21:38:24.494667+00"
"420","Caladan Breakfast Room Window","TBD","[""Items.Consumables.BuildableSets"",""LootTier.1"",""Items.ExcludeFromLootSystem"",""Items.ExcludeFromExchange""]","2026-02-25 21:38:24.494667+00"
"421","Caladan Casual Boots","Garments popular among Houses Minor on Caladan.","[""Items.Clothes.Social.Feet""]","2026-02-25 21:38:24.494667+00"
"422","Caladan Casual Trousers","Garments popular among Houses Minor on Caladan.","[""Items.Clothes.Social.Legs""]","2026-02-25 21:38:24.494667+00"
"423","Caladan Casual Tunic","Garments popular among Houses Minor on Caladan.","[""Items.Clothes.Social.Torso""]","2026-02-25 21:38:24.494667+00"
"424","Caladan Cushion","TBD","[""Items.Consumables.BuildableSets"",""LootTier.1"",""Items.ExcludeFromLootSystem"",""Items.ExcludeFromExchange""]","2026-02-25 21:38:24.494667+00"
"425","Caladan Emblem Hologram Projector","TBD","[""Items.Consumables.BuildableSets"",""LootTier.1"",""Items.ExcludeFromLootSystem"",""Items.ExcludeFromExchange""]","2026-02-25 21:38:24.494667+00"
"426","Caladan Mural","TBD","[""Items.Consumables.BuildableSets"",""LootTier.1"",""Items.ExcludeFromLootSystem"",""Items.ExcludeFromExchange""]","2026-02-25 21:38:24.494667+00"
"427","CaladanCasual Schematic","Learnable Schematic","[""Items.ExcludeFromExchange"",""Items.ExcludeFromPlayerSellingToVendor"",""Items.ExcludeFromPlayerBuyingFromVendor"",""Items.ExcludeFromLootSystem"",""Items.NotCustomizable""]","2026-02-25 21:38:24.494667+00"
"428","Calibrated Servok","A fabrication component found in loot.","[""Items.CraftedResources"",""LootTier.3"",""Loot.Component"",""Items.ExcludeFromLootSystem""]","2026-02-25 21:38:24.494667+00"
"429","Callie's Breaker","A cutteray that yields additional carbon and erythrite when mining.","[""Items.Holsters.GatheringTools.Cutteray"",""LootTier.3"",""Rarity.Rare"",""Items.NotCustomizable""]","2026-02-25 21:38:24.494667+00"
"430","Callie's Breaker Schematic","Schematic for a cutteray that yields additional carbon and erythrite when mining.","[""Items.Schematics.GatheringTools.Cutteray"",""LootTier.3"",""Rarity.Rare"",""LootPool.1"",""LootPool.5""]","2026-02-25 21:38:24.494667+00"
"431","Camouflaged Stilltent","Camouflaged desert shelter","[""Items.ExcludeFromExchange"",""Items.ExcludeFromPlayerSellingToVendor"",""Items.ExcludeFromPlayerBuyingFromVendor"",""Items.ExcludeFromLootSystem"",""Items.NotCustomizable""]","2026-02-25 21:38:24.494667+00"
"432","Captain's Clearance Card","Ixian Security Clearance Card","[""Items.ExcludeFromExchange"",""Items.ExcludeFromPlayerSellingToVendor"",""Items.ExcludeFromPlayerBuyingFromVendor"",""Items.ExcludeFromLootSystem"",""Items.NotCustomizable""]","2026-02-25 21:38:24.494667+00"
"433","Carbide blade parts","A crafting component found in the Deep Desert.","[""Items.CraftedResources"",""LootTier.6"",""Loot.Component"",""Items.ExcludeFromLootSystem""]","2026-02-25 21:38:24.494667+00"
"434","Carbide blade parts Schematic","N/A","[""Items.ExcludeFromExchange"",""Items.ExcludeFromPlayerSellingToVendor"",""Items.ExcludeFromPlayerBuyingFromVendor"",""Items.ExcludeFromLootSystem"",""Items.NotCustomizable""]","2026-02-25 21:38:24.494667+00"
"435","Carbide Scraps","A fabrication component found in loot.","[""Items.CraftedResources"",""LootTier.4"",""Loot.Component"",""Items.ExcludeFromLootSystem""]","2026-02-25 21:38:24.494667+00"
"436","Carbon Block","A refined lump of carbon","[""Items.ExcludeFromExchange"",""Items.ExcludeFromPlayerSellingToVendor"",""Items.ExcludeFromPlayerBuyingFromVendor"",""Items.ExcludeFromLootSystem"",""Items.NotCustomizable""]","2026-02-25 21:38:24.494667+00"
"437","Carbon Ore","Ore from Carbon deposits.","[""Items.RawResources.Metal"",""LootTier.3""]","2026-02-25 21:38:24.494667+00"
"438","Carrier Ornithopter Chassis Mk6","Defines the fuel capacity of the vehicle.","[""Items.Holsters.Deployables.VehicleBase.TransportOrniCHOAM"",""LootTier.6"",""Loot.OldImperial"",""Items.ExcludeFromLootSystem"",""Items.NotCustomizable""]","2026-02-25 21:38:24.494667+00"
"439","Carrier Ornithopter Engine Mk6","Defines the max speed of the Ornithopter.","[""Items.Holsters.Deployables.VehicleBase.TransportOrniCHOAM"",""LootTier.6"",""Loot.OldImperial"",""Items.NotCustomizable""]","2026-02-25 21:38:24.494667+00"
"440","Carrier Ornithopter Generator Mk6","Defines power efficiency and controls temperature.","[""Items.Holsters.Deployables.VehicleBase.TransportOrniCHOAM"",""LootTier.6"",""Loot.OldImperial"",""Items.NotCustomizable""]","2026-02-25 21:38:24.494667+00"
"441","Carrier Ornithopter Main Hull Mk6","Comes with seats for the pilot and five passengers.","[""Items.Holsters.Deployables.VehicleBase.TransportOrniCHOAM"",""LootTier.6"",""Loot.OldImperial"",""Items.ExcludeFromLootSystem"",""Items.NotCustomizable""]","2026-02-25 21:38:24.494667+00"
"442","Carrier Ornithopter Miniature","","[""Items.Consumables.BuildableSets"",""Items.ExcludeFromLootSystem"",""Items.ExcludeFromExchange""]","2026-02-25 21:38:24.494667+00"
"443","Carrier Ornithopter Side Hull Mk6","Adds a protective layer to the sides of the Ornithopter.","[""Items.Holsters.Deployables.VehicleBase.TransportOrniCHOAM"",""LootTier.6"",""Loot.OldImperial"",""Items.ExcludeFromLootSystem"",""Items.NotCustomizable""]","2026-02-25 21:38:24.494667+00"
"444","Carrier Ornithopter Tail Hull Mk6","Adds a protective layer to the rear of the Ornithopter.","[""Items.Holsters.Deployables.VehicleBase.TransportOrniCHOAM"",""LootTier.6"",""Loot.OldImperial"",""Items.ExcludeFromLootSystem"",""Items.NotCustomizable""]","2026-02-25 21:38:24.494667+00"
"445","Carrier Ornithopter Thruster Mk6","Adds a thrust ability to the Ornithopter.","[""Items.Holsters.Deployables.VehicleExtra.TransportOrniCHOAM"",""LootTier.6"",""Loot.OldImperial"",""Items.NotCustomizable""]","2026-02-25 21:38:24.494667+00"
"446","Carrier Ornithopter Wing Mk6","Influences the flying capabilities of the Ornithopter.","[""Items.Holsters.Deployables.VehicleBase.TransportOrniCHOAM"",""LootTier.6"",""Loot.OldImperial"",""Items.ExcludeFromLootSystem"",""Items.NotCustomizable""]","2026-02-25 21:38:24.494667+00"
"447","Castle Hologram","","[""Items.Consumables.BuildableSets"",""Items.ExcludeFromLootSystem"",""Items.ExcludeFromExchange""]","2026-02-25 21:38:24.494667+00"
"448","Cauterizer","A modified dirk that burns as it cuts.","[""Items.Holsters.MeleeWeapons.Knife.Dirk"",""LootTier.6"",""Rarity.Rare""]","2026-02-25 21:38:24.494667+00"
"449","Cauterizer Schematic","Schematic for a modified dirk that burns as it cuts.","[""Items.Schematics.MeleeWeapons.Knife"",""LootTier.6"",""Rarity.Rare"",""LootPool.4""]","2026-02-25 21:38:24.494667+00"
"450","Ceiling with Lights","TBD","[""Items.Consumables.BuildableSets"",""LootTier.1"",""Items.ExcludeFromLootSystem"",""Items.ExcludeFromExchange""]","2026-02-25 21:38:24.494667+00"
"451","Ceremonial Damasteel Sword","Allegedly quenched in blood.","[""Items.Holsters.MeleeWeapons.Sword"",""Items.ExcludeFromExchange"",""Items.Contract""]","2026-02-25 21:38:24.494667+00"
"452","Damasteel Sword Schematic","Lightweight blade favored by masters of the Ginaz school.","[""Items.ExcludeFromExchange"",""Items.ExcludeFromPlayerSellingToVendor"",""Items.ExcludeFromPlayerBuyingFromVendor"",""Items.ExcludeFromLootSystem"",""Items.NotCustomizable"",""Items.ActorBoundItem""]","2026-02-25 21:38:24.494667+00"
"453","Chair","","[""Items.Consumables.BuildableSets"",""Items.ExcludeFromLootSystem"",""Items.ExcludeFromExchange""]","2026-02-25 21:38:24.494667+00"
"454","Chakobsa Note","A note, written in the Fremen language.","[""Contract.Target.Item"",""Items.ExcludeFromExchange"",""Items.Contract""]","2026-02-25 21:38:24.494667+00"
"455","Charge Amplifier","A lasgun component.","[""Contract.Target.Item"",""Items.ExcludeFromExchange"",""Items.Contract""]","2026-02-25 21:38:24.494667+00"
"456","Charged Particle Capacitor","An Old Imperial component used in fabrication","[""Items.ExcludeFromExchange"",""Items.ExcludeFromPlayerSellingToVendor"",""Items.ExcludeFromPlayerBuyingFromVendor"",""Items.ExcludeFromLootSystem"",""Items.NotCustomizable""]","2026-02-25 21:38:24.494667+00"
"457","Chaumas Poison","Chaumas Poison","[""Items.ExcludeFromExchange"",""Items.ExcludeFromLootSystem"",""Items.Contract""]","2026-02-25 21:38:24.494667+00"
"458","Chaumas Poison","Chaumas Poison.","[""Items.ExcludeFromExchange"",""Items.ExcludeFromPlayerSellingToVendor"",""Items.ExcludeFromPlayerBuyingFromVendor"",""Items.ExcludeFromLootSystem"",""Items.NotCustomizable""]","2026-02-25 21:38:24.494667+00"
"459","Chaumas Poison","Chaumas Poison.","[""Items.ExcludeFromExchange"",""Items.ExcludeFromPlayerSellingToVendor"",""Items.ExcludeFromPlayerBuyingFromVendor"",""Items.ExcludeFromLootSystem"",""Items.NotCustomizable""]","2026-02-25 21:38:24.494667+00"
"460","Chaumurky Poison","Chaumurky Poison","[""Items.ExcludeFromExchange"",""Items.ExcludeFromLootSystem"",""Items.Contract""]","2026-02-25 21:38:24.494667+00"
"461","CHOAM Advanced Lights Set","CHOAM Ceiling Lights","[""Items.Consumables.BuildableSets"",""Items.ExcludeFromLootSystem"",""Items.ExcludeFromExchange""]","2026-02-25 21:38:24.494667+00"
"462","CHOAM Assault Armor Schematic","Schematic set for CHOAM Assault Armor","[""Items.ExcludeFromExchange"",""Items.ExcludeFromPlayerSellingToVendor"",""Items.ExcludeFromPlayerBuyingFromVendor"",""Items.ExcludeFromLootSystem"",""Items.NotCustomizable""]","2026-02-25 21:38:24.494667+00"
"463","CHOAM Assault Boots","CHOAM style combat boots","[""Items.ExcludeFromExchange"",""Items.ExcludeFromPlayerSellingToVendor"",""Items.ExcludeFromPlayerBuyingFromVendor"",""Items.ExcludeFromLootSystem"",""Items.NotCustomizable""]","2026-02-25 21:38:24.494667+00"
"464","CHOAM Assault Chestpiece","CHOAM style combat chestpiece","[""Items.ExcludeFromExchange"",""Items.ExcludeFromPlayerSellingToVendor"",""Items.ExcludeFromPlayerBuyingFromVendor"",""Items.ExcludeFromLootSystem"",""Items.NotCustomizable""]","2026-02-25 21:38:24.494667+00"
"465","CHOAM Assault Helmet","CHOAM style combat helmet","[""Items.ExcludeFromExchange"",""Items.ExcludeFromPlayerSellingToVendor"",""Items.ExcludeFromPlayerBuyingFromVendor"",""Items.ExcludeFromLootSystem"",""Items.NotCustomizable""]","2026-02-25 21:38:24.494667+00"
"466","CHOAM Bedroom Furniture Set","CHOAM Bedroom Furniture Placeables","[""Items.Consumables.BuildableSets"",""Items.ExcludeFromLootSystem"",""Items.ExcludeFromExchange""]","2026-02-25 21:38:24.494667+00"
"467","CHOAM Bedroom Small Decorations Set","CHOAM Bedroom Small Decorative Items","[""Items.Consumables.BuildableSets"",""Items.ExcludeFromLootSystem"",""Items.ExcludeFromExchange""]","2026-02-25 21:38:24.494667+00"
"468","CHOAM Communinet Transceiver","A small Communinet Transceiver","[""Contract.Target.Item"",""Items.ExcludeFromExchange"",""Items.Contract""]","2026-02-25 21:38:24.494667+00"
"469","CHOAM Dining Room Furniture Set","CHOAM Dining Room Furniture Placeables","[""Items.Consumables.BuildableSets"",""Items.ExcludeFromLootSystem"",""Items.ExcludeFromExchange""]","2026-02-25 21:38:24.494667+00"
"470","CHOAM Dining Room Small Decorations Set","CHOAM Dining Room Small Decorative Items","[""Items.Consumables.BuildableSets"",""Items.ExcludeFromLootSystem"",""Items.ExcludeFromExchange""]","2026-02-25 21:38:24.494667+00"
"471","CHOAM Dune Buggy Schematic","Schematic for a CHOAM Dune Buggy","[""Items.ExcludeFromExchange"",""Items.ExcludeFromPlayerSellingToVendor"",""Items.ExcludeFromPlayerBuyingFromVendor"",""Items.ExcludeFromLootSystem"",""Items.NotCustomizable""]","2026-02-25 21:38:24.494667+00"
"472","CHOAM Employee Records","A ledger of CHOAM employees","[""Contract.Target.Item"",""Items.ExcludeFromExchange"",""Items.Contract""]","2026-02-25 21:38:24.494667+00"
"473","CHOAM Facility Set","CHOAM style permanent building set","[""Items.Consumables.BuildableSets"",""LootTier.2"",""Items.ExcludeFromLootSystem"",""Items.ExcludeFromExchange""]","2026-02-25 21:38:24.494667+00"
"474","CHOAM Heavy Armor Schematic","Schematic set for CHOAM Heavy Armor","[""Items.ExcludeFromExchange"",""Items.ExcludeFromPlayerSellingToVendor"",""Items.ExcludeFromPlayerBuyingFromVendor"",""Items.ExcludeFromLootSystem"",""Items.NotCustomizable""]","2026-02-25 21:38:24.494667+00"
"475","CHOAM Heavy Boots","Heavy boots made from plastanium.","[""Items.Clothes.HeavyArmor.Feet"",""LootTier.6"",""Loot.GreatHouse""]","2026-02-25 21:38:24.494667+00"
"476","CHOAM Heavy Chestplate","Heavy chest armor made from plastanium.","[""Items.Clothes.HeavyArmor.Torso"",""LootTier.6"",""Loot.GreatHouse""]","2026-02-25 21:38:24.494667+00"
"477","CHOAM Heavy Gauntlets","Heavy hand armor made from plastanium.","[""Items.Clothes.HeavyArmor.Hands"",""LootTier.6"",""Loot.GreatHouse""]","2026-02-25 21:38:24.494667+00"
"478","CHOAM Heavy Greaves","Heavy leg armor made from plastanium.","[""Items.Clothes.HeavyArmor.Legs"",""LootTier.6"",""Loot.GreatHouse""]","2026-02-25 21:38:24.494667+00"
"479","CHOAM Heavy Helmet","Heavy combat helmet made from plastanium.","[""Items.Clothes.HeavyArmor.Head"",""LootTier.6"",""Loot.GreatHouse""]","2026-02-25 21:38:24.494667+00"
"480","CHOAM Influence","EMPTY SOURCE STRING","[""Items.ExcludeFromExchange"",""Items.ExcludeFromPlayerSellingToVendor"",""Items.ExcludeFromPlayerBuyingFromVendor"",""Items.ExcludeFromLootSystem"",""Items.NotCustomizable""]","2026-02-25 21:38:24.494667+00"
"481","CHOAM Light Thopter Schematic","Schematic set for the CHOAM Light Thopter","[""Items.ExcludeFromExchange"",""Items.ExcludeFromPlayerSellingToVendor"",""Items.ExcludeFromPlayerBuyingFromVendor"",""Items.ExcludeFromLootSystem"",""Items.NotCustomizable""]","2026-02-25 21:38:24.494667+00"
"482","CHOAM Office Furniture Set","CHOAM Office Furniture Placeables","[""Items.Consumables.BuildableSets"",""Items.ExcludeFromLootSystem"",""Items.ExcludeFromExchange""]","2026-02-25 21:38:24.494667+00"
"483","CHOAM Office Small Decorations Set","CHOAM Office Small Decorative Items","[""Items.Consumables.BuildableSets"",""Items.ExcludeFromLootSystem"",""Items.ExcludeFromExchange""]","2026-02-25 21:38:24.494667+00"
"484","CHOAM Outpost 01","","[""Items.ExcludeFromExchange"",""Items.ExcludeFromPlayerSellingToVendor"",""Items.ExcludeFromPlayerBuyingFromVendor"",""Items.ExcludeFromLootSystem"",""Items.NotCustomizable""]","2026-02-25 21:38:24.494667+00"
"485","CHOAM Scout Boots","Light armor boots made from plastanium.","[""Items.Clothes.ScoutArmor.Feet"",""LootTier.6"",""Loot.GreatHouse""]","2026-02-25 21:38:24.494667+00"
"486","CHOAM Scout Chestplate","Light armor top made from plastanium.","[""Items.Clothes.ScoutArmor.Torso"",""LootTier.6"",""Loot.GreatHouse""]","2026-02-25 21:38:24.494667+00"
"487","CHOAM Scout Gloves","Light armor gloves made from plastanium.","[""Items.Clothes.ScoutArmor.Hands"",""LootTier.6"",""Loot.GreatHouse""]","2026-02-25 21:38:24.494667+00"
"488","CHOAM Scout Helmet","Light armor helmet made from plastanium.","[""Items.Clothes.ScoutArmor.Head"",""LootTier.6"",""Loot.GreatHouse""]","2026-02-25 21:38:24.494667+00"
"489","CHOAM Scout Pants","Light armor leggings made from plastanium.","[""Items.Clothes.ScoutArmor.Legs"",""LootTier.6"",""Loot.GreatHouse""]","2026-02-25 21:38:24.494667+00"
"490","CHOAM Scout Schematic","Learnable Schematic","[""Items.ExcludeFromExchange"",""Items.ExcludeFromPlayerSellingToVendor"",""Items.ExcludeFromPlayerBuyingFromVendor"",""Items.ExcludeFromLootSystem"",""Items.NotCustomizable""]","2026-02-25 21:38:24.494667+00"
"491","CHOAM Shelter Set","CHOAM-style basic building set","[""Items.Consumables.BuildableSets"",""LootTier.0"",""Items.ExcludeFromLootSystem"",""Items.ExcludeFromExchange""]","2026-02-25 21:38:24.494667+00"
"492","CHOAM Stillsuit 03 Schematic","Schematic set for a CHOAM Stillsuit","[""Items.ExcludeFromExchange"",""Items.ExcludeFromPlayerSellingToVendor"",""Items.ExcludeFromPlayerBuyingFromVendor"",""Items.ExcludeFromLootSystem"",""Items.NotCustomizable""]","2026-02-25 21:38:24.494667+00"
"493","CHOAM Stillsuit 04 Schematic","Schematic set for a CHOAM Stillsuit","[""Items.ExcludeFromExchange"",""Items.ExcludeFromPlayerSellingToVendor"",""Items.ExcludeFromPlayerBuyingFromVendor"",""Items.ExcludeFromLootSystem"",""Items.NotCustomizable""]","2026-02-25 21:38:24.494667+00"
"494","CHOAM Stillsuit 05 Schematic","Schematic set for a CHOAM Stillsuit","[""Items.ExcludeFromExchange"",""Items.ExcludeFromPlayerSellingToVendor"",""Items.ExcludeFromPlayerBuyingFromVendor"",""Items.ExcludeFromLootSystem"",""Items.NotCustomizable""]","2026-02-25 21:38:24.494667+00"
"495","CHOAM Stillsuit Body","A full-body stillsuit with plastanium fittings.","[""Items.Clothes.Stillsuit.Torso"",""LootTier.6"",""Loot.Fremen"",""Items.ExcludeFromLootSystem""]","2026-02-25 21:38:24.494667+00"
"496","CHOAM Stillsuit Boots","Stillsuit boots with plastanium actuator pumps.","[""Items.Clothes.Stillsuit.Feet"",""LootTier.6"",""Loot.Fremen"",""Items.ExcludeFromLootSystem""]","2026-02-25 21:38:24.494667+00"
"497","CHOAM Stillsuit Gloves","Stillsuit gloves with plastanium fittings.","[""Items.Clothes.Stillsuit.Hands"",""LootTier.6"",""Loot.Fremen"",""Items.ExcludeFromLootSystem""]","2026-02-25 21:38:24.494667+00"
"498","CHOAM Stillsuit Mask","A stillsuit mask with plastanium fittings.","[""Items.Clothes.Stillsuit.Head"",""LootTier.6"",""Loot.Fremen"",""Items.ExcludeFromLootSystem""]","2026-02-25 21:38:24.494667+00"
"499","CHOAM Style Lighting Schematic","Learnable Schematic","[""Items.ExcludeFromExchange"",""Items.ExcludeFromPlayerSellingToVendor"",""Items.ExcludeFromPlayerBuyingFromVendor"",""Items.ExcludeFromLootSystem"",""Items.NotCustomizable""]","2026-02-25 21:38:24.494667+00"
"500","CHOAM Sword Mark I Schematic","Long bladed melee weapon","[""Items.ExcludeFromExchange"",""Items.ExcludeFromPlayerSellingToVendor"",""Items.ExcludeFromPlayerBuyingFromVendor"",""Items.ExcludeFromLootSystem"",""Items.NotCustomizable""]","2026-02-25 21:38:24.494667+00"
"501","CHOAMSword Schematic","Long bladed melee weapon","[""Items.ExcludeFromExchange"",""Items.ExcludeFromPlayerSellingToVendor"",""Items.ExcludeFromPlayerBuyingFromVendor"",""Items.ExcludeFromLootSystem"",""Items.NotCustomizable""]","2026-02-25 21:38:24.494667+00"
"502","Chosen Boots","Boots worn by the Chosen.","[""Items.Clothes.ScoutArmor.Feet"",""LootTier.5"",""Rarity.Rare""]","2026-02-25 21:38:24.494667+00"
"503","Chosen Boots Schematic","Schematic for boots worn by the Chosen.","[""Items.Schematics.Clothes.AssaultArmor"",""LootTier.5"",""Rarity.Rare"",""LootPool.2""]","2026-02-25 21:38:24.494667+00"
"504","Chosen Chestplate","A chestplate worn by the Chosen.","[""Items.Clothes.ScoutArmor.Torso"",""LootTier.5"",""Rarity.Rare""]","2026-02-25 21:38:24.494667+00"
"505","Chosen Chestplate Schematic","Schematic for a chestplate worn by the Chosen.","[""Items.Schematics.Clothes.AssaultArmor"",""LootTier.5"",""Rarity.Rare"",""LootPool.2""]","2026-02-25 21:38:24.494667+00"
"506","Chosen Gauntlets","Gauntlets worn by the Chosen.","[""Items.Clothes.ScoutArmor.Hands"",""LootTier.5"",""Rarity.Rare""]","2026-02-25 21:38:24.494667+00"
"507","Chosen Gauntlets Schematic","Schematic for pants worn by the Chosen.","[""Items.Schematics.Clothes.AssaultArmor"",""LootTier.5"",""Rarity.Rare"",""LootPool.2""]","2026-02-25 21:38:24.494667+00"
"508","Chosen Helmet","A helmet worn by the Chosen.","[""Items.Clothes.ScoutArmor.Head"",""LootTier.5"",""Rarity.Rare""]","2026-02-25 21:38:24.494667+00"
"509","Chosen Helmet Schematic","Schematic for a helmet worn by the Chosen.","[""Items.Schematics.Clothes.AssaultArmor"",""LootTier.5"",""Rarity.Rare"",""LootPool.2""]","2026-02-25 21:38:24.494667+00"
"510","Chosen Pants","Pants worn by the Chosen.","[""Items.Clothes.ScoutArmor.Legs"",""LootTier.5"",""Rarity.Rare""]","2026-02-25 21:38:24.494667+00"
"511","Chosen Pants Schematic","Schematic for pants worn by the Chosen.","[""Items.Schematics.Clothes.AssaultArmor"",""LootTier.5"",""Rarity.Rare"",""LootPool.2""]","2026-02-25 21:38:24.494667+00"
"512","Circuit Gauntlets","A heavy armor gauntlet with optimized power usage.","[""Items.Clothes.HeavyArmor.Hands"",""LootTier.6"",""Rarity.Rare""]","2026-02-25 21:38:24.494667+00"
"513","Circuit Gauntlets Schematic","A heavy armor gauntlet with optimized power usage.","[""Items.Schematics.Clothes.HeavyArmor"",""LootTier.6"",""Rarity.Rare"",""LootPool.2""]","2026-02-25 21:38:24.494667+00"
"514","Clapper Mk4","Attracts sandworms extremely fast.","[""Items.Holsters.UtilityTools.Thumper"",""LootTier.4"",""Rarity.Rare"",""Items.NotCustomizable""]","2026-02-25 21:38:24.494667+00"
"515","Clapper Mk4 Schematic","Schematic for a modified thumper that quickly generates worm threat.","[""Items.Schematics.UtilityTools.Thumper"",""LootTier.4"",""Rarity.Rare"",""LootPool.1""]","2026-02-25 21:38:24.494667+00"
"516","Cobalt Paste","Cobalt paste refined from Erythrite Crystal.","[""Items.RefinedResources.Support"",""LootTier.3""]","2026-02-25 21:38:24.494667+00"
"517","Coded Manifest","A slaver servo-stim shipping manifest, written in code.","[""Items.ExcludeFromExchange"",""Items.Contract"",""Items.ActorBoundItem""]","2026-02-25 21:38:24.494667+00"
"518","Coded Message","A folded piece of spice paper","[""Contract.Target.Item"",""Items.ExcludeFromExchange"",""Items.Contract""]","2026-02-25 21:38:24.494667+00"
"519","Collapsible Dew Reaper Mk4","Dew Reaper that takes minimal space.","[""Items.Holsters.HydrationTools"",""LootTier.4"",""Rarity.Rare"",""Items.NotCustomizable""]","2026-02-25 21:38:24.494667+00"
"520","Collapsible Dew Reaper Mk4 Schematic","Dew Reaper that takes minimal space.","[""Items.Schematics.HydrationTools"",""LootTier.4"",""Rarity.Rare"",""LootPool.1""]","2026-02-25 21:38:24.494667+00"
"521","Collapsible Dew Reaper Mk5","Dew Reaper that takes minimal space.","[""Items.Holsters.HydrationTools"",""LootTier.5"",""Rarity.Rare"",""Items.NotCustomizable""]","2026-02-25 21:38:24.494667+00"
"522","Collapsible Dew Reaper Mk5 Schematic","Dew Reaper that takes minimal space.","[""Items.Schematics.HydrationTools"",""LootTier.5"",""Rarity.Rare"",""LootPool.1""]","2026-02-25 21:38:24.494667+00"
"523","Collapsible Dew Reaper Mk6","Dew Reaper that takes minimal space.","[""Items.Holsters.HydrationTools"",""LootTier.6"",""Rarity.Rare"",""Items.NotCustomizable""]","2026-02-25 21:38:24.494667+00"
"524","Collapsible Dew Reaper Mk6 Schematic","Dew Reaper that takes minimal space.","[""Items.Schematics.HydrationTools"",""LootTier.6"",""Rarity.Rare"",""LootPool.1""]","2026-02-25 21:38:24.494667+00"
"525","Compact Compactor Mk3","Static compactor that draws less power and reduces worm attention.","[""Items.Holsters.GatheringTools.Compactor"",""LootTier.3"",""Rarity.Rare"",""Items.ExcludeFromLootSystem"",""Items.NotCustomizable""]","2026-02-25 21:38:24.494667+00"
"526","Compact Compactor Mk3 Schematic","Schematic for a Static compactor that draws less power and reduces worm attention.","[""Items.Schematics.GatheringTools.Compactor"",""LootTier.3"",""Rarity.Rare"",""LootPool.4""]","2026-02-25 21:38:24.494667+00"
"527","Compact Compactor Mk4","Static compactor that draws less power and reduces worm attention.","[""Items.Holsters.GatheringTools.Compactor"",""LootTier.4"",""Rarity.Rare"",""Items.ExcludeFromLootSystem"",""Items.NotCustomizable""]","2026-02-25 21:38:24.494667+00"
"528","Compact Compactor Mk4 Schematic","Static compactor that draws less power and reduces worm attention.","[""Items.Schematics.GatheringTools.Compactor"",""LootTier.4"",""Rarity.Rare"",""LootPool.4""]","2026-02-25 21:38:24.494667+00"
"529","Compact Compactor Mk5","Static compactor that draws less power and reduces worm attention.","[""Items.Holsters.GatheringTools.Compactor"",""LootTier.5"",""Rarity.Rare"",""Items.ExcludeFromLootSystem"",""Items.NotCustomizable""]","2026-02-25 21:38:24.494667+00"
"530","Compact Compactor Mk5 Schematic","Static compactor that draws less power and reduces worm attention.","[""Items.Schematics.GatheringTools.Compactor"",""LootTier.5"",""Rarity.Rare"",""LootPool.4""]","2026-02-25 21:38:24.494667+00"
"531","Compact Compactor Mk6","Static compactor that draws less power and reduces worm attention.","[""Items.Holsters.GatheringTools.Compactor"",""LootTier.6"",""Rarity.Rare"",""Items.ExcludeFromLootSystem"",""Items.NotCustomizable""]","2026-02-25 21:38:24.494667+00"
"532","Compact Compactor Mk6 Schematic","Static compactor that draws less power and reduces worm attention.","[""Items.Schematics.GatheringTools.Compactor"",""LootTier.6"",""Rarity.Rare"",""LootPool.4""]","2026-02-25 21:38:24.494667+00"
"533","Compact Seismic Probe","Device for detecting sandworms","[""Items.ExcludeFromExchange"",""Items.ExcludeFromPlayerSellingToVendor"",""Items.ExcludeFromPlayerBuyingFromVendor"",""Items.ExcludeFromLootSystem"",""Items.NotCustomizable""]","2026-02-25 21:38:24.494667+00"
"534","Compact Seismic Probe Schematic","Device for detecting sandworms","[""Items.ExcludeFromExchange"",""Items.ExcludeFromPlayerSellingToVendor"",""Items.ExcludeFromPlayerBuyingFromVendor"",""Items.ExcludeFromLootSystem"",""Items.NotCustomizable""]","2026-02-25 21:38:24.494667+00"
"535","Complex Machinery","A fabrication component found in loot.","[""Items.CraftedResources"",""LootTier.2"",""Loot.Component"",""Items.ExcludeFromLootSystem""]","2026-02-25 21:38:24.494667+00"
"536","Compression-Stim Leggings","Light leggings with reduced stamina drain while sprinting.","[""Items.Clothes.ScoutArmor.Legs"",""LootTier.4"",""Rarity.Rare""]","2026-02-25 21:38:24.494667+00"
"537","Compression-Stim Leggings Schematic","Light leggings with reduced stamina drain while sprinting.","[""Items.Schematics.Clothes.ScoutArmor"",""LootTier.4"",""Rarity.Rare"",""LootPool.2""]","2026-02-25 21:38:24.494667+00"
"538","Construction Tool","Tool used to build structures for a base.","[""Items.Holsters.BuildingTools.SCPTool"",""LootTier.0"",""Items.NotCustomizable"",""Items.NotCustomizable""]","2026-02-25 21:38:24.494667+00"
"539","ContractRewardItem","","[""Items.ExcludeFromExchange"",""Items.Contract""]","2026-02-25 21:38:24.494667+00"
"540","ContractSeronVarlinGinazWrit","","[""Items.ExcludeFromExchange"",""Items.Contract""]","2026-02-25 21:38:24.494667+00"
"541","Cope","A precision pistol for those who prioritize aim.","[""Items.Holsters.RangedWeapons.Heavy.Pistol"",""LootTier.5"",""Rarity.Rare""]","2026-02-25 21:38:24.494667+00"
"542","Cope Schematic","Schematic for a precision pistol for those who prioritize aim.","[""Items.Schematics.RangedWeapons.Heavy.Pistol"",""LootTier.5"",""Rarity.Rare"",""LootPool.2""]","2026-02-25 21:38:24.494667+00"
"543","Copper Ingot","Refined Copper used in fabrication.","[""Items.RefinedResources.Metal"",""LootTier.1""]","2026-02-25 21:38:24.494667+00"
"544","Copper Ore","Ore from Copper deposits.","[""Items.RawResources.Metal"",""LootTier.1""]","2026-02-25 21:38:24.494667+00"
"545","Corpse","Dead body that can be used in a Deathstill.","[""Items.RawResources.Misc""]","2026-02-25 21:38:24.494667+00"
"546","CorrinthGalaDress Schematic","Learnable Schematic","[""Items.ExcludeFromExchange"",""Items.ExcludeFromPlayerSellingToVendor"",""Items.ExcludeFromPlayerBuyingFromVendor"",""Items.ExcludeFromLootSystem"",""Items.NotCustomizable""]","2026-02-25 21:38:24.494667+00"
"547","Counterfeit Document","An incriminating forgery","[""Contract.Target.Item"",""Items.ExcludeFromExchange"",""Items.Contract""]","2026-02-25 21:38:24.494667+00"
"548","Courier Package","A very well-wrapped package of unknown contents.","[""Contract.Target.Item"",""Items.ExcludeFromExchange"",""Items.Contract""]","2026-02-25 21:38:24.494667+00"
"549","Crude Stillsuit Body","Functional stillsuit. Better water retention.","[""Items.ExcludeFromExchange"",""Items.ExcludeFromPlayerSellingToVendor"",""Items.ExcludeFromPlayerBuyingFromVendor"",""Items.ExcludeFromLootSystem"",""Items.NotCustomizable""]","2026-02-25 21:38:24.494667+00"
"550","Crude Stillsuit Boots","Functional stillsuit boots. Better water retention","[""Items.ExcludeFromExchange"",""Items.ExcludeFromPlayerSellingToVendor"",""Items.ExcludeFromPlayerBuyingFromVendor"",""Items.ExcludeFromLootSystem"",""Items.NotCustomizable""]","2026-02-25 21:38:24.494667+00"
"551","Crude Stillsuit Gloves","Functional stillsuit gloves. Better water retention","[""Items.ExcludeFromExchange"",""Items.ExcludeFromPlayerSellingToVendor"",""Items.ExcludeFromPlayerBuyingFromVendor"",""Items.ExcludeFromLootSystem"",""Items.NotCustomizable""]","2026-02-25 21:38:24.494667+00"
"552","Crude Stillsuit Hood","Functional stillsuit mask. Better water retention","[""Items.ExcludeFromExchange"",""Items.ExcludeFromPlayerSellingToVendor"",""Items.ExcludeFromPlayerBuyingFromVendor"",""Items.ExcludeFromLootSystem"",""Items.NotCustomizable""]","2026-02-25 21:38:24.494667+00"
"553","Crude Stillsuit Schematic","Schematic set for a Crude Stillsuit","[""Items.ExcludeFromExchange"",""Items.ExcludeFromPlayerSellingToVendor"",""Items.ExcludeFromPlayerBuyingFromVendor"",""Items.ExcludeFromLootSystem"",""Items.NotCustomizable""]","2026-02-25 21:38:24.494667+00"
"554","Crysknife","Crysknife temp shortdesc","[""Items.Holsters.MeleeWeapons.Knife.Kindjal"",""Items.ExcludeFromLootSystem"",""Items.ExcludeFromPlayerSellingToVendor"",""Items.ExcludeFromExchange"",""Items.ExcludeFromPlayerBuyingFromVendor""]","2026-02-25 21:38:24.494667+00"
"555","Cultivating Hufuf Vines in Artificial Environments â€” E. Goetha","A treatise on plant care.","[""Contract.Target.Item"",""Items.ExcludeFromExchange"",""Items.Contract""]","2026-02-25 21:38:24.494667+00"
"556","Cup of Water","A quick drink of water.","[""Items.Holsters.HydrationTools"",""LootTier.0"",""Items.ExcludeFromExchange""]","2026-02-25 21:38:24.494667+00"
"557","Cutteray Mk1","Cutteray capable of mining iron.","[""Items.Holsters.GatheringTools.Cutteray"",""LootTier.1"",""Loot.Fremen"",""Items.ExcludeFromLootSystem"",""Items.NotCustomizable""]","2026-02-25 21:38:24.494667+00"
"558","Cutteray Mk2","Cutteray capable of mining carbon.","[""Items.Holsters.GatheringTools.Cutteray"",""LootTier.2"",""Loot.Fremen"",""Items.ExcludeFromLootSystem"",""Items.NotCustomizable""]","2026-02-25 21:38:24.494667+00"
"559","Cutteray Mk3","Heavy cutteray capable of mining aluminum.","[""Items.Holsters.GatheringTools.Cutteray"",""LootTier.3"",""Loot.Fremen"",""Items.ExcludeFromLootSystem"",""Items.NotCustomizable""]","2026-02-25 21:38:24.494667+00"
"560","Cutteray Mk5","Top of the line cutteray.","[""Items.Holsters.GatheringTools.Cutteray"",""LootTier.5"",""Loot.Fremen"",""Items.ExcludeFromLootSystem"",""Items.NotCustomizable""]","2026-02-25 21:38:24.494667+00"
"561","Cutteray Mk6","Used to mine ore.","[""Items.Holsters.GatheringTools.Cutteray"",""LootTier.6"",""Loot.Fremen"",""Items.ExcludeFromLootSystem"",""Items.NotCustomizable""]","2026-02-25 21:38:24.494667+00"
"562","D_Atreides_Movie_Patent","","[""Items.ExcludeFromExchange"",""Items.ExcludeFromPlayerSellingToVendor"",""Items.ExcludeFromPlayerBuyingFromVendor"",""Items.ExcludeFromLootSystem"",""Items.NotCustomizable""]","2026-02-25 21:38:24.494667+00"
"563","D_ChoamSet","","[""Items.ExcludeFromExchange"",""Items.ExcludeFromPlayerSellingToVendor"",""Items.ExcludeFromPlayerBuyingFromVendor"",""Items.ExcludeFromLootSystem"",""Items.NotCustomizable""]","2026-02-25 21:38:24.494667+00"
"564","D_LandingPadSet_Patent","","[""Items.ExcludeFromExchange"",""Items.ExcludeFromPlayerSellingToVendor"",""Items.ExcludeFromPlayerBuyingFromVendor"",""Items.ExcludeFromLootSystem"",""Items.NotCustomizable""]","2026-02-25 21:38:24.494667+00"
"565","D_Neut_Gunner_Patent","","[""Items.ExcludeFromExchange"",""Items.ExcludeFromPlayerSellingToVendor"",""Items.ExcludeFromPlayerBuyingFromVendor"",""Items.ExcludeFromLootSystem"",""Items.NotCustomizable""]","2026-02-25 21:38:24.494667+00"
"566","D_Neut_JailSet_Patent","","[""Items.ExcludeFromExchange"",""Items.ExcludeFromPlayerSellingToVendor"",""Items.ExcludeFromPlayerBuyingFromVendor"",""Items.ExcludeFromLootSystem"",""Items.NotCustomizable""]","2026-02-25 21:38:24.494667+00"
"567","D_Neut_KaitainHolographicGarden_Patent","","[""Items.ExcludeFromExchange"",""Items.ExcludeFromPlayerSellingToVendor"",""Items.ExcludeFromPlayerBuyingFromVendor"",""Items.ExcludeFromLootSystem"",""Items.NotCustomizable""]","2026-02-25 21:38:24.494667+00"
"568","D_Neut_Statues_Patent","","[""Items.ExcludeFromExchange"",""Items.ExcludeFromPlayerSellingToVendor"",""Items.ExcludeFromPlayerBuyingFromVendor"",""Items.ExcludeFromLootSystem"",""Items.NotCustomizable""]","2026-02-25 21:38:24.494667+00"
"569","D_T4_Structure_StakingunitVertical_Schematic/Schematic","","[""Items.ExcludeFromExchange"",""Items.ExcludeFromPlayerSellingToVendor"",""Items.ExcludeFromPlayerBuyingFromVendor"",""Items.ExcludeFromLootSystem"",""Items.NotCustomizable""]","2026-02-25 21:38:24.494667+00"
"570","D_VehicleShieldAbility","A high-speed engine manufactured by House Dyvetz","[""Items.ExcludeFromExchange"",""Items.ExcludeFromPlayerSellingToVendor"",""Items.ExcludeFromPlayerBuyingFromVendor"",""Items.ExcludeFromLootSystem"",""Items.NotCustomizable""]","2026-02-25 21:38:24.494667+00"
"571","Dampened Sandcrawler Treads","Treads designed to dampen vibration on the sands","[""Items.Holsters.Deployables.VehicleBase.SandcrawlerCHOAM"",""LootTier.6"",""Rarity.Rare"",""Items.ExcludeFromLootSystem"",""Items.NotCustomizable"",""Items.ExcludeFromPlayerBuyingFromVendor""]","2026-02-25 21:38:24.494667+00"
"572","Dampened Sandcrawler Treads Schematic","Schematic for treads designed to dampen vibration on the sands.","[""Items.Schematics.Deployables.VehicleBase.SandcrawlerCHOAM"",""LootTier.6"",""Rarity.Rare"",""LootPool.3""]","2026-02-25 21:38:24.494667+00"
"573","Dart-grooved Barrel","A fabrication component found in loot.","[""Items.ExcludeFromLootSystem""]","2026-02-25 21:38:24.494667+00"
"574","Decaliterjon","Portable container used for carrying water.","[""Items.Holsters.HydrationTools"",""LootTier.4"",""Loot.Fremen"",""Items.NotCustomizable""]","2026-02-25 21:38:24.494667+00"
"575","Decorative Banner Patent","A set of banners","[""Items.ExcludeFromExchange"",""Items.ExcludeFromPlayerSellingToVendor"",""Items.ExcludeFromPlayerBuyingFromVendor"",""Items.ExcludeFromLootSystem"",""Items.NotCustomizable""]","2026-02-25 21:38:24.494667+00"
"576","Decorative Box","","[""Items.Consumables.BuildableSets"",""Items.ExcludeFromLootSystem"",""Items.ExcludeFromExchange""]","2026-02-25 21:38:24.494667+00"
"577","Decorative Carpets","Decorative carpets to place in a base","[""Items.ExcludeFromExchange"",""Items.ExcludeFromPlayerSellingToVendor"",""Items.ExcludeFromPlayerBuyingFromVendor"",""Items.ExcludeFromLootSystem"",""Items.NotCustomizable""]","2026-02-25 21:38:24.494667+00"
"578","Decorative Items Patent","A set of decorative objects","[""Items.ExcludeFromExchange"",""Items.ExcludeFromPlayerSellingToVendor"",""Items.ExcludeFromPlayerBuyingFromVendor"",""Items.ExcludeFromLootSystem"",""Items.NotCustomizable""]","2026-02-25 21:38:24.494667+00"
"579","Delivery Report","","[""Contract.Target.Item"",""Items.ExcludeFromExchange"",""Items.Contract""]","2026-02-25 21:38:24.494667+00"
"580","Denira's Gift","A modified dirk that burns as it cuts.","[""Items.Holsters.MeleeWeapons.Knife.Dirk"",""LootTier.4"",""Rarity.Rare""]","2026-02-25 21:38:24.494667+00"
"581","Denira's Gift Schematic","Schematic for a modified dirk that burns as it cuts.","[""Items.Schematics.MeleeWeapons.Knife"",""LootTier.4"",""Rarity.Rare"",""LootPool.4""]","2026-02-25 21:38:24.494667+00"
"582","Desert Garb","Light armor chest that is more breathable.","[""Items.Clothes.ScoutArmor.Torso"",""LootTier.6"",""Rarity.Rare""]","2026-02-25 21:38:24.494667+00"
"583","Desert Garb Schematic","Light armor chest that is more breathable.","[""Items.Schematics.Clothes.ScoutArmor"",""LootTier.6"",""Rarity.Rare"",""LootPool.2""]","2026-02-25 21:38:24.494667+00"
"584","Desert Mechanic Building Set","","[""Items.Consumables.BuildableSets"",""LootTier.1"",""Items.ExcludeFromLootSystem"",""Items.ExcludeFromExchange""]","2026-02-25 21:38:24.494667+00"
"585","Desert Mechanic Dismantled Sandbike","TBD","[""Items.Consumables.BuildableSets"",""LootTier.1"",""Items.ExcludeFromLootSystem"",""Items.ExcludeFromExchange""]","2026-02-25 21:38:24.494667+00"
"586","Desert Mechanic Glowglobe","TBD","[""Items.Consumables.BuildableSets"",""LootTier.1"",""Items.ExcludeFromLootSystem"",""Items.ExcludeFromExchange""]","2026-02-25 21:38:24.494667+00"
"587","Desert Mechanic Hologram Projector","TBD","[""Items.Consumables.BuildableSets"",""LootTier.1"",""Items.ExcludeFromLootSystem"",""Items.ExcludeFromExchange""]","2026-02-25 21:38:24.494667+00"
"588","Desert Mechanic Spare Wheel","TBD","[""Items.Consumables.BuildableSets"",""LootTier.1"",""Items.ExcludeFromLootSystem"",""Items.ExcludeFromExchange""]","2026-02-25 21:38:24.494667+00"
"589","Desert Mechanic Storage Container","TBD","[""Items.Consumables.BuildableSets"",""LootTier.1"",""Items.ExcludeFromLootSystem"",""Items.ExcludeFromExchange""]","2026-02-25 21:38:24.494667+00"
"590","Desert Vagabond Breeches","A drifter's breeches","[""Items.ExcludeFromExchange"",""Items.ExcludeFromPlayerSellingToVendor"",""Items.ExcludeFromPlayerBuyingFromVendor"",""Items.ExcludeFromLootSystem"",""Items.NotCustomizable""]","2026-02-25 21:38:24.494667+00"
"591","Desert Vagabond Gloves","A drifter's gloves","[""Items.ExcludeFromExchange"",""Items.ExcludeFromPlayerSellingToVendor"",""Items.ExcludeFromPlayerBuyingFromVendor"",""Items.ExcludeFromLootSystem"",""Items.NotCustomizable""]","2026-02-25 21:38:24.494667+00"
"592","Desert Vagabond Hood","A drifter's hood","[""Items.ExcludeFromExchange"",""Items.ExcludeFromPlayerSellingToVendor"",""Items.ExcludeFromPlayerBuyingFromVendor"",""Items.ExcludeFromLootSystem"",""Items.NotCustomizable""]","2026-02-25 21:38:24.494667+00"
"593","Desert Vagabond Robe","A drifter's robe","[""Items.ExcludeFromExchange"",""Items.ExcludeFromPlayerSellingToVendor"",""Items.ExcludeFromPlayerBuyingFromVendor"",""Items.ExcludeFromLootSystem"",""Items.NotCustomizable""]","2026-02-25 21:38:24.494667+00"
"594","Desert Vagabond Shoes","A drifter's shoes","[""Items.ExcludeFromExchange"",""Items.ExcludeFromPlayerSellingToVendor"",""Items.ExcludeFromPlayerBuyingFromVendor"",""Items.ExcludeFromLootSystem"",""Items.NotCustomizable""]","2026-02-25 21:38:24.494667+00"
"595","Deserter Tissue Sample","Tissue sample from an Atreides Deserter.","[""Items.ExcludeFromExchange"",""Items.Contract"",""Items.ActorBoundItem""]","2026-02-25 21:38:24.494667+00"
"596","Desk","","[""Items.Consumables.BuildableSets"",""Items.ExcludeFromLootSystem"",""Items.ExcludeFromExchange""]","2026-02-25 21:38:24.494667+00"
"597","Dew Reaper II","Device to collect dew from the environment","[""Items.ExcludeFromExchange"",""Items.ExcludeFromPlayerSellingToVendor"",""Items.ExcludeFromPlayerBuyingFromVendor"",""Items.ExcludeFromLootSystem"",""Items.NotCustomizable""]","2026-02-25 21:38:24.494667+00"
"598","Dew Reaper Mk2","Device to collect water from the environment.","[""Items.Holsters.HydrationTools"",""LootTier.2"",""Loot.Fremen"",""Items.NotCustomizable""]","2026-02-25 21:38:24.494667+00"
"599","Dew Reaper Mk4","Device to collect water from the environment.","[""Items.Holsters.HydrationTools"",""LootTier.4"",""Loot.Fremen"",""Items.NotCustomizable""]","2026-02-25 21:38:24.494667+00"
"600","Dew Reaper Mk6","Device to collect water from the environment.","[""Items.Holsters.HydrationTools"",""LootTier.6"",""Loot.Fremen"",""Items.NotCustomizable""]","2026-02-25 21:38:24.494667+00"
"601","Dew Reaper Schematic","Schematic for a Dew Reaper","[""Items.ExcludeFromExchange"",""Items.ExcludeFromPlayerSellingToVendor"",""Items.ExcludeFromPlayerBuyingFromVendor"",""Items.ExcludeFromLootSystem"",""Items.NotCustomizable""]","2026-02-25 21:38:24.494667+00"
"602","Dew Scythe Mk6","Device to collect water from the environment.","[""Items.Holsters.HydrationTools"",""LootTier.6"",""Loot.Fremen"",""Items.NotCustomizable""]","2026-02-25 21:38:24.494667+00"
"603","Dewpack","Small container for carrying water","[""Items.ExcludeFromExchange"",""Items.ExcludeFromPlayerSellingToVendor"",""Items.ExcludeFromPlayerBuyingFromVendor"",""Items.ExcludeFromLootSystem"",""Items.NotCustomizable""]","2026-02-25 21:38:24.494667+00"
"604","Diamodine blade parts","A crafting component found in the Deep Desert.","[""Items.CraftedResources"",""LootTier.6"",""Loot.Component"",""Items.ExcludeFromLootSystem""]","2026-02-25 21:38:24.494667+00"
"605","Diamodine blade parts Schematic","N/A","[""Items.ExcludeFromExchange"",""Items.ExcludeFromPlayerSellingToVendor"",""Items.ExcludeFromPlayerBuyingFromVendor"",""Items.ExcludeFromLootSystem"",""Items.NotCustomizable""]","2026-02-25 21:38:24.494667+00"
"606","Diamondine Dust","A fabrication component found in loot.","[""Items.CraftedResources"",""LootTier.4"",""Loot.Component"",""Items.ExcludeFromLootSystem""]","2026-02-25 21:38:24.494667+00"
"607","Directional Wind Turbine Schematic","Schematic for a Directional Wind Turbine","[""Items.ExcludeFromExchange"",""Items.ExcludeFromPlayerSellingToVendor"",""Items.ExcludeFromPlayerBuyingFromVendor"",""Items.ExcludeFromLootSystem"",""Items.NotCustomizable""]","2026-02-25 21:38:24.494667+00"
"608","Dirk Schematic","Learnable Schematic","[""Items.ExcludeFromExchange"",""Items.ExcludeFromPlayerSellingToVendor"",""Items.ExcludeFromPlayerBuyingFromVendor"",""Items.ExcludeFromLootSystem"",""Items.NotCustomizable""]","2026-02-25 21:38:24.494667+00"
"609","Dirk1 Schematic","Learnable Schematic","[""Items.ExcludeFromExchange"",""Items.ExcludeFromPlayerSellingToVendor"",""Items.ExcludeFromPlayerBuyingFromVendor"",""Items.ExcludeFromLootSystem"",""Items.NotCustomizable""]","2026-02-25 21:38:24.494667+00"
"610","Dirk2 Schematic","Learnable Schematic","[""Items.ExcludeFromExchange"",""Items.ExcludeFromPlayerSellingToVendor"",""Items.ExcludeFromPlayerBuyingFromVendor"",""Items.ExcludeFromLootSystem"",""Items.NotCustomizable""]","2026-02-25 21:38:24.494667+00"
"611","Dismantled Scattergun","","[""Items.Consumables.BuildableSets"",""Items.ExcludeFromLootSystem"",""Items.ExcludeFromExchange""]","2026-02-25 21:38:24.494667+00"
"612","Double-sealed Stilltent","Stilltent that traps more moisture.","[""Items.Holsters.HydrationTools"",""LootTier.5"",""Rarity.Rare"",""Items.ExcludeFromLootSystem"",""Items.Holsters.Deployables"",""Items.NotCustomizable""]","2026-02-25 21:38:24.494667+00"
"613","Double-sealed Stilltent Schematic","Stilltent that traps more mousture.","[""Items.Schematics.HydrationTools"",""LootTier.5"",""Rarity.Rare"",""LootPool.4""]","2026-02-25 21:38:24.494667+00"
"614","Dr. Kynes's Research Notes","A collection of notes on how to change a planet's nature and climate.","[""Contract.Target.Item"",""Items.ExcludeFromExchange"",""Items.Contract""]","2026-02-25 21:38:24.494667+00"
"615","Dragon Carrier Engine Schematic","Schematic for a high-speed carrier engine.","[""Items.Schematics.Deployables.VehicleBase.TransportOrniCHOAM"",""LootTier.6"",""Rarity.Rare"",""LootPool.3"",""Items.ExcludeFromLootSystem""]","2026-02-25 21:38:24.494667+00"
"616","Dresser","","[""Items.Consumables.BuildableSets"",""Items.ExcludeFromLootSystem"",""Items.ExcludeFromExchange""]","2026-02-25 21:38:24.494667+00"
"617","Drinking Glass","","[""Items.Consumables.BuildableSets"",""Items.ExcludeFromLootSystem"",""Items.ExcludeFromExchange""]","2026-02-25 21:38:24.494667+00"
"618","Drinking Glass 2","","[""Items.Consumables.BuildableSets"",""Items.ExcludeFromLootSystem"",""Items.ExcludeFromExchange""]","2026-02-25 21:38:24.494667+00"
"619","Dune Buggy Cockpit Schematic","Schematic for a Dune Buggy Cockpit","[""Items.ExcludeFromExchange"",""Items.ExcludeFromPlayerSellingToVendor"",""Items.ExcludeFromPlayerBuyingFromVendor"",""Items.ExcludeFromLootSystem"",""Items.NotCustomizable""]","2026-02-25 21:38:24.494667+00"
"620","Dune Buggy PSU Schematic","Schematic for a Dune Buggy Power Supply Unit","[""Items.ExcludeFromExchange"",""Items.ExcludeFromPlayerSellingToVendor"",""Items.ExcludeFromPlayerBuyingFromVendor"",""Items.ExcludeFromLootSystem"",""Items.NotCustomizable""]","2026-02-25 21:38:24.494667+00"
"621","Dune Buggy Storage Schematic","Schematic for a Dune Buggy Storage","[""Items.ExcludeFromExchange"",""Items.ExcludeFromPlayerSellingToVendor"",""Items.ExcludeFromPlayerBuyingFromVendor"",""Items.ExcludeFromLootSystem"",""Items.NotCustomizable""]","2026-02-25 21:38:24.494667+00"
"622","Duneman Heavy Boots","Heavy boots made from aluminum.","[""Items.Clothes.HeavyArmor.Feet"",""LootTier.4"",""Loot.GreatHouse""]","2026-02-25 21:38:24.494667+00"
"623","Duneman Heavy Gloves","Heavy hand armor made from aluminum.","[""Items.Clothes.HeavyArmor.Hands"",""LootTier.4"",""Loot.GreatHouse""]","2026-02-25 21:38:24.494667+00"
"624","Duneman Heavy Jacket","Heavy chest armor made from aluminum.","[""Items.Clothes.HeavyArmor.Torso"",""LootTier.4"",""Loot.GreatHouse""]","2026-02-25 21:38:24.494667+00"
"625","Duneman Heavy Mask","Heavy combat mask made from aluminum.","[""Items.Clothes.HeavyArmor.Head"",""LootTier.4"",""Loot.GreatHouse""]","2026-02-25 21:38:24.494667+00"
"626","Duneman Heavy Pants","Heavy leg armor made from aluminum.","[""Items.Clothes.HeavyArmor.Legs"",""LootTier.4"",""Loot.GreatHouse""]","2026-02-25 21:38:24.494667+00"
"627","Duneman Sandbike Scanner Mk2 Schematic","Schematic for a long range sandbike scanner tweaked for Arrakis.","[""Items.Schematics.Deployables.VehicleExtra.Sandbike"",""LootTier.2"",""Rarity.Rare"",""LootPool.3"",""Items.ExcludeFromLootSystem""]","2026-02-25 21:38:24.494667+00"
"628","Duneman Scout Boots","Light armor boots made from aluminum.","[""Items.Clothes.ScoutArmor.Feet"",""LootTier.4"",""Loot.GreatHouse""]","2026-02-25 21:38:24.494667+00"
"629","Duneman Scout Gloves","Light armor gloves made from aluminum.","[""Items.Clothes.ScoutArmor.Hands"",""LootTier.4"",""Loot.GreatHouse""]","2026-02-25 21:38:24.494667+00"
"630","Duneman Scout Helmet","Light armor helmet made from aluminum.","[""Items.Clothes.ScoutArmor.Head"",""LootTier.4"",""Loot.GreatHouse""]","2026-02-25 21:38:24.494667+00"
"631","Duneman Scout Jacket","Light armor top made from aluminum.","[""Items.Clothes.ScoutArmor.Torso"",""LootTier.4"",""Loot.GreatHouse""]","2026-02-25 21:38:24.494667+00"
"632","Duneman Scout Pants","Light armor leggings made from aluminum.","[""Items.Clothes.ScoutArmor.Legs"",""LootTier.4"",""Loot.GreatHouse""]","2026-02-25 21:38:24.494667+00"
"633","Dunewatcher","An assassin's rifle that fires poisonous darts at long range.","[""Items.Holsters.RangedWeapons.Light.Rifle.SpitDart"",""LootTier.6"",""Rarity.Rare""]","2026-02-25 21:38:24.494667+00"
"634","Dunewatcher Schematic","Schematic for an assassin's rifle that fires poisonous darts at long range.","[""Items.Schematics.RangedWeapons.Light.Rifle"",""LootTier.6"",""Rarity.Rare"",""LootPool.2""]","2026-02-25 21:38:24.494667+00"
"635","Durable Micro-sandwich Fabric","A Fremen component used in fabrication","[""Items.ExcludeFromExchange"",""Items.ExcludeFromPlayerSellingToVendor"",""Items.ExcludeFromPlayerBuyingFromVendor"",""Items.ExcludeFromLootSystem"",""Items.NotCustomizable""]","2026-02-25 21:38:24.494667+00"
"636","Duraluminum Ingot","Refined Duraluminum used in fabrication.","[""Items.RefinedResources.Metal"",""LootTier.5""]","2026-02-25 21:38:24.494667+00"
"637","Ecological Lexicon of Arrakis","Written by P. Kynes, Imperial Planetologist","[""Items.ExcludeFromExchange"",""Items.Contract""]","2026-02-25 21:38:24.494667+00"
"638","Efficient EMF Generator","A Fremen component used in fabrication","[""Items.ExcludeFromExchange"",""Items.ExcludeFromPlayerSellingToVendor"",""Items.ExcludeFromPlayerBuyingFromVendor"",""Items.ExcludeFromLootSystem"",""Items.NotCustomizable""]","2026-02-25 21:38:24.494667+00"
"639","Efficient Mechanical Parts","A Great House component used in fabrication","[""Items.ExcludeFromExchange"",""Items.ExcludeFromPlayerSellingToVendor"",""Items.ExcludeFromPlayerBuyingFromVendor"",""Items.ExcludeFromLootSystem"",""Items.NotCustomizable""]","2026-02-25 21:38:24.494667+00"
"640","Efficient Micro-sandwich Fabric","A Fremen component used in fabrication","[""Items.ExcludeFromExchange"",""Items.ExcludeFromPlayerSellingToVendor"",""Items.ExcludeFromPlayerBuyingFromVendor"",""Items.ExcludeFromLootSystem"",""Items.NotCustomizable""]","2026-02-25 21:38:24.494667+00"
"641","Efficient Particle Capacitor","An Old Imperial component used in fabrication","[""Items.ExcludeFromExchange"",""Items.ExcludeFromPlayerSellingToVendor"",""Items.ExcludeFromPlayerBuyingFromVendor"",""Items.ExcludeFromLootSystem"",""Items.NotCustomizable""]","2026-02-25 21:38:24.494667+00"
"642","Efficient Plasteel Microflora Fiber","A Great House component used in fabrication","[""Items.ExcludeFromExchange"",""Items.ExcludeFromPlayerSellingToVendor"",""Items.ExcludeFromPlayerBuyingFromVendor"",""Items.ExcludeFromLootSystem"",""Items.NotCustomizable""]","2026-02-25 21:38:24.494667+00"
"643","Efficient Servoks","An Old Imperial component used in fabrication","[""Items.ExcludeFromExchange"",""Items.ExcludeFromPlayerSellingToVendor"",""Items.ExcludeFromPlayerBuyingFromVendor"",""Items.ExcludeFromLootSystem"",""Items.NotCustomizable""]","2026-02-25 21:38:24.494667+00"
"644","Elacca Ash","A pile of ash from burnt Elacca wood.","[""Items.ExcludeFromExchange"",""Items.ExcludeFromPlayerSellingToVendor"",""Items.ExcludeFromPlayerBuyingFromVendor"",""Items.ExcludeFromLootSystem"",""Items.NotCustomizable""]","2026-02-25 21:38:24.494667+00"
"645","Elacca Ash","A pile of ash from Elacca Wood","[""Items.ExcludeFromExchange"",""Items.ExcludeFromPlayerSellingToVendor"",""Items.ExcludeFromPlayerBuyingFromVendor"",""Items.ExcludeFromLootSystem"",""Items.NotCustomizable""]","2026-02-25 21:38:24.494667+00"
"646","Electronics Delivery","","[""Items.ExcludeFromExchange"",""Items.Contract""]","2026-02-25 21:38:24.494667+00"
"647","Elephant Gun 1.5x Sight Schematic","1.5x sight for Elephant Gun","[""Items.ExcludeFromExchange"",""Items.ExcludeFromPlayerSellingToVendor"",""Items.ExcludeFromPlayerBuyingFromVendor"",""Items.ExcludeFromLootSystem"",""Items.NotCustomizable""]","2026-02-25 21:38:24.494667+00"
"648","Elephant Gun Combat Sight Schematic","Combat sight for Elephant Gun","[""Items.ExcludeFromExchange"",""Items.ExcludeFromPlayerSellingToVendor"",""Items.ExcludeFromPlayerBuyingFromVendor"",""Items.ExcludeFromLootSystem"",""Items.NotCustomizable""]","2026-02-25 21:38:24.494667+00"
"649","Elephant Gun Explosive Gel Schematic","Weapon Barrel Mod","[""Items.ExcludeFromExchange"",""Items.ExcludeFromPlayerSellingToVendor"",""Items.ExcludeFromPlayerBuyingFromVendor"",""Items.ExcludeFromLootSystem"",""Items.NotCustomizable""]","2026-02-25 21:38:24.494667+00"
"650","Elephant Gun Firing Charger Schematic","Firing charger for the Elephant Gun","[""Items.ExcludeFromExchange"",""Items.ExcludeFromPlayerSellingToVendor"",""Items.ExcludeFromPlayerBuyingFromVendor"",""Items.ExcludeFromLootSystem"",""Items.NotCustomizable""]","2026-02-25 21:38:24.494667+00"
"651","Elephant Gun Quick Loader Schematic","Quick loader for the Elephant Gun","[""Items.ExcludeFromExchange"",""Items.ExcludeFromPlayerSellingToVendor"",""Items.ExcludeFromPlayerBuyingFromVendor"",""Items.ExcludeFromLootSystem"",""Items.NotCustomizable""]","2026-02-25 21:38:24.494667+00"
"652","EMF Generator","A Fremen component used in fabrication.","[""Items.CraftedResources"",""LootTier.1"",""Loot.Fremen""]","2026-02-25 21:38:24.494667+00"
"653","Enhanced EMF Generator","A Fremen component used in fabrication","[""Items.ExcludeFromExchange"",""Items.ExcludeFromPlayerSellingToVendor"",""Items.ExcludeFromPlayerBuyingFromVendor"",""Items.ExcludeFromLootSystem"",""Items.NotCustomizable""]","2026-02-25 21:38:24.494667+00"
"654","Enhanced Gun Parts","A fabrication component found in loot","[""Items.ExcludeFromExchange"",""Items.ExcludeFromPlayerSellingToVendor"",""Items.ExcludeFromPlayerBuyingFromVendor"",""Items.ExcludeFromLootSystem"",""Items.NotCustomizable""]","2026-02-25 21:38:24.494667+00"
"655","Enhanced Mechanical Parts","A Great House component used in fabrication","[""Items.ExcludeFromExchange"",""Items.ExcludeFromPlayerSellingToVendor"",""Items.ExcludeFromPlayerBuyingFromVendor"",""Items.ExcludeFromLootSystem"",""Items.NotCustomizable""]","2026-02-25 21:38:24.494667+00"
"656","Enhanced Micro-sandwich Fabric","A Fremen component used in fabrication","[""Items.ExcludeFromExchange"",""Items.ExcludeFromPlayerSellingToVendor"",""Items.ExcludeFromPlayerBuyingFromVendor"",""Items.ExcludeFromLootSystem"",""Items.NotCustomizable""]","2026-02-25 21:38:24.494667+00"
"657","Enhanced Particle Capacitor","An Old Imperial component used in fabrication","[""Items.ExcludeFromExchange"",""Items.ExcludeFromPlayerSellingToVendor"",""Items.ExcludeFromPlayerBuyingFromVendor"",""Items.ExcludeFromLootSystem"",""Items.NotCustomizable""]","2026-02-25 21:38:24.494667+00"
"658","Enhanced Plasteel Microflora Fiber","A Great House component used in fabrication","[""Items.ExcludeFromExchange"",""Items.ExcludeFromPlayerSellingToVendor"",""Items.ExcludeFromPlayerBuyingFromVendor"",""Items.ExcludeFromLootSystem"",""Items.NotCustomizable""]","2026-02-25 21:38:24.494667+00"
"659","Enhanced Servoks","An Old Imperial component used in fabrication","[""Items.ExcludeFromExchange"",""Items.ExcludeFromPlayerSellingToVendor"",""Items.ExcludeFromPlayerBuyingFromVendor"",""Items.ExcludeFromLootSystem"",""Items.NotCustomizable""]","2026-02-25 21:38:24.494667+00"
"660","Entrepreneur Casual Gloves","Gloves favored by smugglers on Arrakis.","[""Items.Clothes.Social.Hands""]","2026-02-25 21:38:24.494667+00"
"661","Entrepreneur Casual Pants","Pants favored by smugglers on Arrakis.","[""Items.Clothes.Social.Legs""]","2026-02-25 21:38:24.494667+00"
"662","Entrepreneur Casual Shirt","Shirt favored by smugglers on Arrakis.","[""Items.Clothes.Social.Torso""]","2026-02-25 21:38:24.494667+00"
"663","Entrepreneur Casual Shoes","Shoes favored by smugglers on Arrakis.","[""Items.Clothes.Social.Feet""]","2026-02-25 21:38:24.494667+00"
"664","EntrepreneurCasual Schematic","Learnable Schematic","[""Items.ExcludeFromExchange"",""Items.ExcludeFromPlayerSellingToVendor"",""Items.ExcludeFromPlayerBuyingFromVendor"",""Items.ExcludeFromLootSystem"",""Items.NotCustomizable""]","2026-02-25 21:38:24.494667+00"
"665","Erythrite Crystal","Crystal from Erythrite deposits.","[""Items.RawResources.Support"",""LootTier.3""]","2026-02-25 21:38:24.494667+00"
"666","Eviscerator","A modified scattergun that converts darts to shrapnel.","[""Items.Holsters.RangedWeapons.Light.Shotgun"",""LootTier.4"",""Rarity.Rare""]","2026-02-25 21:38:24.494667+00"
"667","Eviscerator Schematic","Schematic for a modified scattergun that converts darts to shrapnel.","[""Items.Schematics.RangedWeapons.Light.Shotgun"",""LootTier.4"",""Rarity.Rare"",""LootPool.2""]","2026-02-25 21:38:24.494667+00"
"668","Execution Order","","[""Items.ExcludeFromExchange"",""Items.Contract""]","2026-02-25 21:38:24.494667+00"
"669","Executor's Boots","A pair of boots designed for CHOAM executors.","[""Items.Clothes.HeavyArmor.Feet"",""LootTier.6"",""Rarity.Rare""]","2026-02-25 21:38:24.494667+00"
"670","Executor's Boots Schematic","Schematic for a pair of boots designed for CHOAM executors.","[""Items.Schematics.Clothes.AssaultArmor"",""LootTier.6"",""Rarity.Rare"",""LootPool.2""]","2026-02-25 21:38:24.494667+00"
"671","Executor's Chestpiece","A chestpiece designed for CHOAM executors.","[""Items.Clothes.HeavyArmor.Torso"",""LootTier.6"",""Rarity.Rare""]","2026-02-25 21:38:24.494667+00"
"672","Executor's Chestpiece Schematic","Schematic for a chestpiece designed for CHOAM executors.","[""Items.Schematics.Clothes.AssaultArmor"",""LootTier.6"",""Rarity.Rare"",""LootPool.2""]","2026-02-25 21:38:24.494667+00"
"673","Executor's Gauntlets","A pair of gauntlets designed for CHOAM executors.","[""Items.Clothes.HeavyArmor.Hands"",""LootTier.6"",""Rarity.Rare""]","2026-02-25 21:38:24.494667+00"
"674","Executor's Gauntlets Schematic","Schematic for a pair of gauntlets designed for CHOAM executors.","[""Items.Schematics.Clothes.AssaultArmor"",""LootTier.6"",""Rarity.Rare"",""LootPool.2""]","2026-02-25 21:38:24.494667+00"
"675","Executor's Helmet","A helmet designed for CHOAM executors.","[""Items.Clothes.HeavyArmor.Head"",""LootTier.6"",""Rarity.Rare""]","2026-02-25 21:38:24.494667+00"
"676","Executor's Helmet Schematic","Schematic for a helmet designed for CHOAM executors.","[""Items.Schematics.Clothes.AssaultArmor"",""LootTier.6"",""Rarity.Rare"",""LootPool.2""]","2026-02-25 21:38:24.494667+00"
"677","Executor's Pants","A pair of pants designed for CHOAM executors.","[""Items.Clothes.HeavyArmor.Legs"",""LootTier.6"",""Rarity.Rare""]","2026-02-25 21:38:24.494667+00"
"678","Executor's Pants Schematic","Schematic for a pair of pants designed for CHOAM executors.","[""Items.Schematics.Clothes.AssaultArmor"",""LootTier.6"",""Rarity.Rare"",""LootPool.2""]","2026-02-25 21:38:24.494667+00"
"679","Experimental Missile Component","Parts of a new type of missile.","[""Contract.Target.Item"",""Items.ExcludeFromExchange"",""Items.Contract""]","2026-02-25 21:38:24.494667+00"
"680","Experimental Vulcan GAU-94","A Vulcan gun with expanded dart capacity â€” not yet market ready.","[""Items.Holsters.RangedWeapons.Heavy.LMG"",""LootTier.4"",""Rarity.Rare""]","2026-02-25 21:38:24.494667+00"
"681","Experimental Vulcan GAU-94 Schematic","Schematic for a Vulcan gun with expanded dart capacity - not yet market ready.","[""Items.Schematics.RangedWeapons.Heavy.Rifle"",""LootTier.4"",""Rarity.Rare"",""LootPool.2""]","2026-02-25 21:38:24.494667+00"
"682","Exsanguination Tool Schematic","Body fluid extration tool schematic","[""Items.ExcludeFromExchange"",""Items.ExcludeFromPlayerSellingToVendor"",""Items.ExcludeFromPlayerBuyingFromVendor"",""Items.ExcludeFromLootSystem"",""Items.NotCustomizable""]","2026-02-25 21:38:24.494667+00"
"683","Extravagant Message","A Vulcan gun with expanded dart capacity.","[""Items.Holsters.RangedWeapons.Heavy.LMG"",""LootTier.5"",""Rarity.Rare""]","2026-02-25 21:38:24.494667+00"
"684","Extravagant Message Schematic","Schematic for a Vulcan gun with expanded dart capacity.","[""Items.Schematics.RangedWeapons.Heavy.Rifle"",""LootTier.5"",""Rarity.Rare"",""LootPool.2""]","2026-02-25 21:38:24.494667+00"
"685","Falsified Communication Log","Falsified Communication Log","[""Contract.Target.Item"",""Items.ExcludeFromExchange"",""Items.Contract""]","2026-02-25 21:38:24.494667+00"
"686","Feyd's Drinker","An exsanguinating kindjal popularized by Feyd-Rautha Harkonnen.","[""Items.Holsters.MeleeWeapons.Knife.Kindjal"",""LootTier.6"",""Rarity.Rare""]","2026-02-25 21:38:24.494667+00"
"687","Feyd's Drinker Schematic","Schematic for an exasanguinating popularized by Feyd-Rautha Harkonnen.","[""Items.Schematics.MeleeWeapons.Knife"",""LootTier.6"",""Rarity.Rare"",""LootPool.4""]","2026-02-25 21:38:24.494667+00"
"688","Feyd's Take-Down Blade","A poison blade.","[""Items.Holsters.MeleeWeapons.Knife.Dirk"",""Items.ExcludeFromLootSystem"",""Items.ExcludeFromExchange"",""Items.ExcludeFromPlayerBuyingFromVendor"",""Rarity.Memento""]","2026-02-25 21:38:24.494667+00"
"689","Fila's Regret","A modified battle rifle that fires bursts of darts.","[""Items.Holsters.RangedWeapons.Light.Rifle.BattleRifle"",""LootTier.2"",""Rarity.Rare""]","2026-02-25 21:38:24.494667+00"
"690","Fila's Regret Schematic","Schematic for a modified battle rifle that fires bursts of darts.","[""Items.Schematics.RangedWeapons.Light.Rifle"",""LootTier.2"",""Rarity.Rare"",""LootPool.2""]","2026-02-25 21:38:24.494667+00"
"691","Filter Extractor Mk3","A fluid extractor that filters some blood to water.","[""Items.Holsters.HydrationTools"",""LootTier.3"",""Rarity.Rare"",""Items.NotCustomizable""]","2026-02-25 21:38:24.494667+00"
"692","Filter Extractor Mk3 Schematic","Schematic for a fluid extractor that filters some blood to water.","[""Items.Schematics.HydrationTools"",""LootTier.3"",""Rarity.Rare"",""LootPool.4""]","2026-02-25 21:38:24.494667+00"
"693","Filter Extractor Mk4","A fluid extractor that filters some blood to water.","[""Items.Holsters.HydrationTools"",""LootTier.4"",""Rarity.Rare"",""Items.NotCustomizable""]","2026-02-25 21:38:24.494667+00"
"694","Filter Extractor Mk4 Schematic","Schematic for a fluid extractor that filters some blood to water.","[""Items.Schematics.HydrationTools"",""LootTier.4"",""Rarity.Rare"",""LootPool.4""]","2026-02-25 21:38:24.494667+00"
"695","Filter Extractor Mk5","A fluid extractor that filters some blood to water.","[""Items.Holsters.HydrationTools"",""LootTier.5"",""Rarity.Rare"",""Items.NotCustomizable""]","2026-02-25 21:38:24.494667+00"
"696","Filter Extractor Mk5 Schematic","Schematic for a fluid extractor that filters some blood to water.","[""Items.Schematics.HydrationTools"",""LootTier.5"",""Rarity.Rare"",""LootPool.4""]","2026-02-25 21:38:24.494667+00"
"697","Filter Extractor Mk6","A fluid extractor that filters some blood to water.","[""Items.Holsters.HydrationTools"",""LootTier.6"",""Rarity.Rare"",""Items.NotCustomizable""]","2026-02-25 21:38:24.494667+00"
"698","Filter Extractor Mk6 Schematic","Schematic for a fluid extractor that filters some blood to water.","[""Items.Schematics.HydrationTools"",""LootTier.6"",""Rarity.Rare"",""LootPool.4""]","2026-02-25 21:38:24.494667+00"
"699","Firestorm","A modified scattergun that fires molten darts.","[""Items.Holsters.RangedWeapons.Light.Shotgun"",""LootTier.4"",""Rarity.Rare""]","2026-02-25 21:38:24.494667+00"
"700","Firestorm Schematic","Schematic for a modified scattergun that fires molten darts.","[""Items.Schematics.RangedWeapons.Light.Shotgun"",""LootTier.4"",""Rarity.Rare"",""LootPool.2""]","2026-02-25 21:38:24.494667+00"
"701","Fivefinger's Tripleshot Rifle","A rifle named for the assassin Fivefingers.","[""Items.Holsters.RangedWeapons.Light.Rifle.SpitDart"",""LootTier.5"",""Rarity.Rare""]","2026-02-25 21:38:24.494667+00"
"702","Flag Miniature","","[""Items.Consumables.BuildableSets"",""Items.ExcludeFromLootSystem"",""Items.ExcludeFromExchange""]","2026-02-25 21:38:24.494667+00"
"703","Flour Sand","Fine sand collected on the open sands.","[""Items.RawResources.Support"",""LootTier.2""]","2026-02-25 21:38:24.494667+00"
"704","Fluid Efficient Industrial Pump","A crafting component found in the Deep Desert.","[""Items.CraftedResources"",""LootTier.6"",""Loot.Component"",""Items.ExcludeFromLootSystem""]","2026-02-25 21:38:24.494667+00"
"705","Fluid Efficient Industrial Pump Schematic","N/A","[""Items.ExcludeFromExchange"",""Items.ExcludeFromPlayerSellingToVendor"",""Items.ExcludeFromPlayerBuyingFromVendor"",""Items.ExcludeFromLootSystem"",""Items.NotCustomizable""]","2026-02-25 21:38:24.494667+00"
"706","Fluted Heavy Caliber Compressor","A crafting component found in the Deep Desert.","[""Items.CraftedResources"",""LootTier.6"",""Loot.Component"",""Items.ExcludeFromLootSystem""]","2026-02-25 21:38:24.494667+00"
"707","Fluted Heavy caliber compressor Schematic","N/A","[""Items.ExcludeFromExchange"",""Items.ExcludeFromPlayerSellingToVendor"",""Items.ExcludeFromPlayerBuyingFromVendor"",""Items.ExcludeFromLootSystem"",""Items.NotCustomizable""]","2026-02-25 21:38:24.494667+00"
"708","Fluted Light Caliber Compressor","A crafting component found in the Deep Desert.","[""Items.CraftedResources"",""LootTier.6"",""Loot.Component"",""Items.ExcludeFromLootSystem""]","2026-02-25 21:38:24.494667+00"
"709","Fluted Light Caliber compressor Schematic","N/A","[""Items.ExcludeFromExchange"",""Items.ExcludeFromPlayerSellingToVendor"",""Items.ExcludeFromPlayerBuyingFromVendor"",""Items.ExcludeFromLootSystem"",""Items.NotCustomizable""]","2026-02-25 21:38:24.494667+00"
"710","Focused Buggy Cutteray Mk3","Buggy mining laser with increased yield","[""Items.Holsters.Deployables.VehicleExtra.BuggyChoam"",""LootTier.3"",""Rarity.Rare"",""Items.NotCustomizable""]","2026-02-25 21:38:24.494667+00"
"711","Focused Buggy Cutteray Mk3 Schematic","Buggy mining laser with increased yield.","[""Items.Schematics.Deployables.VehicleExtra.BuggyChoam"",""LootTier.3"",""Rarity.Rare"",""LootPool.3""]","2026-02-25 21:38:24.494667+00"
"712","Focused Buggy Cutteray Mk4","Buggy mining laser with increased yield","[""Items.Holsters.Deployables.VehicleExtra.BuggyChoam"",""LootTier.4"",""Rarity.Rare"",""Items.NotCustomizable""]","2026-02-25 21:38:24.494667+00"
"713","Focused Buggy Cutteray Mk4 Schematic","Buggy mining laser with increased yield.","[""Items.Schematics.Deployables.VehicleExtra.BuggyChoam"",""LootTier.4"",""Rarity.Rare"",""LootPool.3""]","2026-02-25 21:38:24.494667+00"
"714","Focused Buggy Cutteray Mk5","Buggy mining laser with increased yield","[""Items.Holsters.Deployables.VehicleExtra.BuggyChoam"",""LootTier.5"",""Rarity.Rare"",""Items.NotCustomizable""]","2026-02-25 21:38:24.494667+00"
"715","Focused Buggy Cutteray Mk5 Schematic","Buggy mining laser with increased yield.","[""Items.Schematics.Deployables.VehicleExtra.BuggyChoam"",""LootTier.5"",""Rarity.Rare"",""LootPool.3""]","2026-02-25 21:38:24.494667+00"
"716","Focused Buggy Cutteray Mk6","Buggy mining laser with increased yield","[""Items.Holsters.Deployables.VehicleExtra.BuggyChoam"",""LootTier.6"",""Rarity.Rare"",""Items.NotCustomizable""]","2026-02-25 21:38:24.494667+00"
"717","Focused Buggy Cutteray Mk6 Schematic","Buggy mining laser with increased yield.","[""Items.Schematics.Deployables.VehicleExtra.BuggyChoam"",""LootTier.6"",""Rarity.Rare"",""LootPool.3""]","2026-02-25 21:38:24.494667+00"
"718","Focused Reaper Mk5","Dew scythe that gathers more moisture.","[""Items.Holsters.HydrationTools"",""LootTier.5"",""Rarity.Rare"",""Items.NotCustomizable""]","2026-02-25 21:38:24.494667+00"
"719","Focused Reaper Mk5 Schematic","Dew scythe that gathers more moisture.","[""Items.Schematics.HydrationTools"",""LootTier.5"",""Rarity.Rare"",""LootPool.1""]","2026-02-25 21:38:24.494667+00"
"720","Foreman's Dew Reaper","A dew reaper","[""Items.ExcludeFromExchange"",""Items.ExcludeFromPlayerSellingToVendor"",""Items.ExcludeFromPlayerBuyingFromVendor"",""Items.ExcludeFromLootSystem"",""Items.NotCustomizable""]","2026-02-25 21:38:24.494667+00"
"721","Fortified Armor Plating","A fabrication component found in loot","[""Items.ExcludeFromExchange"",""Items.ExcludeFromPlayerSellingToVendor"",""Items.ExcludeFromPlayerBuyingFromVendor"",""Items.ExcludeFromLootSystem"",""Items.NotCustomizable""]","2026-02-25 21:38:24.494667+00"
"722","Fortress Chestpiece","Fortress Chestpiece temp short desc","[""Items.ExcludeFromPlayerSellingToVendor"",""Items.ExcludeFromPlayerBuyingFromVendor"",""Items.ExcludeFromLootSystem"",""Items.ExcludeFromExchange""]","2026-02-25 21:38:24.494667+00"
"723","Fortress Chestpiece Schematic","A unique schematic.","[""Items.Schematics.Clothes.HeavyArmor"",""LootTier.6"",""Rarity.Rare""]","2026-02-25 21:38:24.494667+00"
"724","Foundation","","[""Items.ExcludeFromExchange"",""Items.ExcludeFromPlayerSellingToVendor"",""Items.ExcludeFromPlayerBuyingFromVendor"",""Items.ExcludeFromLootSystem"",""Items.NotCustomizable""]","2026-02-25 21:38:24.494667+00"
"725","Fremen Bloodline Records","A summary of Fremen tribes and bloodlines.","[""Items.ExcludeFromExchange"",""Items.Contract""]","2026-02-25 21:38:24.494667+00"
"726","Fremen Board Game","","[""Items.Consumables.BuildableSets"",""Items.ExcludeFromLootSystem"",""Items.ExcludeFromExchange""]","2026-02-25 21:38:24.494667+00"
"727","Fremen Exile Boots","A Fremen exile's boots","[""Items.ExcludeFromExchange"",""Items.ExcludeFromPlayerSellingToVendor"",""Items.ExcludeFromPlayerBuyingFromVendor"",""Items.ExcludeFromLootSystem"",""Items.NotCustomizable""]","2026-02-25 21:38:24.494667+00"
"728","Fremen Exile Cuirass","A Fremen exile's cuirass","[""Items.ExcludeFromExchange"",""Items.ExcludeFromPlayerSellingToVendor"",""Items.ExcludeFromPlayerBuyingFromVendor"",""Items.ExcludeFromLootSystem"",""Items.NotCustomizable""]","2026-02-25 21:38:24.494667+00"
"729","Fremen Exile Gloves","A Fremen exile's gloves","[""Items.ExcludeFromExchange"",""Items.ExcludeFromPlayerSellingToVendor"",""Items.ExcludeFromPlayerBuyingFromVendor"",""Items.ExcludeFromLootSystem"",""Items.NotCustomizable""]","2026-02-25 21:38:24.494667+00"
"730","Fremen Exile Hood","A Fremen exile's hood","[""Items.ExcludeFromExchange"",""Items.ExcludeFromPlayerSellingToVendor"",""Items.ExcludeFromPlayerBuyingFromVendor"",""Items.ExcludeFromLootSystem"",""Items.NotCustomizable""]","2026-02-25 21:38:24.494667+00"
"731","Fremen Stove","","[""Items.Consumables.BuildableSets"",""Items.ExcludeFromLootSystem"",""Items.ExcludeFromExchange""]","2026-02-25 21:38:24.494667+00"
"732","Fremen Suspensor Lamp","","[""Items.Consumables.BuildableSets"",""Items.ExcludeFromLootSystem"",""Items.ExcludeFromExchange""]","2026-02-25 21:38:24.494667+00"
"733","Fremen Troop Miniature","","[""Items.Consumables.BuildableSets"",""Items.ExcludeFromLootSystem"",""Items.ExcludeFromExchange""]","2026-02-25 21:38:24.494667+00"
"734","Fuel Cell","Energy unit used to power bases.","[""LootTier.1"",""Items.RawResources.Fuel""]","2026-02-25 21:38:24.494667+00"
"735","Fuel Mk2 Schematic","Learnable Schematic","[""Items.ExcludeFromExchange"",""Items.ExcludeFromPlayerSellingToVendor"",""Items.ExcludeFromPlayerBuyingFromVendor"",""Items.ExcludeFromLootSystem"",""Items.NotCustomizable""]","2026-02-25 21:38:24.494667+00"
"736","Fuel-Powered Generator","Fuel-Powered generator to power a base","[""Items.Consumables.BuildableSets"",""LootTier.0"",""Items.ExcludeFromLootSystem"",""Items.ExcludeFromExchange""]","2026-02-25 21:38:24.494667+00"
"737","Full Suspensor Belt","Nullifies the effect of gravity while active.","[""Items.Holsters.UtilityTools.Suspensor"",""LootTier.4"",""Loot.OldImperial"",""Items.NotCustomizable""]","2026-02-25 21:38:24.494667+00"
"740","Gauss rifle","","[]","2026-02-25 21:38:24.494667+00"
"741","Get the best loot with Drot!","A Kirab recruitment pamphlet","[""Contract.Target.Item"",""Items.ExcludeFromExchange"",""Items.Contract""]","2026-02-25 21:38:24.494667+00"
"742","Ghola Scrap Knife 1","Ghola Scrap Knife Temp short desc","[""Items.Holsters.MeleeWeapons.Knife.Kindjal"",""Items.ExcludeFromLootSystem"",""Items.ExcludeFromPlayerSellingToVendor"",""Items.ExcludeFromExchange"",""Items.ExcludeFromPlayerBuyingFromVendor""]","2026-02-25 21:38:24.494667+00"
"743","Ghola Scrap Knife 2","Ghola Scrap Knife Temp short desc","[""Items.Holsters.MeleeWeapons.Knife.Kindjal"",""Items.ExcludeFromLootSystem"",""Items.ExcludeFromPlayerSellingToVendor"",""Items.ExcludeFromExchange"",""Items.ExcludeFromPlayerBuyingFromVendor""]","2026-02-25 21:38:24.494667+00"
"744","Ghola Scrap Knife 3","Ghola Scrap Knife Temp short desc","[""Items.Holsters.MeleeWeapons.Knife.Kindjal"",""Items.ExcludeFromLootSystem"",""Items.ExcludeFromPlayerSellingToVendor"",""Items.ExcludeFromExchange"",""Items.ExcludeFromPlayerBuyingFromVendor""]","2026-02-25 21:38:24.494667+00"
"745","Giedi Casual Pants","Pants in classic Giedi Prime style.","[""Items.Clothes.Social.Legs""]","2026-02-25 21:38:24.494667+00"
"746","Giedi Casual Shirt","A tunic in classic Giedi Prime style.","[""Items.Clothes.Social.Torso""]","2026-02-25 21:38:24.494667+00"
"747","Giedi Casual Shoes","Shoes in classic Giedi Prime style.","[""Items.Clothes.Social.Feet""]","2026-02-25 21:38:24.494667+00"
"748","Glasser","Portable flamethrower.","[""Items.Holsters.RangedWeapons.Heavy.Flamethrower"",""LootTier.6"",""Rarity.Rare""]","2026-02-25 21:38:24.494667+00"
"749","Glasser Schematic","Portable flamethrower.","[""Items.Schematics.RangedWeapons.Exotic"",""LootTier.6"",""Rarity.Rare"",""LootPool.2""]","2026-02-25 21:38:24.494667+00"
"750","GlediCasual Schematic","Learnable Schematic","[""Items.ExcludeFromExchange"",""Items.ExcludeFromPlayerSellingToVendor"",""Items.ExcludeFromPlayerBuyingFromVendor"",""Items.ExcludeFromLootSystem"",""Items.NotCustomizable""]","2026-02-25 21:38:24.494667+00"
"751","Gloves of the Sisterhood","A Unique Bene Gesserit Gloves.","[""Items.ExcludeFromPlayerSellingToVendor"",""Items.ExcludeFromPlayerBuyingFromVendor"",""Items.ExcludeFromLootSystem"",""Items.ExcludeFromExchange""]","2026-02-25 21:38:24.494667+00"
"752","Glowtube","Hand held illumination device.","[""Items.Holsters.UtilityTools.Light"",""LootTier.0"",""Items.NotCustomizable""]","2026-02-25 21:38:24.494667+00"
"753","Glutton's Bloodbag","A bloodbag with an extra high capacity for blood.","[""Items.Holsters.HydrationTools"",""LootTier.3"",""Rarity.Rare"",""Items.NotCustomizable""]","2026-02-25 21:38:24.494667+00"
"754","Glutton's Bloodbag Schematic","Schematic for a bloodbag with an extra high capacity.","[""Items.Schematics.HydrationTools"",""LootTier.3"",""Rarity.Rare"",""LootPool.4""]","2026-02-25 21:38:24.494667+00"
"755","Glutton's Drinker","An exsanguinating kindjal used by the slavelord known as the Glutton.","[""Items.Holsters.MeleeWeapons.Knife.Kindjal"",""LootTier.3"",""Rarity.Rare""]","2026-02-25 21:38:24.494667+00"
"756","Glutton's Drinker Schematic","Schematic for an exasanguinating kindjal used by the slavelord known as the Glutton.","[""Items.Schematics.MeleeWeapons.Knife"",""LootTier.3"",""Rarity.Rare"",""LootPool.4""]","2026-02-25 21:38:24.494667+00"
"757","Granite Stone","A common building material.","[""Items.RawResources"",""LootTier.0""]","2026-02-25 21:38:24.494667+00"
"758","GRDA 44 Combat Sight Schematic","Schematic for a GRDA 44 Combat Sight","[""Items.ExcludeFromExchange"",""Items.ExcludeFromPlayerSellingToVendor"",""Items.ExcludeFromPlayerBuyingFromVendor"",""Items.ExcludeFromLootSystem"",""Items.NotCustomizable""]","2026-02-25 21:38:24.494667+00"
"759","GRDA 44 Fire Igniter Schematic","Fire igniter attachment for GRDA 44","[""Items.ExcludeFromExchange"",""Items.ExcludeFromPlayerSellingToVendor"",""Items.ExcludeFromPlayerBuyingFromVendor"",""Items.ExcludeFromLootSystem"",""Items.NotCustomizable""]","2026-02-25 21:38:24.494667+00"
"760","GRDA 44 Full Auto Converter Schematic","Schematic for a GRDA 44 Full Auto Converter","[""Items.ExcludeFromExchange"",""Items.ExcludeFromPlayerSellingToVendor"",""Items.ExcludeFromPlayerBuyingFromVendor"",""Items.ExcludeFromLootSystem"",""Items.NotCustomizable""]","2026-02-25 21:38:24.494667+00"
"761","GRDA 44 MK l Scattergun Schematic","Schematic for a GRDA 44 MK l Scattergun","[""Items.ExcludeFromExchange"",""Items.ExcludeFromPlayerSellingToVendor"",""Items.ExcludeFromPlayerBuyingFromVendor"",""Items.ExcludeFromLootSystem"",""Items.NotCustomizable""]","2026-02-25 21:38:24.494667+00"
"762","GRDA 44 Poison Coater Schematic","Schematic for a GRDA 44 Poison Coater","[""Items.ExcludeFromExchange"",""Items.ExcludeFromPlayerSellingToVendor"",""Items.ExcludeFromPlayerBuyingFromVendor"",""Items.ExcludeFromLootSystem"",""Items.NotCustomizable""]","2026-02-25 21:38:24.494667+00"
"763","GRDA 44 Quick Loader Schematic","Quick loader for the GRDA 44","[""Items.ExcludeFromExchange"",""Items.ExcludeFromPlayerSellingToVendor"",""Items.ExcludeFromPlayerBuyingFromVendor"",""Items.ExcludeFromLootSystem"",""Items.NotCustomizable""]","2026-02-25 21:38:24.494667+00"
"764","GRDA 44 Scattergun MK II Schematic","Wide range scattergun","[""Items.ExcludeFromExchange"",""Items.ExcludeFromPlayerSellingToVendor"",""Items.ExcludeFromPlayerBuyingFromVendor"",""Items.ExcludeFromLootSystem"",""Items.NotCustomizable""]","2026-02-25 21:38:24.494667+00"
"765","GRDA 44 Scattergun MK III Schematic","Wide range scattergun","[""Items.ExcludeFromExchange"",""Items.ExcludeFromPlayerSellingToVendor"",""Items.ExcludeFromPlayerBuyingFromVendor"",""Items.ExcludeFromLootSystem"",""Items.NotCustomizable""]","2026-02-25 21:38:24.494667+00"
"766","GRDA 44 Scattergun Schematic","Schematic for a GRDA 44 Scattergun","[""Items.ExcludeFromExchange"",""Items.ExcludeFromPlayerSellingToVendor"",""Items.ExcludeFromPlayerBuyingFromVendor"",""Items.ExcludeFromLootSystem"",""Items.NotCustomizable""]","2026-02-25 21:38:24.494667+00"
"767","GrenadeLauncherExtension Schematic","Learnable Schematic","[""Items.ExcludeFromExchange"",""Items.ExcludeFromPlayerSellingToVendor"",""Items.ExcludeFromPlayerBuyingFromVendor"",""Items.ExcludeFromLootSystem"",""Items.NotCustomizable""]","2026-02-25 21:38:24.494667+00"
"768","Gun Parts","A fabrication component found in loot.","[""Items.CraftedResources"",""LootTier.2"",""Loot.Component"",""Items.ExcludeFromLootSystem""]","2026-02-25 21:38:24.494667+00"
"769","Gunner Gun Storage","","[""Items.Consumables.BuildableSets"",""Items.ExcludeFromLootSystem"",""Items.ExcludeFromExchange""]","2026-02-25 21:38:24.494667+00"
"770","Gunner Working Table","","[""Items.Consumables.BuildableSets"",""Items.ExcludeFromLootSystem"",""Items.ExcludeFromExchange""]","2026-02-25 21:38:24.494667+00"
"771","Hajra Literjon Mk1","A high capacity literjon created for expeditions.","[""Items.Holsters.HydrationTools"",""LootTier.1"",""Rarity.Rare"",""Items.NotCustomizable""]","2026-02-25 21:38:24.494667+00"
"772","Hajra Literjon Mk1 Schematic","Schematic for a high capacity literjon created for expeditions.","[""Items.Schematics.HydrationTools"",""LootTier.1"",""Rarity.Rare"",""LootPool.4""]","2026-02-25 21:38:24.494667+00"
"773","Hajra Literjon Mk1 Schematic","Schematic for a high capacity literjon created for expeditions.","[""Items.ExcludeFromExchange"",""Items.ExcludeFromPlayerSellingToVendor"",""Items.ExcludeFromPlayerBuyingFromVendor"",""Items.ExcludeFromLootSystem"",""Items.NotCustomizable""]","2026-02-25 21:38:24.494667+00"
"774","Hajra Literjon Mk2","A high capacity literjon created for expeditions.","[""Items.Holsters.HydrationTools"",""LootTier.2"",""Rarity.Rare"",""Items.NotCustomizable""]","2026-02-25 21:38:24.494667+00"
"775","Hajra Literjon Mk2 Schematic","A high capacity literjon created for expeditions.","[""Items.Schematics.HydrationTools"",""LootTier.2"",""Rarity.Rare"",""LootPool.4""]","2026-02-25 21:38:24.494667+00"
"776","Hajra Literjon Mk3","A high capacity literjon created for expeditions.","[""Items.Holsters.HydrationTools"",""LootTier.3"",""Rarity.Rare"",""Items.NotCustomizable""]","2026-02-25 21:38:24.494667+00"
"777","Hajra Literjon Mk3 Schematic","Schematic for a high capacity literjon created for expeditions.","[""Items.Schematics.HydrationTools"",""LootTier.3"",""Rarity.Rare"",""LootPool.4""]","2026-02-25 21:38:24.494667+00"
"778","Hajra Literjon Mk4","A high capacity literjon created for expeditions.","[""Items.Holsters.HydrationTools"",""LootTier.4"",""Rarity.Rare"",""Items.NotCustomizable""]","2026-02-25 21:38:24.494667+00"
"779","Hajra Literjon Mk4 Schematic","Large portable container used for carrying water.","[""Items.Schematics.HydrationTools"",""LootTier.4"",""Rarity.Rare"",""LootPool.4""]","2026-02-25 21:38:24.494667+00"
"780","Hajra Literjon Mk5","A high capacity literjon created for expeditions.","[""Items.Holsters.HydrationTools"",""LootTier.5"",""Rarity.Rare"",""Items.NotCustomizable""]","2026-02-25 21:38:24.494667+00"
"781","Hajra Literjon Mk5 Schematic","Large portable container used for carrying water.","[""Items.Schematics.HydrationTools"",""LootTier.5"",""Rarity.Rare"",""LootPool.4""]","2026-02-25 21:38:24.494667+00"
"782","Hajra Literjon Mk6","A high capacity literjon created for expeditions.","[""Items.Holsters.HydrationTools"",""LootTier.6"",""Rarity.Rare"",""Items.NotCustomizable""]","2026-02-25 21:38:24.494667+00"
"783","Hajra Literjon Mk6 Schematic","Large portable container used for carrying water.","[""Items.Schematics.HydrationTools"",""LootTier.6"",""Rarity.Rare"",""LootPool.4""]","2026-02-25 21:38:24.494667+00"
"784","Halleck's Pick","A sword that releases a poisonous mist on contact.","[""Items.Holsters.MeleeWeapons.Sword.Rapier"",""LootTier.6"",""Rarity.Rare""]","2026-02-25 21:38:24.494667+00"
"785","Halleck's Pick Schematic","Schematic for a sword that releases a poisonous mist on contact.","[""Items.Schematics.MeleeWeapons.Sword"",""LootTier.6"",""Rarity.Rare"",""LootPool.5""]","2026-02-25 21:38:24.494667+00"
"786","Hand Held Torch Schematic","Schematic for a Hand held illumination device","[""Items.ExcludeFromExchange"",""Items.ExcludeFromPlayerSellingToVendor"",""Items.ExcludeFromPlayerBuyingFromVendor"",""Items.ExcludeFromLootSystem"",""Items.NotCustomizable""]","2026-02-25 21:38:24.494667+00"
"787","Handheld Life Scanner Mk3","Scanner that only detects the living.","[""Items.Holsters.CartographyTools"",""LootTier.3"",""Rarity.Rare"",""Items.NotCustomizable""]","2026-02-25 21:38:24.494667+00"
"788","Handheld Life Scanner Mk3 Schematic","Scanner that only detects the living.","[""Items.Schematics.CartographyTools"",""LootTier.3"",""Rarity.Rare"",""LootPool.1""]","2026-02-25 21:38:24.494667+00"
"789","Handheld Resource Scanner","Exploration scanner that reveals map information.","[""Items.Holsters.CartographyTools"",""LootTier.2"",""Loot.Fremen"",""Items.NotCustomizable""]","2026-02-25 21:38:24.494667+00"
"790","Harko Commoner Gloves","A pair of gloves in traditional Harko fashion","[""Items.ExcludeFromExchange"",""Items.ExcludeFromPlayerSellingToVendor"",""Items.ExcludeFromPlayerBuyingFromVendor"",""Items.ExcludeFromLootSystem"",""Items.NotCustomizable""]","2026-02-25 21:38:24.494667+00"
"791","Harko Commoner Hat","A hat in traditional Harko fashion","[""Items.ExcludeFromExchange"",""Items.ExcludeFromPlayerSellingToVendor"",""Items.ExcludeFromPlayerBuyingFromVendor"",""Items.ExcludeFromLootSystem"",""Items.NotCustomizable""]","2026-02-25 21:38:24.494667+00"
"792","Harko Commoner Pants","A pair of pants in traditional Harko fashion","[""Items.ExcludeFromExchange"",""Items.ExcludeFromPlayerSellingToVendor"",""Items.ExcludeFromPlayerBuyingFromVendor"",""Items.ExcludeFromLootSystem"",""Items.NotCustomizable""]","2026-02-25 21:38:24.494667+00"
"793","Harko Commoner Shirt","A tunic in traditional Harko fashion","[""Items.ExcludeFromExchange"",""Items.ExcludeFromPlayerSellingToVendor"",""Items.ExcludeFromPlayerBuyingFromVendor"",""Items.ExcludeFromLootSystem"",""Items.NotCustomizable""]","2026-02-25 21:38:24.494667+00"
"794","Harko Commoner Shoes","A pair of shoes in traditional Harko fashion","[""Items.ExcludeFromExchange"",""Items.ExcludeFromPlayerSellingToVendor"",""Items.ExcludeFromPlayerBuyingFromVendor"",""Items.ExcludeFromLootSystem"",""Items.NotCustomizable""]","2026-02-25 21:38:24.494667+00"
"795","Harkonnen Assault Boots","Harkonnen style combat boots","[""Items.ExcludeFromExchange"",""Items.ExcludeFromPlayerSellingToVendor"",""Items.ExcludeFromPlayerBuyingFromVendor"",""Items.ExcludeFromLootSystem"",""Items.NotCustomizable""]","2026-02-25 21:38:24.494667+00"
"796","Harkonnen Assault Chestpiece","Harkonnen style combat chestpiece","[""Items.ExcludeFromExchange"",""Items.ExcludeFromPlayerSellingToVendor"",""Items.ExcludeFromPlayerBuyingFromVendor"",""Items.ExcludeFromLootSystem"",""Items.NotCustomizable""]","2026-02-25 21:38:24.494667+00"
"797","Harkonnen Assault Gloves","Harkonnen style combat gloves","[""Items.ExcludeFromExchange"",""Items.ExcludeFromPlayerSellingToVendor"",""Items.ExcludeFromPlayerBuyingFromVendor"",""Items.ExcludeFromLootSystem"",""Items.NotCustomizable""]","2026-02-25 21:38:24.494667+00"
"798","Harkonnen Assault Helmet","Harkonnen style combat helmet","[""Items.ExcludeFromExchange"",""Items.ExcludeFromPlayerSellingToVendor"",""Items.ExcludeFromPlayerBuyingFromVendor"",""Items.ExcludeFromLootSystem"",""Items.NotCustomizable""]","2026-02-25 21:38:24.494667+00"
"799","Harkonnen Assault Pants","Harkonnen style combat pants","[""Items.ExcludeFromExchange"",""Items.ExcludeFromPlayerSellingToVendor"",""Items.ExcludeFromPlayerBuyingFromVendor"",""Items.ExcludeFromLootSystem"",""Items.NotCustomizable""]","2026-02-25 21:38:24.494667+00"
"800","Harkonnen Basic Lights Set","Harkonnen Basic Lights","[""Items.Consumables.BuildableSets"",""Items.Faction.Harkonnen.Tier2"",""Items.ExcludeFromExchange""]","2026-02-25 21:38:24.494667+00"
"801","Harkonnen Bedroom Furniture Set","Harkonnen Bedroom Furniture","[""Items.Consumables.BuildableSets"",""Items.Faction.Harkonnen.Tier4"",""Items.ExcludeFromExchange""]","2026-02-25 21:38:24.494667+00"
"802","Harkonnen Casualty Report","A set of numbers and letters.","[""Contract.Target.Item"",""Items.ExcludeFromExchange"",""Items.Contract""]","2026-02-25 21:38:24.494667+00"
"803","Harkonnen Datapad","EMPTY SOURCE STRING","[""Items.ExcludeFromExchange"",""Items.ExcludeFromPlayerSellingToVendor"",""Items.ExcludeFromPlayerBuyingFromVendor"",""Items.ExcludeFromLootSystem"",""Items.NotCustomizable""]","2026-02-25 21:38:24.494667+00"
"804","Harkonnen Dining Room Furniture Set","Harkonnen Dining Room Furniture","[""Items.Consumables.BuildableSets"",""Items.Faction.Harkonnen.Tier5"",""Items.ExcludeFromExchange""]","2026-02-25 21:38:24.494667+00"
"805","Harkonnen Hand Scanner Schematic","Schematic for a Harkonnen Hand Scanner","[""Items.ExcludeFromExchange"",""Items.ExcludeFromPlayerSellingToVendor"",""Items.ExcludeFromPlayerBuyingFromVendor"",""Items.ExcludeFromLootSystem"",""Items.NotCustomizable""]","2026-02-25 21:38:24.494667+00"
"806","Harkonnen Hand Scanner Schematic","Schematic for a Harkonnen Hand Scanner","[""Items.ExcludeFromExchange"",""Items.ExcludeFromPlayerSellingToVendor"",""Items.ExcludeFromPlayerBuyingFromVendor"",""Items.ExcludeFromLootSystem"",""Items.NotCustomizable""]","2026-02-25 21:38:24.494667+00"
"807","Harkonnen Heavy Boots","Boots for the Harkonnen Heavy","[""Items.ExcludeFromExchange"",""Items.ExcludeFromPlayerSellingToVendor"",""Items.ExcludeFromPlayerBuyingFromVendor"",""Items.ExcludeFromLootSystem"",""Items.NotCustomizable""]","2026-02-25 21:38:24.494667+00"
"808","Harkonnen Heavy Chest","Top for the Harkonnen Heavy","[""Items.ExcludeFromExchange"",""Items.ExcludeFromPlayerSellingToVendor"",""Items.ExcludeFromPlayerBuyingFromVendor"",""Items.ExcludeFromLootSystem"",""Items.NotCustomizable""]","2026-02-25 21:38:24.494667+00"
"809","Harkonnen Heavy Gloves","Gloves for the Harkonnen Heavy","[""Items.ExcludeFromExchange"",""Items.ExcludeFromPlayerSellingToVendor"",""Items.ExcludeFromPlayerBuyingFromVendor"",""Items.ExcludeFromLootSystem"",""Items.NotCustomizable""]","2026-02-25 21:38:24.494667+00"
"810","Harkonnen Heavy Helmet","Helmet for the Harkonnen Heavy","[""Items.ExcludeFromExchange"",""Items.ExcludeFromPlayerSellingToVendor"",""Items.ExcludeFromPlayerBuyingFromVendor"",""Items.ExcludeFromLootSystem"",""Items.NotCustomizable""]","2026-02-25 21:38:24.494667+00"
"811","Harkonnen Heavy Legs","Bottom for the Harkonnen Heavy","[""Items.ExcludeFromExchange"",""Items.ExcludeFromPlayerSellingToVendor"",""Items.ExcludeFromPlayerBuyingFromVendor"",""Items.ExcludeFromLootSystem"",""Items.NotCustomizable""]","2026-02-25 21:38:24.494667+00"
"812","Harkonnen Office Furniture Set","Harkonnen Office Furniture","[""Items.Consumables.BuildableSets"",""Items.Faction.Harkonnen.Tier3"",""Items.ExcludeFromExchange""]","2026-02-25 21:38:24.494667+00"
"813","Harkonnen Officer Jacket","A formal jacket worn by Harkonnen officers","[""Items.ExcludeFromExchange"",""Items.ExcludeFromPlayerSellingToVendor"",""Items.ExcludeFromPlayerBuyingFromVendor"",""Items.ExcludeFromLootSystem"",""Items.NotCustomizable""]","2026-02-25 21:38:24.494667+00"
"814","Harkonnen Recruit Jacket","A formal jacket worn by Harkonnen recruits","[""Items.ExcludeFromExchange"",""Items.ExcludeFromPlayerSellingToVendor"",""Items.ExcludeFromPlayerBuyingFromVendor"",""Items.ExcludeFromLootSystem"",""Items.NotCustomizable""]","2026-02-25 21:38:24.494667+00"
"815","Harkonnen Scout Boots","A Harkonnen soldier's Scout boots","[""Items.ExcludeFromExchange"",""Items.ExcludeFromPlayerSellingToVendor"",""Items.ExcludeFromPlayerBuyingFromVendor"",""Items.ExcludeFromLootSystem"",""Items.NotCustomizable""]","2026-02-25 21:38:24.494667+00"
"816","Harkonnen Scout Gauntlets","A Harkonnen soldier's Scout gauntlets","[""Items.ExcludeFromExchange"",""Items.ExcludeFromPlayerSellingToVendor"",""Items.ExcludeFromPlayerBuyingFromVendor"",""Items.ExcludeFromLootSystem"",""Items.NotCustomizable""]","2026-02-25 21:38:24.494667+00"
"817","Harkonnen Scout Helmet","A Harkonnen soldier's Scout helmet","[""Items.ExcludeFromExchange"",""Items.ExcludeFromPlayerSellingToVendor"",""Items.ExcludeFromPlayerBuyingFromVendor"",""Items.ExcludeFromLootSystem"",""Items.NotCustomizable""]","2026-02-25 21:38:24.494667+00"
"818","Harkonnen Scout Pants","A Harkonnen soldier's Scout pants","[""Items.ExcludeFromExchange"",""Items.ExcludeFromPlayerSellingToVendor"",""Items.ExcludeFromPlayerBuyingFromVendor"",""Items.ExcludeFromLootSystem"",""Items.NotCustomizable""]","2026-02-25 21:38:24.494667+00"
"819","Harkonnen Soldier Jacket","A formal jacket worn by Harkonnen soldiers","[""Items.ExcludeFromExchange"",""Items.ExcludeFromPlayerSellingToVendor"",""Items.ExcludeFromPlayerBuyingFromVendor"",""Items.ExcludeFromLootSystem"",""Items.NotCustomizable""]","2026-02-25 21:38:24.494667+00"
"820","Harkonnen Spice Shipping Ledger","A ledger of spice shipments","[""Items.ExcludeFromExchange"",""Items.ExcludeFromPlayerSellingToVendor"",""Items.ExcludeFromPlayerBuyingFromVendor"",""Items.ExcludeFromLootSystem"",""Items.NotCustomizable""]","2026-02-25 21:38:24.494667+00"
"821","Harkonnen Stronghold","Harkonnen style permanent building set","[""Items.Consumables.BuildableSets"",""Items.Faction.Harkonnen.Tier2"",""Items.ExcludeFromExchange""]","2026-02-25 21:38:24.494667+00"
"822","Harkonnen Style Lighting Schematic","Learnable Schematic","[""Items.ExcludeFromExchange"",""Items.ExcludeFromPlayerSellingToVendor"",""Items.ExcludeFromPlayerBuyingFromVendor"",""Items.ExcludeFromLootSystem"",""Items.NotCustomizable""]","2026-02-25 21:38:24.494667+00"
"823","Harkonnen Troop Miniature","","[""Items.Consumables.BuildableSets"",""Items.ExcludeFromLootSystem"",""Items.ExcludeFromExchange""]","2026-02-25 21:38:24.494667+00"
"824","HarkonnenAssault Schematic","Learnable Schematic","[""Items.ExcludeFromExchange"",""Items.ExcludeFromPlayerSellingToVendor"",""Items.ExcludeFromPlayerBuyingFromVendor"",""Items.ExcludeFromLootSystem"",""Items.NotCustomizable""]","2026-02-25 21:38:24.494667+00"
"825","HarkonnenRegalia Schematic","Learnable Schematic","[""Items.ExcludeFromExchange"",""Items.ExcludeFromPlayerSellingToVendor"",""Items.ExcludeFromPlayerBuyingFromVendor"",""Items.ExcludeFromLootSystem"",""Items.NotCustomizable""]","2026-02-25 21:38:24.494667+00"
"826","HarkonnenScout Schematic","Learnable Schematic","[""Items.ExcludeFromExchange"",""Items.ExcludeFromPlayerSellingToVendor"",""Items.ExcludeFromPlayerBuyingFromVendor"",""Items.ExcludeFromLootSystem"",""Items.NotCustomizable""]","2026-02-25 21:38:24.494667+00"
"827","Harvester Miniature","","[""Items.Consumables.BuildableSets"",""Items.ExcludeFromLootSystem"",""Items.ExcludeFromExchange""]","2026-02-25 21:38:24.494667+00"
"828","Hawkeye Scanner Module Mk5 Schematic","Schematic for a long range ornithopter scanner.","[""Items.Schematics.Deployables.VehicleExtra.LightOrniCHOAM"",""LootTier.5"",""Rarity.Rare"",""LootPool.3"",""Items.ExcludeFromLootSystem""]","2026-02-25 21:38:24.494667+00"
"829","Healkit","Heals wounds and cleanses ongoing effects.","[""Items.Consumables.Health"",""LootTier.0"",""Items.NotCustomizable""]","2026-02-25 21:38:24.494667+00"
"830","Healkit Mk2","Heals wounds and cleanses ongoing effects.","[""Items.Consumables.Health"",""LootTier.2"",""Loot.Fremen"",""Items.NotCustomizable""]","2026-02-25 21:38:24.494667+00"
"831","Healkit Mk4","Heals wounds and cleanses ongoing effects.","[""Items.Consumables.Health"",""LootTier.4"",""Loot.Fremen"",""Items.NotCustomizable""]","2026-02-25 21:38:24.494667+00"
"832","Healkit Mk6","Heals wounds and cleanses ongoing effects.","[""Items.Consumables.Health"",""LootTier.6"",""Loot.Fremen"",""Items.NotCustomizable""]","2026-02-25 21:38:24.494667+00"
"833","Heaven's Wrath Rocket Module Mk5 Schematic","Schematic for a rapid fire rocket module for scout ornithopters.","[""Items.Schematics.Deployables.VehicleExtra.LightOrniCHOAM"",""LootTier.5"",""Rarity.Rare"",""LootPool.3"",""Items.ExcludeFromLootSystem""]","2026-02-25 21:38:24.494667+00"
"834","Heaven's Wrath Rocket Module Mk6 Schematic","Schematic for a rapid fire rocket module for scout ornithopters.","[""Items.Schematics.Deployables.VehicleExtra.LightOrniCHOAM"",""LootTier.6"",""Rarity.Rare"",""LootPool.3"",""Items.ExcludeFromLootSystem""]","2026-02-25 21:38:24.494667+00"
"835","Heavy Caliber Compressor","A fabrication component found in loot.","[""Items.CraftedResources"",""LootTier.4"",""Loot.Component"",""Items.ExcludeFromLootSystem""]","2026-02-25 21:38:24.494667+00"
"836","Heavy Darts","Standard ammunition for more advanced weapons.","[""Items.Ammo.Heavy"",""LootTier.2"",""Items.ExcludeFromPlayerSellingToVendor"",""Items.NotCustomizable""]","2026-02-25 21:38:24.494667+00"
"837","Heavy Darts Schematic","Schematic for Heavy Darts","[""Items.ExcludeFromExchange"",""Items.ExcludeFromPlayerSellingToVendor"",""Items.ExcludeFromPlayerBuyingFromVendor"",""Items.ExcludeFromLootSystem"",""Items.NotCustomizable""]","2026-02-25 21:38:24.494667+00"
"838","Heavy Dew Reaper","Device to collect water from the environment","[""Items.ExcludeFromExchange"",""Items.ExcludeFromPlayerSellingToVendor"",""Items.ExcludeFromPlayerBuyingFromVendor"",""Items.ExcludeFromLootSystem"",""Items.NotCustomizable""]","2026-02-25 21:38:24.494667+00"
"839","Heavy Industrial Cutteray Schematic","Schematic for a Heavy Industrial Cutteray","[""Items.ExcludeFromExchange"",""Items.ExcludeFromPlayerSellingToVendor"",""Items.ExcludeFromPlayerBuyingFromVendor"",""Items.ExcludeFromLootSystem"",""Items.NotCustomizable""]","2026-02-25 21:38:24.494667+00"
"840","Heavy Turret","Autonomous defensive weapon","[""Items.ExcludeFromExchange"",""Items.ExcludeFromPlayerSellingToVendor"",""Items.ExcludeFromPlayerBuyingFromVendor"",""Items.ExcludeFromLootSystem"",""Items.NotCustomizable""]","2026-02-25 21:38:24.494667+00"
"841","HeavyTurretDarts Schematic","Learnable Schematic","[""Items.ExcludeFromExchange"",""Items.ExcludeFromPlayerSellingToVendor"",""Items.ExcludeFromPlayerBuyingFromVendor"",""Items.ExcludeFromLootSystem"",""Items.NotCustomizable""]","2026-02-25 21:38:24.494667+00"
"842","High-tensile Springs","A fabrication component found in loot","[""Items.ExcludeFromExchange"",""Items.ExcludeFromPlayerSellingToVendor"",""Items.ExcludeFromPlayerBuyingFromVendor"",""Items.ExcludeFromLootSystem"",""Items.NotCustomizable""]","2026-02-25 21:38:24.494667+00"
"843","Hollower Stillsuit Boots","Unique armored stillsuit boots developed by the Hollower clan.","[""Items.Clothes.Stillsuit.Feet"",""LootTier.1"",""Rarity.Rare""]","2026-02-25 21:38:24.494667+00"
"844","Hollower Stillsuit Boots Schematic","Schematic for unique armored stillsuit boots developed by the Hollower clan.","[""Items.Schematics.Clothes.Stillsuit"",""LootTier.1"",""Rarity.Rare"",""LootPool.2""]","2026-02-25 21:38:24.494667+00"
"845","Hollower Stillsuit Garment","A unique armored stillsuit garment developed by the Hollower clan.","[""Items.Clothes.Stillsuit.Torso"",""LootTier.1"",""Rarity.Rare""]","2026-02-25 21:38:24.494667+00"
"846","Hollower Stillsuit Garment Schematic","Schematic for a unique armored stillsuit garment developed by the Hollower clan.","[""Items.Schematics.Clothes.Stillsuit"",""LootTier.1"",""Rarity.Rare"",""LootPool.2""]","2026-02-25 21:38:24.494667+00"
"847","Hollower Stillsuit Gloves","Unique armored stillsuit gloves developed by the Hollower clan.","[""Items.Clothes.Stillsuit.Hands"",""LootTier.1"",""Rarity.Rare""]","2026-02-25 21:38:24.494667+00"
"848","Hollower Stillsuit Gloves Schematic","Schematic for unique armored stillsuit gloves developed by the Hollower clan.","[""Items.Schematics.Clothes.Stillsuit"",""LootTier.1"",""Rarity.Rare"",""LootPool.2""]","2026-02-25 21:38:24.494667+00"
"849","Hollower Stillsuit Mask","A unique armored stillsuit mask developed by the Hollower clan.","[""Items.Clothes.Stillsuit.Head"",""LootTier.1"",""Rarity.Rare""]","2026-02-25 21:38:24.494667+00"
"850","Hollower Stillsuit Mask Schematic","Schematic for a unique armored stillsuit mask developed by the Hollower clan.","[""Items.Schematics.Clothes.Stillsuit"",""LootTier.1"",""Rarity.Rare"",""LootPool.2""]","2026-02-25 21:38:24.494667+00"
"851","Holtzman Actuator","A fabrication component found in loot.","[""Items.CraftedResources"",""LootTier.1"",""Loot.Component"",""Items.ExcludeFromLootSystem""]","2026-02-25 21:38:24.494667+00"
"852","Holtzman Amplifier","A complex piece of machinery.","[""Items.ExcludeFromExchange"",""Items.Contract"",""Items.ActorBoundItem""]","2026-02-25 21:38:24.494667+00"
"853","Holtzman Shield Infinite","Energy shield utilizing the Holtzman effect","[""Items.ExcludeFromExchange"",""Items.ExcludeFromPlayerSellingToVendor"",""Items.ExcludeFromPlayerBuyingFromVendor"",""Items.ExcludeFromLootSystem"",""Items.NotCustomizable""]","2026-02-25 21:38:24.494667+00"
"854","Holtzman Shield Mk2","Energy shield utilizing the Holtzman effect.","[""Items.Holsters.UtilityTools.Shield"",""LootTier.2"",""Loot.OldImperial"",""Items.NotCustomizable""]","2026-02-25 21:38:24.494667+00"
"855","Holtzman Shield Mk3","Energy shield utilizing the Holtzman effect.","[""Items.Holsters.UtilityTools.Shield"",""LootTier.3"",""Loot.OldImperial"",""Items.NotCustomizable""]","2026-02-25 21:38:24.494667+00"
"856","Holtzman Shield Mk5","Energy shield utilizing the Holtzman effect.","[""Items.Holsters.UtilityTools.Shield"",""LootTier.5"",""Loot.OldImperial"",""Items.NotCustomizable""]","2026-02-25 21:38:24.494667+00"
"857","Hook-claw Gloves","Light armor gloves that makes climbing less arduous and stamina draining.","[""Items.Clothes.ScoutArmor.Hands"",""LootTier.6"",""Rarity.Rare""]","2026-02-25 21:38:24.494667+00"
"858","Hook-claw Gloves Schematic","Light armor gloves that makes climbing less arduous and stamina draining.","[""Items.Schematics.Clothes.ScoutArmor"",""LootTier.6"",""Rarity.Rare"",""LootPool.2""]","2026-02-25 21:38:24.494667+00"
"859","Horizontal Pentashield","Blocks entry for those without permission","[""Items.Consumables.BuildableSets"",""LootTier.3"",""Items.ExcludeFromLootSystem"",""Items.ExcludeFromExchange""]","2026-02-25 21:38:24.494667+00"
"860","House Burst Drillshot","Double barrel ""anti-shield"" shotgun with increased capacity that charges up to fire a burst of two burrow darts.","[""Items.Holsters.RangedWeapons.Heavy.Shotgun"",""LootTier.4"",""Rarity.Rare""]","2026-02-25 21:38:24.494667+00"
"861","House Burst Drillshot Schematic","Schematic for a double barrel ""anti-shield"" shotgun with increased capacity that charges up to fire a burst of two burrow darts.","[""Items.Schematics.RangedWeapons.Heavy.Shotgun"",""LootTier.4"",""Rarity.Rare"",""LootPool.2""]","2026-02-25 21:38:24.494667+00"
"862","House Dirk","A Harkonnen style short blade melee weapon.","[""Items.Holsters.MeleeWeapons.Knife.Dirk"",""LootTier.4"",""Loot.GreatHouse""]","2026-02-25 21:38:24.494667+00"
"863","House Disruptor M11","Rapid fire disruptor.","[""Items.Holsters.RangedWeapons.Light.SMG"",""LootTier.4"",""Loot.GreatHouse""]","2026-02-25 21:38:24.494667+00"
"864","House Disruptor Pistol","A heavy disruptor pistol.","[""Items.Holsters.RangedWeapons.Heavy.Pistol"",""LootTier.4"",""Rarity.Rare""]","2026-02-25 21:38:24.494667+00"
"865","House Disruptor Pistol Schematic","Schematic for a heavy disruptor pistol.","[""Items.Schematics.RangedWeapons.Heavy.Pistol"",""LootTier.4"",""Rarity.Rare"",""LootPool.2""]","2026-02-25 21:38:24.494667+00"
"866","House Drillshot FK7","Double barrel ""anti-shield"" shotgun.","[""Items.Holsters.RangedWeapons.Heavy.Shotgun"",""LootTier.4"",""Loot.GreatHouse""]","2026-02-25 21:38:24.494667+00"
"867","House GRDA 44","Wide range scattergun.","[""Items.Holsters.RangedWeapons.Light.Shotgun"",""LootTier.4"",""Loot.GreatHouse""]","2026-02-25 21:38:24.494667+00"
"868","House JABAL Spitdart","Rapid cycling scoped rifle that fires poison-laced darts.","[""Items.Holsters.RangedWeapons.Light.Rifle.SpitDart"",""LootTier.4"",""Loot.GreatHouse""]","2026-02-25 21:38:24.494667+00"
"869","House Karpov 38","Gas powered assault rifle.","[""Items.Holsters.RangedWeapons.Light.Rifle.BattleRifle"",""LootTier.4"",""Loot.GreatHouse""]","2026-02-25 21:38:24.494667+00"
"870","House Karpov 38","Gas powered assault rifle.","[""Items.ExcludeFromExchange"",""Items.ExcludeFromPlayerSellingToVendor"",""Items.ExcludeFromPlayerBuyingFromVendor"",""Items.ExcludeFromLootSystem"",""Items.NotCustomizable""]","2026-02-25 21:38:24.494667+00"
"871","House Kindjal","Curved short blade used for close combat.","[""Items.Holsters.MeleeWeapons.Knife.Kindjal"",""LootTier.4"",""Loot.GreatHouse""]","2026-02-25 21:38:24.494667+00"
"872","House Maula Pistol","Lightweight Pistol.","[""Items.Holsters.RangedWeapons.Light.Pistol"",""LootTier.4"",""Loot.GreatHouse""]","2026-02-25 21:38:24.494667+00"
"873","House Rafiq Snubnose","High caliber pistol.","[""Items.Holsters.RangedWeapons.Heavy.Pistol"",""LootTier.4"",""Loot.GreatHouse""]","2026-02-25 21:38:24.494667+00"
"874","House Rapier","Long bladed melee weapon.","[""Items.Holsters.MeleeWeapons.Sword.Rapier"",""LootTier.4"",""Loot.GreatHouse""]","2026-02-25 21:38:24.494667+00"
"875","House Sandbike Inventory","Adds inventory space to the Sandbike.","[""Items.ExcludeFromExchange"",""Items.ExcludeFromPlayerSellingToVendor"",""Items.ExcludeFromPlayerBuyingFromVendor"",""Items.ExcludeFromLootSystem"",""Items.NotCustomizable""]","2026-02-25 21:38:24.494667+00"
"876","House Sword","Long bladed melee weapon.","[""Items.Holsters.MeleeWeapons.Sword.Sword"",""LootTier.4"",""Loot.GreatHouse""]","2026-02-25 21:38:24.494667+00"
"877","House Vulcan GAU-92","Light machinegun.","[""Items.Holsters.RangedWeapons.Heavy.LMG"",""LootTier.4"",""Loot.GreatHouse""]","2026-02-25 21:38:24.494667+00"
"878","House Welding Torch","A tool for vehicle assembly and maintenance","[""Items.ExcludeFromExchange"",""Items.ExcludeFromPlayerSellingToVendor"",""Items.ExcludeFromPlayerBuyingFromVendor"",""Items.ExcludeFromLootSystem"",""Items.NotCustomizable""]","2026-02-25 21:38:24.494667+00"
"879","HP Boost","Doubling your hitpoints.","[""Items.ExcludeFromExchange"",""Items.ExcludeFromPlayerSellingToVendor"",""Items.ExcludeFromPlayerBuyingFromVendor"",""Items.ExcludeFromLootSystem"",""Items.NotCustomizable""]","2026-02-25 21:38:24.494667+00"
"880","Hummingbird Wing Module Mk5","Assault ornithopter wing that sacrifices speed for agility","[""Items.Holsters.Deployables.VehicleBase.MediumOrniCHOAM"",""LootTier.5"",""Rarity.Rare"",""Items.NotCustomizable""]","2026-02-25 21:38:24.494667+00"
"881","Hummingbird Wing Module Mk5 Schematic","Schematic for a assault ornithopter wing that sacrifices speed for agility.","[""Items.Schematics.Deployables.VehicleExtra.MediumOrniCHOAM"",""LootTier.5"",""Rarity.Rare""]","2026-02-25 21:38:24.494667+00"
"882","Hummingbird Wing Module Mk6","Assault ornithopter wing that sacrifices speed for agility","[""Items.Holsters.Deployables.VehicleBase.MediumOrniCHOAM"",""LootTier.6"",""Rarity.Rare"",""Items.NotCustomizable""]","2026-02-25 21:38:24.494667+00"
"883","Hummingbird Wing Module Mk6 Schematic","Schematic for a assault ornithopter wing that sacrifices speed for agility.","[""Items.Schematics.Deployables.VehicleExtra.MediumOrniCHOAM"",""LootTier.6"",""Rarity.Rare""]","2026-02-25 21:38:24.494667+00"
"884","Hunter-seeker Schematic","Learnable Schematic","[""Items.ExcludeFromExchange"",""Items.ExcludeFromPlayerSellingToVendor"",""Items.ExcludeFromPlayerBuyingFromVendor"",""Items.ExcludeFromLootSystem"",""Items.NotCustomizable""]","2026-02-25 21:38:24.494667+00"
"885","Hydraulic Piston","A component used in vehicle fabrication.","[""Items.CraftedResources"",""LootTier.5"",""Loot.Component"",""Items.ExcludeFromLootSystem""]","2026-02-25 21:38:24.494667+00"
"886","Hyper Kinetic Suspensor Belt","Temp short desc","[""Items.ExcludeFromExchange"",""Items.ExcludeFromPlayerSellingToVendor"",""Items.ExcludeFromPlayerBuyingFromVendor"",""Items.ExcludeFromLootSystem"",""Items.NotCustomizable""]","2026-02-25 21:38:24.494667+00"
"887","Idaho Softstep Boots","A pair of boots that decrease vibrations.","[""Items.Clothes.ScoutArmor.Feet"",""LootTier.4"",""Rarity.Rare""]","2026-02-25 21:38:24.494667+00"
"888","Idaho Softstep Boots Schematic","Schematic for a pair of boots that decrease vibrations.","[""Items.Schematics.Clothes.ScoutArmor"",""LootTier.4"",""Rarity.Rare"",""LootPool.2""]","2026-02-25 21:38:24.494667+00"
"889","Idaho's Charge","A jacket rigged with wires that aid suspensor usage.","[""Items.Clothes.ScoutArmor.Torso"",""LootTier.6"",""Rarity.Rare""]","2026-02-25 21:38:24.494667+00"
"890","Idaho's Charge Schematic","Schematic for a jacket rigged with wires that aid suspensor usage.","[""Items.Schematics.Clothes.ScoutArmor"",""LootTier.6"",""Rarity.Rare"",""LootPool.2""]","2026-02-25 21:38:24.494667+00"
"891","Imperial Casual Gloves","Gloves in classic Kaitain style","[""Items.ExcludeFromExchange"",""Items.ExcludeFromPlayerSellingToVendor"",""Items.ExcludeFromPlayerBuyingFromVendor"",""Items.ExcludeFromLootSystem"",""Items.NotCustomizable""]","2026-02-25 21:38:24.494667+00"
"892","Imperial Casual Pants","Pants in classic Kaitain style","[""Items.ExcludeFromExchange"",""Items.ExcludeFromPlayerSellingToVendor"",""Items.ExcludeFromPlayerBuyingFromVendor"",""Items.ExcludeFromLootSystem"",""Items.NotCustomizable""]","2026-02-25 21:38:24.494667+00"
"893","Imperial Casual Shirt","A tunic in classic Kaitain style","[""Items.ExcludeFromExchange"",""Items.ExcludeFromPlayerSellingToVendor"",""Items.ExcludeFromPlayerBuyingFromVendor"",""Items.ExcludeFromLootSystem"",""Items.NotCustomizable""]","2026-02-25 21:38:24.494667+00"
"894","Imperial Casual Shoes","Shoes in classic Kaitain style","[""Items.ExcludeFromExchange"",""Items.ExcludeFromPlayerSellingToVendor"",""Items.ExcludeFromPlayerBuyingFromVendor"",""Items.ExcludeFromLootSystem"",""Items.NotCustomizable""]","2026-02-25 21:38:24.494667+00"
"895","Imperial Casual Shoes","Casual shoes in an Imperial style.","[""Items.Clothes.Social.Feet""]","2026-02-25 21:38:24.494667+00"
"896","Imperial Casual Top","Casual clothing in an Imperial style.","[""Items.Clothes.Social.Torso""]","2026-02-25 21:38:24.494667+00"
"897","Imperial Stillsuit Body","A Unique Imperial Stillsuit Body.","[""Items.ExcludeFromPlayerSellingToVendor"",""Items.ExcludeFromPlayerBuyingFromVendor"",""Items.ExcludeFromLootSystem"",""Items.ExcludeFromExchange""]","2026-02-25 21:38:24.494667+00"
"898","Imperial Stillsuit Boots","Stillsuit boots designed for Imperial visitors.","[""Items.Clothes.Stillsuit.Feet"",""LootTier.6"",""Rarity.Rare""]","2026-02-25 21:38:24.494667+00"
"899","Imperial Stillsuit Boots","A Unique Imperial Stillsuit Boots.","[""Items.ExcludeFromPlayerSellingToVendor"",""Items.ExcludeFromPlayerBuyingFromVendor"",""Items.ExcludeFromLootSystem"",""Items.ExcludeFromExchange""]","2026-02-25 21:38:24.494667+00"
"900","Imperial Stillsuit Boots Schematic","Schematic for stillsuit boots designed for Imperial visitors.","[""Items.Schematics.Clothes.Stillsuit"",""LootTier.6"",""Rarity.Rare"",""LootPool.2""]","2026-02-25 21:38:24.494667+00"
"901","Imperial Stillsuit Garment","A stillsuit garment designed for Imperial visitors.","[""Items.Clothes.Stillsuit.Torso"",""LootTier.6"",""Rarity.Rare""]","2026-02-25 21:38:24.494667+00"
"902","Imperial Stillsuit Garment Schematic","Schematic for a stillsuit garment designed for Imperial visitors.","[""Items.Schematics.Clothes.Stillsuit"",""LootTier.6"",""Rarity.Rare"",""LootPool.2""]","2026-02-25 21:38:24.494667+00"
"903","Imperial Stillsuit Gloves","Stillsuit gloves designed for Imperial visitors.","[""Items.Clothes.Stillsuit.Hands"",""LootTier.6"",""Rarity.Rare""]","2026-02-25 21:38:24.494667+00"
"904","Imperial Stillsuit Gloves","A Unique Imperial Stillsuit Gloves.","[""Items.ExcludeFromPlayerSellingToVendor"",""Items.ExcludeFromPlayerBuyingFromVendor"",""Items.ExcludeFromLootSystem"",""Items.ExcludeFromExchange""]","2026-02-25 21:38:24.494667+00"
"905","Imperial Stillsuit Gloves Schematic","Schematic for stillsuit gloves designed for Imperial visitors.","[""Items.Schematics.Clothes.Stillsuit"",""LootTier.6"",""Rarity.Rare"",""LootPool.2""]","2026-02-25 21:38:24.494667+00"
"906","Imperial Stillsuit Mask","A stillsuit mask designed for Imperial visitors.","[""Items.Clothes.Stillsuit.Head"",""LootTier.6"",""Rarity.Rare""]","2026-02-25 21:38:24.494667+00"
"907","Imperial Stillsuit Mask","A Unique Imperial Stillsuit Mask.","[""Items.ExcludeFromPlayerSellingToVendor"",""Items.ExcludeFromPlayerBuyingFromVendor"",""Items.ExcludeFromLootSystem"",""Items.ExcludeFromExchange""]","2026-02-25 21:38:24.494667+00"
"908","Imperial Stillsuit Mask Schematic","Schematic for a stillsuit mask designed for Imperial visitors.","[""Items.Schematics.Clothes.Stillsuit"",""LootTier.6"",""Rarity.Rare"",""LootPool.2""]","2026-02-25 21:38:24.494667+00"
"909","Imperial Testing Station Records","Old Imperial records compatible with some minimic film equipment.","[""Items.ExcludeFromExchange"",""Items.Contract"",""Items.ActorBoundItem""]","2026-02-25 21:38:24.494667+00"
"910","Imperial Testing Station Records","Old Imperial records compatible with some minimic film equipment.","[""Items.ExcludeFromExchange"",""Items.Contract"",""Items.ActorBoundItem""]","2026-02-25 21:38:24.494667+00"
"911","Imperial Testing Station Records","Old Imperial records compatible with some minimic film equipment.","[""Items.ExcludeFromExchange"",""Items.Contract"",""Items.ActorBoundItem""]","2026-02-25 21:38:24.494667+00"
"912","Imperial Testing Station Records","Old Imperial records compatible with some minimic film equipment.","[""Items.ExcludeFromExchange"",""Items.Contract"",""Items.ActorBoundItem""]","2026-02-25 21:38:24.494667+00"
"913","Imperial Testing Station Records","Old Imperial records compatible with some minimic film equipment.","[""Items.ExcludeFromExchange"",""Items.Contract"",""Items.ActorBoundItem""]","2026-02-25 21:38:24.494667+00"
"914","Imperial Testing Station Records","Old Imperial records compatible with some minimic film equipment.","[""Items.ExcludeFromExchange"",""Items.Contract"",""Items.ActorBoundItem""]","2026-02-25 21:38:24.494667+00"
"915","ImperialCasual Schematic","Learnable Schematic","[""Items.ExcludeFromExchange"",""Items.ExcludeFromPlayerSellingToVendor"",""Items.ExcludeFromPlayerBuyingFromVendor"",""Items.ExcludeFromLootSystem"",""Items.NotCustomizable""]","2026-02-25 21:38:24.494667+00"
"916","Improved Holtzman Actuator","A crafting component found in the Deep Desert.","[""Items.CraftedResources"",""LootTier.6"",""Loot.Component"",""Items.ExcludeFromLootSystem""]","2026-02-25 21:38:24.494667+00"
"917","Improved Holtzman Actuator Schematic","N/A","[""Items.ExcludeFromExchange"",""Items.ExcludeFromPlayerSellingToVendor"",""Items.ExcludeFromPlayerBuyingFromVendor"",""Items.ExcludeFromLootSystem"",""Items.NotCustomizable""]","2026-02-25 21:38:24.494667+00"
"918","Improved Reaper Gloves","Special gloves design to maximize water gathering.","[""Items.Clothes.ScoutArmor.Hands"",""LootTier.4"",""Rarity.Rare""]","2026-02-25 21:38:24.494667+00"
"919","Improved Reaper Gloves Schematic","A schematic for special gloves designed to maximize water gathering.","[""Items.Schematics.Clothes.ScoutArmor"",""LootTier.4"",""Rarity.Rare"",""LootPool.2""]","2026-02-25 21:38:24.494667+00"
"920","Improved Suspensor Jacket","Schematic for a jacket rigged with wires that aid suspensor usage.","[""Items.Clothes.ScoutArmor.Torso"",""LootTier.4"",""Rarity.Rare""]","2026-02-25 21:38:24.494667+00"
"921","Improved Suspensor Jacket Schematic","A jacket rigged with wires that aid suspensor usage.","[""Items.Schematics.Clothes.ScoutArmor"",""LootTier.4"",""Rarity.Rare"",""LootPool.2""]","2026-02-25 21:38:24.494667+00"
"922","Improved Watertube","A crafting component found in the Deep Desert.","[""Items.CraftedResources"",""LootTier.6"",""Loot.Component"",""Items.ExcludeFromLootSystem""]","2026-02-25 21:38:24.494667+00"
"923","Improved Watertube Schematic","N/A","[""Items.ExcludeFromExchange"",""Items.ExcludeFromPlayerSellingToVendor"",""Items.ExcludeFromPlayerBuyingFromVendor"",""Items.ExcludeFromLootSystem"",""Items.NotCustomizable""]","2026-02-25 21:38:24.494667+00"
"924","Improvised Blood Extractor","Tool used to extract blood from defeated enemies.","[""Items.Holsters.HydrationTools"",""LootTier.0"",""Items.NotCustomizable""]","2026-02-25 21:38:24.494667+00"
"925","Improvised Cutteray","Low-power cutteray capable of mining copper.","[""Items.Holsters.GatheringTools.Cutteray"",""LootTier.0"",""Items.ExcludeFromLootSystem"",""Items.NotCustomizable""]","2026-02-25 21:38:24.494667+00"
"926","Improvised Maula Pistol","Lightweight Pistol.","[""Items.Holsters.RangedWeapons.Light.Pistol"",""LootTier.0""]","2026-02-25 21:38:24.494667+00"
"927","Improvised Power Pack","Provides power to equipment.","[""Items.Holsters.UtilityTools.Power"",""LootTier.0"",""Items.NotCustomizable""]","2026-02-25 21:38:24.494667+00"
"928","Impure Extractor Mk5","Exsanguination tool that grants poison damage for the user after fluid extraction.","[""Items.Holsters.HydrationTools"",""LootTier.5"",""Rarity.Rare"",""Items.NotCustomizable""]","2026-02-25 21:38:24.494667+00"
"929","Impure Extractor Mk5 Schematic","Exsanguination tool that grants poison damage for the user after fluid extraction.","[""Items.Schematics.HydrationTools"",""LootTier.5"",""Rarity.Rare"",""LootPool.4""]","2026-02-25 21:38:24.494667+00"
"930","Impure Extractor Mk6","Exsanguination tool that grants poison damage for the user after fluid extraction.","[""Items.Holsters.HydrationTools"",""LootTier.6"",""Rarity.Rare"",""Items.NotCustomizable""]","2026-02-25 21:38:24.494667+00"
"931","Impure Extractor Mk6 Schematic","Exsanguination tool that grants poison damage for the user after fluid extraction.","[""Items.Schematics.HydrationTools"",""LootTier.6"",""Rarity.Rare"",""LootPool.4""]","2026-02-25 21:38:24.494667+00"
"932","Incendiary Gel","Flammable gel used for incendiary weapons.","[""Items.Ammo.Exotic"",""LootTier.4"",""Items.ExcludeFromPlayerSellingToVendor"",""Items.NotCustomizable""]","2026-02-25 21:38:24.494667+00"
"933","Incendiary Gel Schematic","Schematic for Incendiary Gel","[""Items.ExcludeFromExchange"",""Items.ExcludeFromPlayerSellingToVendor"",""Items.ExcludeFromPlayerBuyingFromVendor"",""Items.ExcludeFromLootSystem"",""Items.NotCustomizable""]","2026-02-25 21:38:24.494667+00"
"934","Indara's Lullaby","A modified battle rifle that fires bursts of darts.","[""Items.Holsters.RangedWeapons.Light.Rifle.BattleRifle"",""LootTier.6"",""Rarity.Rare""]","2026-02-25 21:38:24.494667+00"
"935","Indara's Lullaby Schematic","Schematic for a modified battle rifle that fires bursts of darts.","[""Items.Schematics.RangedWeapons.Light.Rifle"",""LootTier.6"",""Rarity.Rare"",""LootPool.2""]","2026-02-25 21:38:24.494667+00"
"936","Industrial Cutteray Mk4","Heavy cutteray capable of mining jasmium crystals.","[""Items.Holsters.GatheringTools.Cutteray"",""LootTier.4"",""Loot.Fremen"",""Items.ExcludeFromLootSystem"",""Items.NotCustomizable""]","2026-02-25 21:38:24.494667+00"
"937","Industrial Cutteray Mk4 Schematic","Schematic for an Industrial Cutteray Mk4","[""Items.ExcludeFromExchange"",""Items.ExcludeFromPlayerSellingToVendor"",""Items.ExcludeFromPlayerBuyingFromVendor"",""Items.ExcludeFromLootSystem"",""Items.NotCustomizable""]","2026-02-25 21:38:24.494667+00"
"938","Industrial Dew Scythe Mk4","Device to collect water from the environment.","[""Items.Holsters.HydrationTools"",""LootTier.4"",""Loot.Fremen"",""Items.NotCustomizable""]","2026-02-25 21:38:24.494667+00"
"939","Industrial Kinetic Suspensor Belt","Temp short desc","[""Items.ExcludeFromExchange"",""Items.ExcludeFromPlayerSellingToVendor"",""Items.ExcludeFromPlayerBuyingFromVendor"",""Items.ExcludeFromLootSystem"",""Items.NotCustomizable""]","2026-02-25 21:38:24.494667+00"
"940","Industrial Pump","A fabrication component found in loot.","[""Items.CraftedResources"",""LootTier.4"",""Loot.Component"",""Items.ExcludeFromLootSystem""]","2026-02-25 21:38:24.494667+00"
"941","Industrial Static Compactor","Industrial tool for compacting sand and spice.","[""Items.Holsters.GatheringTools.Compactor"",""LootTier.4"",""Loot.Fremen"",""Items.ExcludeFromLootSystem"",""Items.ExcludeFromPlayerBuyingFromVendor"",""Items.NotCustomizable""]","2026-02-25 21:38:24.494667+00"
"942","Industrial Static Compactor Schematic","Schematic for a Industrial Static Compactor","[""Items.ExcludeFromExchange"",""Items.ExcludeFromPlayerSellingToVendor"",""Items.ExcludeFromPlayerBuyingFromVendor"",""Items.ExcludeFromLootSystem"",""Items.NotCustomizable""]","2026-02-25 21:38:24.494667+00"
"943","Industrial-grade Lubricant","An advanced lubricant refined in Chemical Refineries.","[""Items.RefinedResources.Fuel"",""LootTier.5"",""Items.ExcludeFromLootSystem""]","2026-02-25 21:38:24.494667+00"
"944","Inkvine Boots","Unique boots named for their likeness to the inkvine of Giedi Prime.","[""Items.Clothes.ScoutArmor.Feet"",""LootTier.3"",""Rarity.Rare""]","2026-02-25 21:38:24.494667+00"
"945","Inkvine Boots Schematic","Schematic for unique boots named for their likeness to the inkvine of Giedi Prime.","[""Items.Schematics.Clothes.AssaultArmor"",""LootTier.3"",""Rarity.Rare"",""LootPool.2""]","2026-02-25 21:38:24.494667+00"
"946","Inkvine Gauntlets","Unique gauntlets named for their likeness to the inkvine of Giedi Prime.","[""Items.Clothes.ScoutArmor.Hands"",""LootTier.3"",""Rarity.Rare""]","2026-02-25 21:38:24.494667+00"
"947","Inkvine Gauntlets Schematic","Schematic for unique gauntlets named for their likeness to the inkvine of Giedi Prime.","[""Items.Schematics.Clothes.AssaultArmor"",""LootTier.3"",""Rarity.Rare"",""LootPool.2""]","2026-02-25 21:38:24.494667+00"
"948","Inkvine Jacket","A unique jacket named for its likeness to the inkvine of Giedi Prime.","[""Items.Clothes.ScoutArmor.Torso"",""LootTier.3"",""Rarity.Rare""]","2026-02-25 21:38:24.494667+00"
"949","Inkvine Jacket Schematic","A unique jacket named for its likeness to the inkvine of Giedi Prime.","[""Items.Schematics.Clothes.AssaultArmor"",""LootTier.3"",""Rarity.Rare"",""LootPool.2""]","2026-02-25 21:38:24.494667+00"
"950","Inkvine Mask","A unique mask named for its likeness to the inkvine of Giedi Prime.","[""Items.Clothes.ScoutArmor.Head"",""LootTier.3"",""Rarity.Rare""]","2026-02-25 21:38:24.494667+00"
"951","Inkvine Mask Schematic","Schematic for a unique mask named for its likeness to the inkvine of Giedi Prime.","[""Items.Schematics.Clothes.AssaultArmor"",""LootTier.3"",""Rarity.Rare"",""LootPool.2""]","2026-02-25 21:38:24.494667+00"
"952","Inkvine Pants","Unique pants named for their likeness to the inkvine of Giedi Prime.","[""Items.Clothes.ScoutArmor.Legs"",""LootTier.3"",""Rarity.Rare""]","2026-02-25 21:38:24.494667+00"
"953","Inkvine Pants Schematic","Schematic for unique pants named for their likeness to the inkvine of Giedi Prime.","[""Items.Schematics.Clothes.AssaultArmor"",""LootTier.3"",""Rarity.Rare"",""LootPool.2""]","2026-02-25 21:38:24.494667+00"
"954","Insulated Fabric","A fabrication component found in loot.","[""Items.CraftedResources"",""LootTier.4"",""Loot.Component"",""Items.ExcludeFromLootSystem""]","2026-02-25 21:38:24.494667+00"
"955","Iodine Pill","Improves radiation resistance when used with a radiation suit.","[""Items.Consumables"",""LootTier.5"",""Items.NotCustomizable""]","2026-02-25 21:38:24.494667+00"
"956","Iodine Pill Schematic","Improves radiation resistance when used with a radiation suit.","[""Items.ExcludeFromExchange"",""Items.ExcludeFromPlayerSellingToVendor"",""Items.ExcludeFromPlayerBuyingFromVendor"",""Items.ExcludeFromLootSystem"",""Items.NotCustomizable""]","2026-02-25 21:38:24.494667+00"
"957","Iri's Gauntlets","A pair of gauntlets that increase power efficiency.","[""Items.Clothes.HeavyArmor.Hands"",""LootTier.2"",""Rarity.Rare""]","2026-02-25 21:38:24.494667+00"
"958","Iri's Gauntlets Schematic","Schematic for a pair of gauntlets that increase power efficiency.","[""Items.Schematics.Clothes.HeavyArmor"",""LootTier.2"",""Rarity.Rare"",""LootPool.2""]","2026-02-25 21:38:24.494667+00"
"959","Iron Ingot","Refined Iron used in fabrication.","[""Items.RefinedResources.Metal"",""LootTier.2""]","2026-02-25 21:38:24.494667+00"
"960","Iron Ore","Ore from Iron deposits.","[""Items.RawResources.Metal"",""LootTier.2""]","2026-02-25 21:38:24.494667+00"
"961","Iron Welding Wire","Material used for repairing vehicles","[""Items.ExcludeFromExchange"",""Items.ExcludeFromPlayerSellingToVendor"",""Items.ExcludeFromPlayerBuyingFromVendor"",""Items.ExcludeFromLootSystem"",""Items.NotCustomizable""]","2026-02-25 21:38:24.494667+00"
"962","Ironwatch Special","A high-capacity disruptor manufactured at Ironwatch.","[""Items.Holsters.RangedWeapons.Light.SMG"",""LootTier.4"",""Rarity.Rare""]","2026-02-25 21:38:24.494667+00"
"963","Ironwatch Special Schematic","Schematic for a high-capacity disruptor manufactured at Ironwatch.","[""Items.Schematics.RangedWeapons.Light.Rifle"",""LootTier.4"",""Rarity.Rare"",""LootPool.2""]","2026-02-25 21:38:24.494667+00"
"964","Irradiated Core","A crafting component found in the Deep Desert.","[""Items.CraftedResources"",""LootTier.6"",""Loot.Component"",""Items.ExcludeFromLootSystem""]","2026-02-25 21:38:24.494667+00"
"965","Irradiated Slag","A fabrication component found in loot.","[""Items.CraftedResources"",""LootTier.5"",""Loot.Component"",""Items.ExcludeFromLootSystem""]","2026-02-25 21:38:24.494667+00"
"966","Ix-core Leggings","Light leggings with reduced stamina drain while sprinting.","[""Items.Clothes.ScoutArmor.Legs"",""LootTier.6"",""Rarity.Rare""]","2026-02-25 21:38:24.494667+00"
"967","Ix-core Leggings Schematic","Light leggings with reduced stamina drain while sprinting.","[""Items.Schematics.Clothes.ScoutArmor"",""LootTier.6"",""Rarity.Rare"",""LootPool.2""]","2026-02-25 21:38:24.494667+00"
"968","Ixian Decoder","Ixian minimic film decoder tool","[""Items.ExcludeFromExchange"",""Items.Contract""]","2026-02-25 21:38:24.494667+00"
"969","JABAL Spitdart 1.5x Sight Schematic","Schematic for a JABAL Spitdart 1.5x Sight","[""Items.ExcludeFromExchange"",""Items.ExcludeFromPlayerSellingToVendor"",""Items.ExcludeFromPlayerBuyingFromVendor"",""Items.ExcludeFromLootSystem"",""Items.NotCustomizable""]","2026-02-25 21:38:24.494667+00"
"970","JABAL Spitdart Burst Modifier Schematic","Schematic for a JABAL Spitdart Burst Modifier","[""Items.ExcludeFromExchange"",""Items.ExcludeFromPlayerSellingToVendor"",""Items.ExcludeFromPlayerBuyingFromVendor"",""Items.ExcludeFromLootSystem"",""Items.NotCustomizable""]","2026-02-25 21:38:24.494667+00"
"971","JABAL Spitdart Combat Sight Schematic","Combat sight for JABAL Spitdart","[""Items.ExcludeFromExchange"",""Items.ExcludeFromPlayerSellingToVendor"",""Items.ExcludeFromPlayerBuyingFromVendor"",""Items.ExcludeFromLootSystem"",""Items.NotCustomizable""]","2026-02-25 21:38:24.494667+00"
"972","JABAL Spitdart MK l Rifle Schematic","Schematic for a JABAL Spitdart MK l Rifle","[""Items.ExcludeFromExchange"",""Items.ExcludeFromPlayerSellingToVendor"",""Items.ExcludeFromPlayerBuyingFromVendor"",""Items.ExcludeFromLootSystem"",""Items.NotCustomizable""]","2026-02-25 21:38:24.494667+00"
"973","JABAL Spitdart Quick Loader Schematic","Quick loader for the JABAL Spitdart","[""Items.ExcludeFromExchange"",""Items.ExcludeFromPlayerSellingToVendor"",""Items.ExcludeFromPlayerBuyingFromVendor"",""Items.ExcludeFromLootSystem"",""Items.NotCustomizable""]","2026-02-25 21:38:24.494667+00"
"974","JABAL Spitdart Rifle MK II Schematic","Rapid cycling scoped rifle that fires poison-laced darts","[""Items.ExcludeFromExchange"",""Items.ExcludeFromPlayerSellingToVendor"",""Items.ExcludeFromPlayerBuyingFromVendor"",""Items.ExcludeFromLootSystem"",""Items.NotCustomizable""]","2026-02-25 21:38:24.494667+00"
"975","JABAL Spitdart Rifle Schematic","Schematic for a JABAL Spitdart Rifle","[""Items.ExcludeFromExchange"",""Items.ExcludeFromPlayerSellingToVendor"",""Items.ExcludeFromPlayerBuyingFromVendor"",""Items.ExcludeFromLootSystem"",""Items.NotCustomizable""]","2026-02-25 21:38:24.494667+00"
"976","Jail Bed","","[""Items.Consumables.BuildableSets"",""Items.ExcludeFromLootSystem"",""Items.ExcludeFromExchange""]","2026-02-25 21:38:24.494667+00"
"977","Jail Building Set","","[""Items.Consumables.BuildableSets"",""LootTier.1"",""Items.ExcludeFromLootSystem"",""Items.ExcludeFromExchange""]","2026-02-25 21:38:24.494667+00"
"978","Jail Waterpoint","","[""Items.Consumables.BuildableSets"",""Items.ExcludeFromLootSystem"",""Items.ExcludeFromExchange""]","2026-02-25 21:38:24.494667+00"
"979","Jasmium Crystal","Crystal from Jasmium deposits.","[""Items.RawResources.Metal"",""LootTier.5"",""Items.ExcludeFromLootSystem""]","2026-02-25 21:38:24.494667+00"
"980","Jolt-knife","A knife styled after those used in the Butlerian Jihad.","[""Items.Holsters.MeleeWeapons.Knife.Kindjal"",""LootTier.5"",""Rarity.Rare""]","2026-02-25 21:38:24.494667+00"
"981","Jolt-knife Schematic","Schematic for a knife styled after those used in the Butlerian Jihad.","[""Items.Schematics.MeleeWeapons.Knife"",""LootTier.5"",""Rarity.Rare"",""LootPool.4""]","2026-02-25 21:38:24.494667+00"
"982","Jolt-sword","A sword styled after those used in the Butlerian Jihad.","[""Items.Holsters.MeleeWeapons.Sword.Sword"",""LootTier.5"",""Rarity.Rare""]","2026-02-25 21:38:24.494667+00"
"983","Jolt-sword Schematic","Schematic for a sword styled after those used in the Butlerian Jihad.","[""Items.Schematics.MeleeWeapons.Sword"",""LootTier.5"",""Rarity.Rare"",""LootPool.5""]","2026-02-25 21:38:24.494667+00"
"984","Jumpsuit Schematic","Learnable Schematic","[""Items.ExcludeFromExchange"",""Items.ExcludeFromPlayerSellingToVendor"",""Items.ExcludeFromPlayerBuyingFromVendor"",""Items.ExcludeFromLootSystem"",""Items.NotCustomizable""]","2026-02-25 21:38:24.494667+00"
"985","Kaitain Birdhouse","","[""Items.Consumables.BuildableSets"",""Items.ExcludeFromLootSystem"",""Items.ExcludeFromExchange""]","2026-02-25 21:38:24.494667+00"
"986","Kaitain Cheops Board","","[""Items.Consumables.BuildableSets"",""Items.ExcludeFromLootSystem"",""Items.ExcludeFromExchange""]","2026-02-25 21:38:24.494667+00"
"987","Kaitain Holographic Bush Planter","","[""Items.Consumables.BuildableSets"",""Items.ExcludeFromLootSystem"",""Items.ExcludeFromExchange""]","2026-02-25 21:38:24.494667+00"
"988","Kaitain Holographic Bush Planter Corner","","[""Items.Consumables.BuildableSets"",""Items.ExcludeFromLootSystem"",""Items.ExcludeFromExchange""]","2026-02-25 21:38:24.494667+00"
"989","Kaitain Holographic Flowerbed","","[""Items.Consumables.BuildableSets"",""Items.ExcludeFromLootSystem"",""Items.ExcludeFromExchange""]","2026-02-25 21:38:24.494667+00"
"990","Kaitain Holographic Flowerbed Corner","","[""Items.Consumables.BuildableSets"",""Items.ExcludeFromLootSystem"",""Items.ExcludeFromExchange""]","2026-02-25 21:38:24.494667+00"
"991","Kaitain Holographic Fountain","","[""Items.Consumables.BuildableSets"",""Items.ExcludeFromLootSystem"",""Items.ExcludeFromExchange""]","2026-02-25 21:38:24.494667+00"
"992","Kaitain Holographic Small Fountain","","[""Items.Consumables.BuildableSets"",""Items.ExcludeFromLootSystem"",""Items.ExcludeFromExchange""]","2026-02-25 21:38:24.494667+00"
"993","Kaitain Holographic Tree Planter","","[""Items.Consumables.BuildableSets"",""Items.ExcludeFromLootSystem"",""Items.ExcludeFromExchange""]","2026-02-25 21:38:24.494667+00"
"994","Kaitain Holographic Tree Planter Corner","","[""Items.Consumables.BuildableSets"",""Items.ExcludeFromLootSystem"",""Items.ExcludeFromExchange""]","2026-02-25 21:38:24.494667+00"
"995","KaitainChic Schematic","Learnable Schematic","[""Items.ExcludeFromExchange"",""Items.ExcludeFromPlayerSellingToVendor"",""Items.ExcludeFromPlayerBuyingFromVendor"",""Items.ExcludeFromLootSystem"",""Items.NotCustomizable""]","2026-02-25 21:38:24.494667+00"
"996","Kaleff's Drinker","An exsanguinating kindjal named for the Fremen youth, Kaleff.","[""Items.Holsters.MeleeWeapons.Knife.Kindjal"",""LootTier.1"",""Rarity.Rare""]","2026-02-25 21:38:24.494667+00"
"997","Kaleff's Drinker Schematic","Scehmatic for an exsanguinating kindjal named for the Fremen youth, Kaleff.","[""Items.Schematics.MeleeWeapons.Knife"",""LootTier.1"",""Rarity.Rare"",""LootPool.4""]","2026-02-25 21:38:24.494667+00"
"998","Kara Valk's Medicine","To treat withdrawal symptoms from an unreliable servo-stim implant.","[""Contract.Target.Item"",""Items.ExcludeFromExchange"",""Items.Contract""]","2026-02-25 21:38:24.494667+00"
"999","Karak's Boots","Unique boots crafted for the slavemaster Karak.","[""Items.Clothes.HeavyArmor.Feet"",""LootTier.3"",""Rarity.Rare""]","2026-02-25 21:38:24.494667+00"
"1000","Karak's Boots Schematic","Schematic for unique boots crafted for the slavemaster Karak.","[""Items.Schematics.Clothes.AssaultArmor"",""LootTier.3"",""Rarity.Rare"",""LootPool.2""]","2026-02-25 21:38:24.494667+00"
"1001","Karak's Gauntlets","Unique gauntlets crafted for the slavemaster Karak.","[""Items.Clothes.HeavyArmor.Hands"",""LootTier.3"",""Rarity.Rare""]","2026-02-25 21:38:24.494667+00"
"1002","Karak's Gauntlets Schematic","Schematic for unique gauntlets crafted for the slavemaster Karak.","[""Items.Schematics.Clothes.AssaultArmor"",""LootTier.3"",""Rarity.Rare"",""LootPool.2""]","2026-02-25 21:38:24.494667+00"
"1003","Karak's Helmet","Unique mask crafted for the slavemaster Karak.","[""Items.Clothes.HeavyArmor.Head"",""LootTier.3"",""Rarity.Rare""]","2026-02-25 21:38:24.494667+00"
"1004","Karak's Helmet Schematic","Schematic for a unique mask crafted for the slavemaster Karak.","[""Items.Schematics.Clothes.AssaultArmor"",""LootTier.3"",""Rarity.Rare"",""LootPool.2""]","2026-02-25 21:38:24.494667+00"
"1005","Karak's Jacket","A unique jacket crafted for the slavemaster Karak.","[""Items.Clothes.HeavyArmor.Torso"",""LootTier.3"",""Rarity.Rare""]","2026-02-25 21:38:24.494667+00"
"1006","Karak's Jacket Schematic","Schematic for a unique jacket crafted for the slavemaster Karak.","[""Items.Schematics.Clothes.AssaultArmor"",""LootTier.3"",""Rarity.Rare"",""LootPool.2""]","2026-02-25 21:38:24.494667+00"
"1007","Karak's Pants","Unique pants crafted for the slavemaster Karak.","[""Items.Clothes.HeavyArmor.Legs"",""LootTier.3"",""Rarity.Rare""]","2026-02-25 21:38:24.494667+00"
"1008","Karak's Pants Schematic","Schematic for unique pants crafted for the slavemaster Karak.","[""Items.Schematics.Clothes.AssaultArmor"",""LootTier.3"",""Rarity.Rare"",""LootPool.2""]","2026-02-25 21:38:24.494667+00"
"1009","Karpov 38","Gas powered assault rifle.","[""Items.Holsters.RangedWeapons.Light.Rifle.BattleRifle"",""LootTier.1"",""Loot.GreatHouse"",""Customization.RangedWeapons.BattleRifle""]","2026-02-25 21:38:24.494667+00"
"1010","Karpov 38","Gas powered assault rifle.","[""Items.ExcludeFromExchange"",""Items.ExcludeFromPlayerSellingToVendor"",""Items.ExcludeFromPlayerBuyingFromVendor"",""Items.ExcludeFromLootSystem"",""Items.NotCustomizable""]","2026-02-25 21:38:24.494667+00"
"1011","Karpov 38 Battle Rifle Schematic","Schematic for a Karpov-38 Battle Rifle","[""Items.ExcludeFromExchange"",""Items.ExcludeFromPlayerSellingToVendor"",""Items.ExcludeFromPlayerBuyingFromVendor"",""Items.ExcludeFromLootSystem"",""Items.NotCustomizable""]","2026-02-25 21:38:24.494667+00"
"1012","Karpov-38 1.5x Sight Schematic","1.5x sight attachment for Karpov-38","[""Items.ExcludeFromExchange"",""Items.ExcludeFromPlayerSellingToVendor"",""Items.ExcludeFromPlayerBuyingFromVendor"",""Items.ExcludeFromLootSystem"",""Items.NotCustomizable""]","2026-02-25 21:38:24.494667+00"
"1013","Karpov-38 Combat Sight Schematic","Schematic for a Karpov-38 Combat Sight","[""Items.ExcludeFromExchange"",""Items.ExcludeFromPlayerSellingToVendor"",""Items.ExcludeFromPlayerBuyingFromVendor"",""Items.ExcludeFromLootSystem"",""Items.NotCustomizable""]","2026-02-25 21:38:24.494667+00"
"1014","Karpov-38 Fire Igniter Schematic","Fire igniter attachment for Karpov-38","[""Items.ExcludeFromExchange"",""Items.ExcludeFromPlayerSellingToVendor"",""Items.ExcludeFromPlayerBuyingFromVendor"",""Items.ExcludeFromLootSystem"",""Items.NotCustomizable""]","2026-02-25 21:38:24.494667+00"
"1015","Karpov-38 MK l  Battle Rifle Schematic","Schematic for a Karpov-38 MK l  Battle Rifle","[""Items.ExcludeFromExchange"",""Items.ExcludeFromPlayerSellingToVendor"",""Items.ExcludeFromPlayerBuyingFromVendor"",""Items.ExcludeFromLootSystem"",""Items.NotCustomizable""]","2026-02-25 21:38:24.494667+00"
"1016","Karpov-38 MK ll Battle Rifle Schematic","Schematic for a Karpov-38 MK ll Battle Rifle","[""Items.ExcludeFromExchange"",""Items.ExcludeFromPlayerSellingToVendor"",""Items.ExcludeFromPlayerBuyingFromVendor"",""Items.ExcludeFromLootSystem"",""Items.NotCustomizable""]","2026-02-25 21:38:24.494667+00"
"1017","Karpov-38 MK lll Battle Rifle Schematic","Schematic for a Karpov-38 MK lll Battle Rifle","[""Items.ExcludeFromExchange"",""Items.ExcludeFromPlayerSellingToVendor"",""Items.ExcludeFromPlayerBuyingFromVendor"",""Items.ExcludeFromLootSystem"",""Items.NotCustomizable""]","2026-02-25 21:38:24.494667+00"
"1018","Karpov-38 Poison Coater Schematic","Schematic for a Karpov-38 Poison Coater","[""Items.ExcludeFromExchange"",""Items.ExcludeFromPlayerSellingToVendor"",""Items.ExcludeFromPlayerBuyingFromVendor"",""Items.ExcludeFromLootSystem"",""Items.NotCustomizable""]","2026-02-25 21:38:24.494667+00"
"1019","Karpov-38 Quick Loader Schematic","Quick loader for the Karpov-38","[""Items.ExcludeFromExchange"",""Items.ExcludeFromPlayerSellingToVendor"",""Items.ExcludeFromPlayerBuyingFromVendor"",""Items.ExcludeFromLootSystem"",""Items.NotCustomizable""]","2026-02-25 21:38:24.494667+00"
"1020","Karpov-38 Semi-Auto Coverter Schematic","Schematic for a Karpov-38 Semi-Auto Coverter","[""Items.ExcludeFromExchange"",""Items.ExcludeFromPlayerSellingToVendor"",""Items.ExcludeFromPlayerBuyingFromVendor"",""Items.ExcludeFromLootSystem"",""Items.NotCustomizable""]","2026-02-25 21:38:24.494667+00"
"1021","Keen Blade Parts","A fabrication component found in loot","[""Items.ExcludeFromExchange"",""Items.ExcludeFromPlayerSellingToVendor"",""Items.ExcludeFromPlayerBuyingFromVendor"",""Items.ExcludeFromLootSystem"",""Items.NotCustomizable""]","2026-02-25 21:38:24.494667+00"
"1022","Kel's Stillsuit Boots","Unique armored stillsuit boots designed by Kel.","[""Items.Clothes.Stillsuit.Feet"",""LootTier.3"",""Rarity.Rare""]","2026-02-25 21:38:24.494667+00"
"1023","Kel's Stillsuit Boots Schematic","Schematic for unique armored stillsuit boots designed by Kel.","[""Items.Schematics.Clothes.Stillsuit"",""LootTier.3"",""Rarity.Rare"",""LootPool.2""]","2026-02-25 21:38:24.494667+00"
"1024","Kel's Stillsuit Garment","A unique armored stillsuit garment designed by Kel .","[""Items.Clothes.Stillsuit.Torso"",""LootTier.3"",""Rarity.Rare""]","2026-02-25 21:38:24.494667+00"
"1025","Kel's Stillsuit Garment Schematic","Schematic for a unique armored stillsuit garment designed by Kel.","[""Items.Schematics.Clothes.Stillsuit"",""LootTier.3"",""Rarity.Rare"",""LootPool.2""]","2026-02-25 21:38:24.494667+00"
"1026","Kel's Stillsuit Gloves","Unique armored stillsuit gloves designed by Kel.","[""Items.Clothes.Stillsuit.Hands"",""LootTier.3"",""Rarity.Rare""]","2026-02-25 21:38:24.494667+00"
"1027","Kel's Stillsuit Gloves Schematic","Schematic for unique armored stillsuit gloves designed by Kel.","[""Items.Schematics.Clothes.Stillsuit"",""LootTier.3"",""Rarity.Rare"",""LootPool.2""]","2026-02-25 21:38:24.494667+00"
"1028","Kel's Stillsuit Mask","A unique armored stillsuit mask designed by Kel.","[""Items.Clothes.Stillsuit.Head"",""LootTier.3"",""Rarity.Rare""]","2026-02-25 21:38:24.494667+00"
"1029","Kel's Stillsuit Mask Schematic","Schematic for a unique armored stillsuit mask designed by Kel.","[""Items.Schematics.Clothes.Stillsuit"",""LootTier.3"",""Rarity.Rare"",""LootPool.2""]","2026-02-25 21:38:24.494667+00"
"1030","Kharet Viper","A sword that releases a poisonous mist on contact.","[""Items.Holsters.MeleeWeapons.Sword.Rapier"",""LootTier.5"",""Rarity.Rare""]","2026-02-25 21:38:24.494667+00"
"1031","Kharet Viper Schematic","Schematic for a sword that releases a poisonous mist on contact.","[""Items.Schematics.MeleeWeapons.Sword"",""LootTier.5"",""Rarity.Rare"",""LootPool.5""]","2026-02-25 21:38:24.494667+00"
"1032","Kindjal","Curved short blade used for close combat.","[""Items.Holsters.MeleeWeapons.Knife.Kindjal"",""LootTier.1"",""Loot.GreatHouse""]","2026-02-25 21:38:24.494667+00"
"1033","Kirab Heavy Boots","Heavy boots made from iron.","[""Items.Clothes.HeavyArmor.Feet"",""LootTier.2"",""Loot.GreatHouse""]","2026-02-25 21:38:24.494667+00"
"1034","Kirab Heavy Gauntlet","Heavy hand armor made from iron.","[""Items.Clothes.HeavyArmor.Hands"",""LootTier.2"",""Loot.GreatHouse""]","2026-02-25 21:38:24.494667+00"
"1035","Kirab Heavy Headwrap","Heavy combat helmet made from iron.","[""Items.Clothes.HeavyArmor.Head"",""LootTier.2"",""Loot.GreatHouse""]","2026-02-25 21:38:24.494667+00"
"1036","Kirab Heavy Jerkin","Heavy chest armor made from iron.","[""Items.Clothes.HeavyArmor.Torso"",""LootTier.2"",""Loot.GreatHouse""]","2026-02-25 21:38:24.494667+00"
"1037","Kirab Heavy Pants","Heavy leg armor made from iron.","[""Items.Clothes.HeavyArmor.Legs"",""LootTier.2"",""Loot.GreatHouse""]","2026-02-25 21:38:24.494667+00"
"1038","Kirab Scout Boots","Light armor boots made from iron.","[""Items.Clothes.ScoutArmor.Feet"",""LootTier.2"",""Loot.GreatHouse""]","2026-02-25 21:38:24.494667+00"
"1039","Kirab Scout Gloves","Light armor gloves made from iron.","[""Items.Clothes.ScoutArmor.Hands"",""LootTier.2"",""Loot.GreatHouse""]","2026-02-25 21:38:24.494667+00"
"1040","Kirab Scout Helmet","Light armor helmet made from iron.","[""Items.Clothes.ScoutArmor.Head"",""LootTier.2"",""Loot.GreatHouse""]","2026-02-25 21:38:24.494667+00"
"1041","Kirab Scout Jacket","Light armor top made from iron.","[""Items.Clothes.ScoutArmor.Torso"",""LootTier.2"",""Loot.GreatHouse""]","2026-02-25 21:38:24.494667+00"
"1042","Kirab Scout Pants","Light armor leggings made from iron.","[""Items.Clothes.ScoutArmor.Legs"",""LootTier.2"",""Loot.GreatHouse""]","2026-02-25 21:38:24.494667+00"
"1043","Kirab Stillsuit Body","A full-body stillsuit with iron fittings.","[""Items.Clothes.Stillsuit.Torso"",""LootTier.2"",""Loot.Fremen"",""Items.ExcludeFromLootSystem""]","2026-02-25 21:38:24.494667+00"
"1044","Kirab Stillsuit Boots","Stillsuit boots with iron actuator pumps.","[""Items.Clothes.Stillsuit.Feet"",""LootTier.2"",""Loot.Fremen"",""Items.ExcludeFromLootSystem""]","2026-02-25 21:38:24.494667+00"
"1045","Kirab Stillsuit Gloves","Stillsuit gloves with iron fittings.","[""Items.Clothes.Stillsuit.Hands"",""LootTier.2"",""Loot.Fremen"",""Items.ExcludeFromLootSystem""]","2026-02-25 21:38:24.494667+00"
"1046","Kirab Stillsuit Mask","A stillsuit mask with iron fittings.","[""Items.Clothes.Stillsuit.Head"",""LootTier.2"",""Loot.Fremen"",""Items.ExcludeFromLootSystem""]","2026-02-25 21:38:24.494667+00"
"1047","Kulon Statue","","[""Items.Consumables.BuildableSets"",""Items.ExcludeFromLootSystem"",""Items.ExcludeFromExchange""]","2026-02-25 21:38:24.494667+00"
"1048","Kynes's Cutteray","An industrial cutteray tuned for better yields.","[""Items.Holsters.GatheringTools.Cutteray"",""LootTier.6"",""Rarity.Rare"",""Items.NotCustomizable""]","2026-02-25 21:38:24.494667+00"
"1049","Kynes's Cutteray Schematic","Schematic for an industrial cutteray tuned for better yields.","[""Items.Schematics.GatheringTools.Cutteray"",""LootTier.6"",""Rarity.Rare"",""LootPool.4""]","2026-02-25 21:38:24.494667+00"
"1050","Landing Pad Building Set","TBD","[""Items.Consumables.BuildableSets"",""LootTier.1"",""Items.ExcludeFromLootSystem"",""Items.ExcludeFromExchange""]","2026-02-25 21:38:24.494667+00"
"1051","Large Blood Sack","Portable container used for carrying extracted blood.","[""Items.Holsters.HydrationTools"",""LootTier.4"",""Loot.Fremen"",""Items.NotCustomizable""]","2026-02-25 21:38:24.494667+00"
"1052","Large Carpet","","[""Items.Consumables.BuildableSets"",""Items.ExcludeFromLootSystem"",""Items.ExcludeFromExchange""]","2026-02-25 21:38:24.494667+00"
"1053","Large Vehicle Fuel Cell","Refined Fuel Cells used to power vehicles.","[""Items.RefinedResources.Fuel"",""LootTier.4""]","2026-02-25 21:38:24.494667+00"
"1054","large vehicle fuel schematic Schematic","N/a","[""Items.ExcludeFromExchange"",""Items.ExcludeFromPlayerSellingToVendor"",""Items.ExcludeFromPlayerBuyingFromVendor"",""Items.ExcludeFromLootSystem"",""Items.NotCustomizable""]","2026-02-25 21:38:24.494667+00"
"1055","Large Water Cistern Patent","Fragile, but stores a lot of water","[""Items.Consumables.BuildableSets"",""LootTier.5"",""Items.ExcludeFromLootSystem"",""Items.ExcludeFromExchange""]","2026-02-25 21:38:24.494667+00"
"1056","Large Windtrap Patent","Collects water from the environment","[""Items.Consumables.BuildableSets"",""LootTier.5"",""Items.ExcludeFromLootSystem"",""Items.ExcludeFromExchange""]","2026-02-25 21:38:24.494667+00"
"1057","Leap Suspensor Belt","Reduces strength of gravity while active.","[""Items.Holsters.UtilityTools.Suspensor"",""LootTier.2"",""Loot.OldImperial"",""Items.NotCustomizable""]","2026-02-25 21:38:24.494667+00"
"1058","Legion Tattoo","A high-capacity disruptor said to be of Sardaukar make.","[""Items.Holsters.RangedWeapons.Light.SMG"",""LootTier.2"",""Rarity.Rare""]","2026-02-25 21:38:24.494667+00"
"1059","Legion Tattoo Schematic","Schematic for a high-capacity disruptor said to be of Sardaukar make.","[""Items.Schematics.RangedWeapons.Light.Rifle"",""LootTier.2"",""Rarity.Rare"",""LootPool.2""]","2026-02-25 21:38:24.494667+00"
"1060","Leto's Seal Patent","","[""Items.Consumables.BuildableSets"",""Items.ExcludeFromLootSystem"",""Items.ExcludeFromExchange""]","2026-02-25 21:38:24.494667+00"
"1061","Letter from Anton","","[""Contract.Target.Item"",""Items.ExcludeFromExchange"",""Items.Contract""]","2026-02-25 21:38:24.494667+00"
"1062","Light Caliber Compressor","A fabrication component found in loot.","[""Items.CraftedResources"",""LootTier.4"",""Loot.Component"",""Items.ExcludeFromLootSystem""]","2026-02-25 21:38:24.494667+00"
"1063","Light Cutteray Schematic","Schematic for a Light Cutteray","[""Items.ExcludeFromExchange"",""Items.ExcludeFromPlayerSellingToVendor"",""Items.ExcludeFromPlayerBuyingFromVendor"",""Items.ExcludeFromLootSystem"",""Items.NotCustomizable""]","2026-02-25 21:38:24.494667+00"
"1064","Light Darts","Standard ammunition for most ranged weapons.","[""Items.Ammo.Light"",""LootTier.0"",""Items.ExcludeFromPlayerSellingToVendor"",""Items.NotCustomizable""]","2026-02-25 21:38:24.494667+00"
"1065","Light Ornithopter Dash Wings Schematic","Learnable Schematic Set","[""Items.ExcludeFromExchange"",""Items.ExcludeFromPlayerSellingToVendor"",""Items.ExcludeFromPlayerBuyingFromVendor"",""Items.ExcludeFromLootSystem"",""Items.NotCustomizable""]","2026-02-25 21:38:24.494667+00"
"1066","Light Ornithopter Inventory 7","Adds inventory space to the Ornithopter.","[""Items.ExcludeFromExchange"",""Items.ExcludeFromPlayerSellingToVendor"",""Items.ExcludeFromPlayerBuyingFromVendor"",""Items.ExcludeFromLootSystem"",""Items.NotCustomizable""]","2026-02-25 21:38:24.494667+00"
"1067","Light Ornithopter Scanner 7","Adds a scan ability to the Ornithopter.","[""Items.ExcludeFromExchange"",""Items.ExcludeFromPlayerSellingToVendor"",""Items.ExcludeFromPlayerBuyingFromVendor"",""Items.ExcludeFromLootSystem"",""Items.NotCustomizable""]","2026-02-25 21:38:24.494667+00"
"1068","Light Thopter Alt Engine Schematic","A high altitude engine for the Atreides Light Thopter","[""Items.ExcludeFromExchange"",""Items.ExcludeFromPlayerSellingToVendor"",""Items.ExcludeFromPlayerBuyingFromVendor"",""Items.ExcludeFromLootSystem"",""Items.NotCustomizable""]","2026-02-25 21:38:24.494667+00"
"1069","Light Thopter Alt Engine Schematic","A high altitude engine for the Atreides Light Thopter","[""Items.ExcludeFromExchange"",""Items.ExcludeFromPlayerSellingToVendor"",""Items.ExcludeFromPlayerBuyingFromVendor"",""Items.ExcludeFromLootSystem"",""Items.NotCustomizable""]","2026-02-25 21:38:24.494667+00"
"1070","Light Thopter Alt Engine Schematic","A high altitude engine for the Atreides Light Thopter","[""Items.ExcludeFromExchange"",""Items.ExcludeFromPlayerSellingToVendor"",""Items.ExcludeFromPlayerBuyingFromVendor"",""Items.ExcludeFromLootSystem"",""Items.NotCustomizable""]","2026-02-25 21:38:24.494667+00"
"1071","Light Thopter Armored Cockpit Schematic","An armored cockpit for the Atreides Light Thopter","[""Items.ExcludeFromExchange"",""Items.ExcludeFromPlayerSellingToVendor"",""Items.ExcludeFromPlayerBuyingFromVendor"",""Items.ExcludeFromLootSystem"",""Items.NotCustomizable""]","2026-02-25 21:38:24.494667+00"
"1072","Light Thopter Armored Cockpit Schematic","An armored cockpit for the Atreides Light Thopter","[""Items.ExcludeFromExchange"",""Items.ExcludeFromPlayerSellingToVendor"",""Items.ExcludeFromPlayerBuyingFromVendor"",""Items.ExcludeFromLootSystem"",""Items.NotCustomizable""]","2026-02-25 21:38:24.494667+00"
"1073","Light Thopter Armored Cockpit Schematic","An armored cockpit for the Atreides Light Thopter","[""Items.ExcludeFromExchange"",""Items.ExcludeFromPlayerSellingToVendor"",""Items.ExcludeFromPlayerBuyingFromVendor"",""Items.ExcludeFromLootSystem"",""Items.NotCustomizable""]","2026-02-25 21:38:24.494667+00"
"1074","Light Thopter Body Schematic","Standard body hull for the Smuggler Light Ornithopter","[""Items.ExcludeFromExchange"",""Items.ExcludeFromPlayerSellingToVendor"",""Items.ExcludeFromPlayerBuyingFromVendor"",""Items.ExcludeFromLootSystem"",""Items.NotCustomizable""]","2026-02-25 21:38:24.494667+00"
"1075","Light Thopter Body Schematic","Standard body hull for the Smuggler Light Ornithopter","[""Items.ExcludeFromExchange"",""Items.ExcludeFromPlayerSellingToVendor"",""Items.ExcludeFromPlayerBuyingFromVendor"",""Items.ExcludeFromLootSystem"",""Items.NotCustomizable""]","2026-02-25 21:38:24.494667+00"
"1076","Light Thopter Boost Module Schematic","Boost module for the Smuggler Light Ornithopter","[""Items.ExcludeFromExchange"",""Items.ExcludeFromPlayerSellingToVendor"",""Items.ExcludeFromPlayerBuyingFromVendor"",""Items.ExcludeFromLootSystem"",""Items.NotCustomizable""]","2026-02-25 21:38:24.494667+00"
"1077","Light Thopter Boost Module Schematic","Boost module for the Smuggler Light Ornithopter","[""Items.ExcludeFromExchange"",""Items.ExcludeFromPlayerSellingToVendor"",""Items.ExcludeFromPlayerBuyingFromVendor"",""Items.ExcludeFromLootSystem"",""Items.NotCustomizable""]","2026-02-25 21:38:24.494667+00"
"1078","Light Thopter Chassis Schematic","Standard chassis for the Smuggler Light Ornithopter","[""Items.ExcludeFromExchange"",""Items.ExcludeFromPlayerSellingToVendor"",""Items.ExcludeFromPlayerBuyingFromVendor"",""Items.ExcludeFromLootSystem"",""Items.NotCustomizable""]","2026-02-25 21:38:24.494667+00"
"1079","Light Thopter Chassis Schematic","Standard chassis for the Smuggler Light Ornithopter","[""Items.ExcludeFromExchange"",""Items.ExcludeFromPlayerSellingToVendor"",""Items.ExcludeFromPlayerBuyingFromVendor"",""Items.ExcludeFromLootSystem"",""Items.NotCustomizable""]","2026-02-25 21:38:24.494667+00"
"1080","Light Thopter Cockpit Schematic","Standard cockpit for the CHOAM Light Ornithopter","[""Items.ExcludeFromExchange"",""Items.ExcludeFromPlayerSellingToVendor"",""Items.ExcludeFromPlayerBuyingFromVendor"",""Items.ExcludeFromLootSystem"",""Items.NotCustomizable""]","2026-02-25 21:38:24.494667+00"
"1081","Light Thopter Combat Scanner Schematic","A combat scanner for the Atreides Light Thopter","[""Items.ExcludeFromExchange"",""Items.ExcludeFromPlayerSellingToVendor"",""Items.ExcludeFromPlayerBuyingFromVendor"",""Items.ExcludeFromLootSystem"",""Items.NotCustomizable""]","2026-02-25 21:38:24.494667+00"
"1082","Light Thopter Combat Scanner Schematic","A combat scanner for the Atreides Light Thopter","[""Items.ExcludeFromExchange"",""Items.ExcludeFromPlayerSellingToVendor"",""Items.ExcludeFromPlayerBuyingFromVendor"",""Items.ExcludeFromLootSystem"",""Items.NotCustomizable""]","2026-02-25 21:38:24.494667+00"
"1083","Light Thopter Combat Scanner Schematic","A combat scanner for the Atreides Light Thopter","[""Items.ExcludeFromExchange"",""Items.ExcludeFromPlayerSellingToVendor"",""Items.ExcludeFromPlayerBuyingFromVendor"",""Items.ExcludeFromLootSystem"",""Items.NotCustomizable""]","2026-02-25 21:38:24.494667+00"
"1084","Light Thopter Dragonfly Wings Schematic","Dragonfly style wings for the Atreides Light Thopter","[""Items.ExcludeFromExchange"",""Items.ExcludeFromPlayerSellingToVendor"",""Items.ExcludeFromPlayerBuyingFromVendor"",""Items.ExcludeFromLootSystem"",""Items.NotCustomizable""]","2026-02-25 21:38:24.494667+00"
"1085","Light Thopter Dragonfly Wings Schematic","Dragonfly style wings for the Atreides Light Thopter","[""Items.ExcludeFromExchange"",""Items.ExcludeFromPlayerSellingToVendor"",""Items.ExcludeFromPlayerBuyingFromVendor"",""Items.ExcludeFromLootSystem"",""Items.NotCustomizable""]","2026-02-25 21:38:24.494667+00"
"1086","Light Thopter Dragonfly Wings Schematic","Dragonfly style wings for the Atreides Light Thopter","[""Items.ExcludeFromExchange"",""Items.ExcludeFromPlayerSellingToVendor"",""Items.ExcludeFromPlayerBuyingFromVendor"",""Items.ExcludeFromLootSystem"",""Items.NotCustomizable""]","2026-02-25 21:38:24.494667+00"
"1087","Light Thopter Efficient Chassis Schematic","A fuel efficient chassis for the Atreides Light Thopter","[""Items.ExcludeFromExchange"",""Items.ExcludeFromPlayerSellingToVendor"",""Items.ExcludeFromPlayerBuyingFromVendor"",""Items.ExcludeFromLootSystem"",""Items.NotCustomizable""]","2026-02-25 21:38:24.494667+00"
"1088","Light Thopter Efficient Chassis Schematic","A fuel efficient chassis for the Atreides Light Thopter","[""Items.ExcludeFromExchange"",""Items.ExcludeFromPlayerSellingToVendor"",""Items.ExcludeFromPlayerBuyingFromVendor"",""Items.ExcludeFromLootSystem"",""Items.NotCustomizable""]","2026-02-25 21:38:24.494667+00"
"1089","Light Thopter Efficient Chassis Schematic","A fuel efficient chassis for the Atreides Light Thopter","[""Items.ExcludeFromExchange"",""Items.ExcludeFromPlayerSellingToVendor"",""Items.ExcludeFromPlayerBuyingFromVendor"",""Items.ExcludeFromLootSystem"",""Items.NotCustomizable""]","2026-02-25 21:38:24.494667+00"
"1090","Light Thopter Efficient PSU Schematic","Fuel-efficient PSU for the CHOAM Light Ornithopter","[""Items.ExcludeFromExchange"",""Items.ExcludeFromPlayerSellingToVendor"",""Items.ExcludeFromPlayerBuyingFromVendor"",""Items.ExcludeFromLootSystem"",""Items.NotCustomizable""]","2026-02-25 21:38:24.494667+00"
"1091","Light Thopter Engine Schematic","Standard engine for the CHOAM Light Ornithopter","[""Items.ExcludeFromExchange"",""Items.ExcludeFromPlayerSellingToVendor"",""Items.ExcludeFromPlayerBuyingFromVendor"",""Items.ExcludeFromLootSystem"",""Items.NotCustomizable""]","2026-02-25 21:38:24.494667+00"
"1092","Light Thopter Hazard Cockpit Schematic","Hazard protected cockpit for the Atreides Light Thopter","[""Items.ExcludeFromExchange"",""Items.ExcludeFromPlayerSellingToVendor"",""Items.ExcludeFromPlayerBuyingFromVendor"",""Items.ExcludeFromLootSystem"",""Items.NotCustomizable""]","2026-02-25 21:38:24.494667+00"
"1093","Light Thopter Hazard Cockpit Schematic","Hazard protected cockpit for the Atreides Light Thopter","[""Items.ExcludeFromExchange"",""Items.ExcludeFromPlayerSellingToVendor"",""Items.ExcludeFromPlayerBuyingFromVendor"",""Items.ExcludeFromLootSystem"",""Items.NotCustomizable""]","2026-02-25 21:38:24.494667+00"
"1094","Light Thopter Hazard Cockpit Schematic","Hazard protected cockpit for the Atreides Light Thopter","[""Items.ExcludeFromExchange"",""Items.ExcludeFromPlayerSellingToVendor"",""Items.ExcludeFromPlayerBuyingFromVendor"",""Items.ExcludeFromLootSystem"",""Items.NotCustomizable""]","2026-02-25 21:38:24.494667+00"
"1095","Light Thopter Health Chassis Schematic","A healthy chassis for the Atreides Light Thopter","[""Items.ExcludeFromExchange"",""Items.ExcludeFromPlayerSellingToVendor"",""Items.ExcludeFromPlayerBuyingFromVendor"",""Items.ExcludeFromLootSystem"",""Items.NotCustomizable""]","2026-02-25 21:38:24.494667+00"
"1096","Light Thopter Health Chassis Schematic","A healthy chassis for the Atreides Light Thopter","[""Items.ExcludeFromExchange"",""Items.ExcludeFromPlayerSellingToVendor"",""Items.ExcludeFromPlayerBuyingFromVendor"",""Items.ExcludeFromLootSystem"",""Items.NotCustomizable""]","2026-02-25 21:38:24.494667+00"
"1097","Light Thopter Health Chassis Schematic","A healthy chassis for the Atreides Light Thopter","[""Items.ExcludeFromExchange"",""Items.ExcludeFromPlayerSellingToVendor"",""Items.ExcludeFromPlayerBuyingFromVendor"",""Items.ExcludeFromLootSystem"",""Items.NotCustomizable""]","2026-02-25 21:38:24.494667+00"
"1098","Light Thopter Inventory Module Schematic","Inventory module for the Smuggler Light Ornithopter","[""Items.ExcludeFromExchange"",""Items.ExcludeFromPlayerSellingToVendor"",""Items.ExcludeFromPlayerBuyingFromVendor"",""Items.ExcludeFromLootSystem"",""Items.NotCustomizable""]","2026-02-25 21:38:24.494667+00"
"1099","Light Thopter PSU Schematic","Standard power supply for the Smuggler Light Ornithopter","[""Items.ExcludeFromExchange"",""Items.ExcludeFromPlayerSellingToVendor"",""Items.ExcludeFromPlayerBuyingFromVendor"",""Items.ExcludeFromLootSystem"",""Items.NotCustomizable""]","2026-02-25 21:38:24.494667+00"
"1100","Light Thopter PSU Schematic","Standard power supply for the Smuggler Light Ornithopter","[""Items.ExcludeFromExchange"",""Items.ExcludeFromPlayerSellingToVendor"",""Items.ExcludeFromPlayerBuyingFromVendor"",""Items.ExcludeFromLootSystem"",""Items.NotCustomizable""]","2026-02-25 21:38:24.494667+00"
"1101","Light Thopter Rocket Launcher Schematic","Rocket launcher array for the Smuggler Light Ornithopter","[""Items.ExcludeFromExchange"",""Items.ExcludeFromPlayerSellingToVendor"",""Items.ExcludeFromPlayerBuyingFromVendor"",""Items.ExcludeFromLootSystem"",""Items.NotCustomizable""]","2026-02-25 21:38:24.494667+00"
"1102","Light Thopter Rocket Launcher Schematic","Rocket launcher array for the Smuggler Light Ornithopter","[""Items.ExcludeFromExchange"",""Items.ExcludeFromPlayerSellingToVendor"",""Items.ExcludeFromPlayerBuyingFromVendor"",""Items.ExcludeFromLootSystem"",""Items.NotCustomizable""]","2026-02-25 21:38:24.494667+00"
"1103","Light Thopter Speed Engine Schematic","A fast engine for the Atreides Light Thopter","[""Items.ExcludeFromExchange"",""Items.ExcludeFromPlayerSellingToVendor"",""Items.ExcludeFromPlayerBuyingFromVendor"",""Items.ExcludeFromLootSystem"",""Items.NotCustomizable""]","2026-02-25 21:38:24.494667+00"
"1104","Light Thopter Speed Engine Schematic","A fast engine for the Atreides Light Thopter","[""Items.ExcludeFromExchange"",""Items.ExcludeFromPlayerSellingToVendor"",""Items.ExcludeFromPlayerBuyingFromVendor"",""Items.ExcludeFromLootSystem"",""Items.NotCustomizable""]","2026-02-25 21:38:24.494667+00"
"1105","Light Thopter Speed Engine Schematic","A fast engine for the Atreides Light Thopter","[""Items.ExcludeFromExchange"",""Items.ExcludeFromPlayerSellingToVendor"",""Items.ExcludeFromPlayerBuyingFromVendor"",""Items.ExcludeFromLootSystem"",""Items.NotCustomizable""]","2026-02-25 21:38:24.494667+00"
"1106","Light Thopter Storage Module Schematic","Standard storage module for the CHOAM Light Ornithopter","[""Items.ExcludeFromExchange"",""Items.ExcludeFromPlayerSellingToVendor"",""Items.ExcludeFromPlayerBuyingFromVendor"",""Items.ExcludeFromLootSystem"",""Items.NotCustomizable""]","2026-02-25 21:38:24.494667+00"
"1107","Light Thopter Vented PSU Schematic","Heat-efficient PSU for the CHOAM Light Ornithopter","[""Items.ExcludeFromExchange"",""Items.ExcludeFromPlayerSellingToVendor"",""Items.ExcludeFromPlayerBuyingFromVendor"",""Items.ExcludeFromLootSystem"",""Items.NotCustomizable""]","2026-02-25 21:38:24.494667+00"
"1108","Light Thopter Vulture Wings Schematic","Vulture style wings for the Atreides Light Thopter","[""Items.ExcludeFromExchange"",""Items.ExcludeFromPlayerSellingToVendor"",""Items.ExcludeFromPlayerBuyingFromVendor"",""Items.ExcludeFromLootSystem"",""Items.NotCustomizable""]","2026-02-25 21:38:24.494667+00"
"1109","Light Thopter Vulture Wings Schematic","Vulture style wings for the Atreides Light Thopter","[""Items.ExcludeFromExchange"",""Items.ExcludeFromPlayerSellingToVendor"",""Items.ExcludeFromPlayerBuyingFromVendor"",""Items.ExcludeFromLootSystem"",""Items.NotCustomizable""]","2026-02-25 21:38:24.494667+00"
"1110","Light Thopter Vulture Wings Schematic","Vulture style wings for the Atreides Light Thopter","[""Items.ExcludeFromExchange"",""Items.ExcludeFromPlayerSellingToVendor"",""Items.ExcludeFromPlayerBuyingFromVendor"",""Items.ExcludeFromLootSystem"",""Items.NotCustomizable""]","2026-02-25 21:38:24.494667+00"
"1111","Light Thopter Wings Schematic","Standard wings for the CHOAM Light Ornithopter","[""Items.ExcludeFromExchange"",""Items.ExcludeFromPlayerSellingToVendor"",""Items.ExcludeFromPlayerBuyingFromVendor"",""Items.ExcludeFromLootSystem"",""Items.NotCustomizable""]","2026-02-25 21:38:24.494667+00"
"1112","Lightweight Gun Parts","A fabrication component found in loot","[""Items.ExcludeFromExchange"",""Items.ExcludeFromPlayerSellingToVendor"",""Items.ExcludeFromPlayerBuyingFromVendor"",""Items.ExcludeFromLootSystem"",""Items.NotCustomizable""]","2026-02-25 21:38:24.494667+00"
"1113","Lisan al-Gaib and Alam al-Mithal","Fremen religious text found in the Hagga Basin","[""Items.ExcludeFromExchange"",""Items.ExcludeFromLootSystem"",""Items.Contract"",""Contract.Target.Item""]","2026-02-25 21:38:24.494667+00"
"1114","Lisan al-Gaib and Alam al-Mithal","Religious text found in the Imperial Basin.","[""Items.ExcludeFromExchange"",""Items.ExcludeFromPlayerSellingToVendor"",""Items.ExcludeFromPlayerBuyingFromVendor"",""Items.ExcludeFromLootSystem"",""Items.NotCustomizable""]","2026-02-25 21:38:24.494667+00"
"1115","List of Harkonnen Spies","","[""Contract.Target.Item"",""Items.ExcludeFromExchange"",""Items.Contract""]","2026-02-25 21:38:24.494667+00"
"1116","List of Naibs","A compendium of the Naibs of every sietch.","[""Items.ExcludeFromExchange"",""Items.Contract""]","2026-02-25 21:38:24.494667+00"
"1117","Literjon","Portable container used for carrying water.","[""Items.Holsters.HydrationTools"",""LootTier.1"",""Loot.Fremen"",""Items.NotCustomizable""]","2026-02-25 21:38:24.494667+00"
"1118","Literjon_03","Needs Short Desc","[""Items.ExcludeFromExchange"",""Items.ExcludeFromPlayerSellingToVendor"",""Items.ExcludeFromPlayerBuyingFromVendor"",""Items.ExcludeFromLootSystem"",""Items.NotCustomizable""]","2026-02-25 21:38:24.494667+00"
"1119","Literjon_04","Needs Short Desc","[""Items.ExcludeFromExchange"",""Items.ExcludeFromPlayerSellingToVendor"",""Items.ExcludeFromPlayerBuyingFromVendor"",""Items.ExcludeFromLootSystem"",""Items.NotCustomizable""]","2026-02-25 21:38:24.494667+00"
"1120","Literjon_05","Needs Short Desc","[""Items.ExcludeFromExchange"",""Items.ExcludeFromPlayerSellingToVendor"",""Items.ExcludeFromPlayerBuyingFromVendor"",""Items.ExcludeFromLootSystem"",""Items.NotCustomizable""]","2026-02-25 21:38:24.494667+00"
"1121","Literjon 05 Schematic","Hydration Consumable","[""Items.ExcludeFromExchange"",""Items.ExcludeFromPlayerSellingToVendor"",""Items.ExcludeFromPlayerBuyingFromVendor"",""Items.ExcludeFromLootSystem"",""Items.NotCustomizable""]","2026-02-25 21:38:24.494667+00"
"1122","Literjon_06","Needs Short Desc","[""Items.ExcludeFromExchange"",""Items.ExcludeFromPlayerSellingToVendor"",""Items.ExcludeFromPlayerBuyingFromVendor"",""Items.ExcludeFromLootSystem"",""Items.NotCustomizable""]","2026-02-25 21:38:24.494667+00"
"1123","Literjon 06 Schematic","Hydration Consumable","[""Items.ExcludeFromExchange"",""Items.ExcludeFromPlayerSellingToVendor"",""Items.ExcludeFromPlayerBuyingFromVendor"",""Items.ExcludeFromLootSystem"",""Items.NotCustomizable""]","2026-02-25 21:38:24.494667+00"
"1124","Literjon_07","Needs Short Desc","[""Items.ExcludeFromExchange"",""Items.ExcludeFromPlayerSellingToVendor"",""Items.ExcludeFromPlayerBuyingFromVendor"",""Items.ExcludeFromLootSystem"",""Items.NotCustomizable""]","2026-02-25 21:38:24.494667+00"
"1125","Literjon 07 Schematic","Hydration Consumable","[""Items.ExcludeFromExchange"",""Items.ExcludeFromPlayerSellingToVendor"",""Items.ExcludeFromPlayerBuyingFromVendor"",""Items.ExcludeFromLootSystem"",""Items.NotCustomizable""]","2026-02-25 21:38:24.494667+00"
"1126","Literjon_08","Needs Short Desc","[""Items.ExcludeFromExchange"",""Items.ExcludeFromPlayerSellingToVendor"",""Items.ExcludeFromPlayerBuyingFromVendor"",""Items.ExcludeFromLootSystem"",""Items.NotCustomizable""]","2026-02-25 21:38:24.494667+00"
"1127","Literjon_09","Needs Short Desc","[""Items.ExcludeFromExchange"",""Items.ExcludeFromPlayerSellingToVendor"",""Items.ExcludeFromPlayerBuyingFromVendor"",""Items.ExcludeFromLootSystem"",""Items.NotCustomizable""]","2026-02-25 21:38:24.494667+00"
"1128","Literjon Mk6","Portable container used for carrying water.","[""Items.Holsters.HydrationTools"",""LootTier.6"",""Loot.Fremen"",""Items.NotCustomizable""]","2026-02-25 21:38:24.494667+00"
"1129","Literjon Schematic","Schematic for a Literjon","[""Items.ExcludeFromExchange"",""Items.ExcludeFromPlayerSellingToVendor"",""Items.ExcludeFromPlayerBuyingFromVendor"",""Items.ExcludeFromLootSystem"",""Items.NotCustomizable""]","2026-02-25 21:38:24.494667+00"
"1130","LMG1 Schematic","Learnable Schematic","[""Items.ExcludeFromExchange"",""Items.ExcludeFromPlayerSellingToVendor"",""Items.ExcludeFromPlayerBuyingFromVendor"",""Items.ExcludeFromLootSystem"",""Items.NotCustomizable""]","2026-02-25 21:38:24.494667+00"
"1131","LMG2 Schematic","Learnable Schematic","[""Items.ExcludeFromExchange"",""Items.ExcludeFromPlayerSellingToVendor"",""Items.ExcludeFromPlayerBuyingFromVendor"",""Items.ExcludeFromLootSystem"",""Items.NotCustomizable""]","2026-02-25 21:38:24.494667+00"
"1132","Long Range Scanner","Improved exploration scanner that reveals map information.","[""Items.Holsters.CartographyTools"",""LootTier.5"",""Rarity.Rare"",""Items.NotCustomizable""]","2026-02-25 21:38:24.494667+00"
"1133","Long Range Scanner Schematic","Improved exploration scanner that reveals map information.","[""Items.Schematics.CartographyTools"",""LootTier.5"",""Rarity.Rare"",""LootPool.1""]","2026-02-25 21:38:24.494667+00"
"1134","Long Range Seismic Probe","Device for detecting sandworms","[""Items.ExcludeFromExchange"",""Items.ExcludeFromPlayerSellingToVendor"",""Items.ExcludeFromPlayerBuyingFromVendor"",""Items.ExcludeFromLootSystem"",""Items.NotCustomizable""]","2026-02-25 21:38:24.494667+00"
"1135","Long Range Seismic Probe Schematic","Device for detecting sandworms","[""Items.ExcludeFromExchange"",""Items.ExcludeFromPlayerSellingToVendor"",""Items.ExcludeFromPlayerBuyingFromVendor"",""Items.ExcludeFromLootSystem"",""Items.NotCustomizable""]","2026-02-25 21:38:24.494667+00"
"1136","Long Shot","An assassin's rifle that fires poisonous darts at long range.","[""Items.Holsters.RangedWeapons.Light.Rifle.SpitDart"",""LootTier.4"",""Rarity.Rare""]","2026-02-25 21:38:24.494667+00"
"1137","Long Shot Schematic","Schematic for an assassin's rifle that fires poisonous darts at long range.","[""Items.Schematics.RangedWeapons.Light.Rifle"",""LootTier.4"",""Rarity.Rare"",""LootPool.2""]","2026-02-25 21:38:24.494667+00"
"1138","Longdart Rifle Schematic","Learnable Schematic","[""Items.ExcludeFromExchange"",""Items.ExcludeFromPlayerSellingToVendor"",""Items.ExcludeFromPlayerBuyingFromVendor"",""Items.ExcludeFromLootSystem"",""Items.NotCustomizable""]","2026-02-25 21:38:24.494667+00"
"1139","Low Power Suspensor Belt Schematic","Schematic for a Low Power Suspensor Belt","[""Items.ExcludeFromExchange"",""Items.ExcludeFromPlayerSellingToVendor"",""Items.ExcludeFromPlayerBuyingFromVendor"",""Items.ExcludeFromLootSystem"",""Items.NotCustomizable""]","2026-02-25 21:38:24.494667+00"
"1140","Low-grade Lubricant","A basic lubricant refined in Chemical Refineries.","[""Items.RefinedResources.Fuel"",""LootTier.3"",""Items.ExcludeFromLootSystem""]","2026-02-25 21:38:24.494667+00"
"1141","Maas Kharet Bloodbag","A bloodbag with an extra high capacity for blood.","[""Items.Holsters.HydrationTools"",""LootTier.5"",""Rarity.Rare"",""Items.NotCustomizable""]","2026-02-25 21:38:24.494667+00"
"1142","Maas Kharet Bloodbag Schematic","Schematic for a bloodbag with an extra high capacity.","[""Items.Schematics.HydrationTools"",""LootTier.5"",""Rarity.Rare"",""LootPool.4""]","2026-02-25 21:38:24.494667+00"
"1143","Maas Kharet Map","A crude map depicting some local landmarks.","[""Contract.Target.Item"",""Items.ExcludeFromExchange"",""Items.Contract""]","2026-02-25 21:38:24.494667+00"
"1144","Maas Kharet Stillsuit Set","Stillsuit container","[""Items.ExcludeFromExchange"",""Items.ExcludeFromPlayerSellingToVendor"",""Items.ExcludeFromPlayerBuyingFromVendor"",""Items.ExcludeFromLootSystem"",""Items.NotCustomizable""]","2026-02-25 21:38:24.494667+00"
"1145","Makeshift Filter","A basic filter crafted in a Survival Fabricator.","[""Items.RefinedResources.Fuel"",""LootTier.3"",""Items.ExcludeFromLootSystem""]","2026-02-25 21:38:24.494667+00"
"1146","Makeshift Gloves","A crude pair of gloves made from plant fiber.","[""Items.Clothes.ScoutArmor.Hands"",""LootTier.0""]","2026-02-25 21:38:24.494667+00"
"1147","Makeshift Hood","A crude hood made from plant fiber.","[""Items.Clothes.ScoutArmor.Head"",""LootTier.0""]","2026-02-25 21:38:24.494667+00"
"1148","Makeshift Jacket","A crude jacket made from plant fiber.","[""Items.Clothes.ScoutArmor.Torso"",""LootTier.0""]","2026-02-25 21:38:24.494667+00"
"1149","Makeshift Pants","A crude pair of pants made from plant fiber.","[""Items.Clothes.ScoutArmor.Legs"",""LootTier.0""]","2026-02-25 21:38:24.494667+00"
"1150","Makeshift Shoes","A crude pair of shoes made from plant fiber.","[""Items.Clothes.ScoutArmor.Feet"",""LootTier.0""]","2026-02-25 21:38:24.494667+00"
"1151","Maraqeb Stillsuit Boots","Stillsuit boots made in honor of Maraqeb, the sentinel.","[""Items.Clothes.Stillsuit.Feet"",""LootTier.4"",""Rarity.Rare"",""Items.ExcludeFromLootSystem""]","2026-02-25 21:38:24.494667+00"
"1152","Maraqeb Stillsuit Boots Schematic","Schematic for stillsuit boots made in honor of Maraqeb, the sentinel.","[""Items.Schematics.Clothes.Stillsuit"",""LootTier.4"",""Rarity.Rare"",""LootPool.2""]","2026-02-25 21:38:24.494667+00"
"1153","Maraqeb Stillsuit Garment","A stillsuit garment made in honor of Maraqeb, the sentinel.","[""Items.Clothes.Stillsuit.Torso"",""LootTier.4"",""Rarity.Rare"",""Items.ExcludeFromLootSystem""]","2026-02-25 21:38:24.494667+00"
"1154","Maraqeb Stillsuit Garment Schematic","Schematic for a stillsuit garment made in honor of Maraqeb, the sentinel.","[""Items.Schematics.Clothes.Stillsuit"",""LootTier.4"",""Rarity.Rare"",""LootPool.2""]","2026-02-25 21:38:24.494667+00"
"1155","Maraqeb Stillsuit Gloves","Stillsuit gloves made in honor of Maraqeb, the sentinel.","[""Items.Clothes.Stillsuit.Hands"",""LootTier.4"",""Rarity.Rare"",""Items.ExcludeFromLootSystem""]","2026-02-25 21:38:24.494667+00"
"1156","Maraqeb Stillsuit Gloves Schematic","Schematic for stillsuit gloves made in honor of Maraqeb, the sentinel.","[""Items.Schematics.Clothes.Stillsuit"",""LootTier.4"",""Rarity.Rare"",""LootPool.2""]","2026-02-25 21:38:24.494667+00"
"1157","Maraqeb Stillsuit Mask","A stillsuit mask made in honor of Maraqeb, the sentinel.","[""Items.Clothes.Stillsuit.Head"",""LootTier.4"",""Rarity.Rare"",""Items.ExcludeFromLootSystem""]","2026-02-25 21:38:24.494667+00"
"1158","Maraqeb Stillsuit Mask Schematic","Schematic for a stillsuit mask made in honor of Maraqeb, the sentinel.","[""Items.Schematics.Clothes.Stillsuit"",""LootTier.4"",""Rarity.Rare"",""LootPool.2""]","2026-02-25 21:38:24.494667+00"
"1159","Massive Blood Sack","Portable container used for carrying extracted blood.","[""Items.Holsters.HydrationTools"",""LootTier.6"",""Loot.Fremen"",""Items.NotCustomizable""]","2026-02-25 21:38:24.494667+00"
"1160","Maula Boots","Poor quality boots given to prisoners and slaves.","[""Items.Clothes.Social.Feet"",""LootTier.0""]","2026-02-25 21:38:24.494667+00"
"1161","Maula Bracers","Poor quality bracers given to prisoners and slaves.","[""Items.Clothes.Social.Hands"",""LootTier.0""]","2026-02-25 21:38:24.494667+00"
"1162","Maula Breeches","Poor quality breeches given to prisoners and slaves.","[""Items.Clothes.Social.Legs"",""LootTier.0""]","2026-02-25 21:38:24.494667+00"
"1163","Maula Gladiator Breeches","A maula gladiator's pants","[""Items.ExcludeFromExchange"",""Items.ExcludeFromPlayerSellingToVendor"",""Items.ExcludeFromPlayerBuyingFromVendor"",""Items.ExcludeFromLootSystem"",""Items.NotCustomizable""]","2026-02-25 21:38:24.494667+00"
"1164","Maula Gladiator Cuirass","A maula gladiator's chestpiece","[""Items.ExcludeFromExchange"",""Items.ExcludeFromPlayerSellingToVendor"",""Items.ExcludeFromPlayerBuyingFromVendor"",""Items.ExcludeFromLootSystem"",""Items.NotCustomizable""]","2026-02-25 21:38:24.494667+00"
"1165","Maula Gladiator Gauntlets","A maula gladiator's gauntlets","[""Items.ExcludeFromExchange"",""Items.ExcludeFromPlayerSellingToVendor"",""Items.ExcludeFromPlayerBuyingFromVendor"",""Items.ExcludeFromLootSystem"",""Items.NotCustomizable""]","2026-02-25 21:38:24.494667+00"
"1166","Maula Gladiator Helmet","A maula gladiator's helmet","[""Items.ExcludeFromExchange"",""Items.ExcludeFromPlayerSellingToVendor"",""Items.ExcludeFromPlayerBuyingFromVendor"",""Items.ExcludeFromLootSystem"",""Items.NotCustomizable""]","2026-02-25 21:38:24.494667+00"
"1167","Maula Gladiator Sandals","A maula gladiator's boots","[""Items.ExcludeFromExchange"",""Items.ExcludeFromPlayerSellingToVendor"",""Items.ExcludeFromPlayerBuyingFromVendor"",""Items.ExcludeFromLootSystem"",""Items.NotCustomizable""]","2026-02-25 21:38:24.494667+00"
"1168","Maula Pistol","Lightweight Pistol.","[""Items.Holsters.RangedWeapons.Light.Pistol"",""LootTier.1"",""Loot.GreatHouse""]","2026-02-25 21:38:24.494667+00"
"1169","Maula Pistol 1.5x Sight Schematic","1.5x sight for the Maula Pistol","[""Items.ExcludeFromExchange"",""Items.ExcludeFromPlayerSellingToVendor"",""Items.ExcludeFromPlayerBuyingFromVendor"",""Items.ExcludeFromLootSystem"",""Items.NotCustomizable""]","2026-02-25 21:38:24.494667+00"
"1170","Maula Pistol Combat Sight Schematic","Schematic for a Maula Pistol Combat Sight","[""Items.ExcludeFromExchange"",""Items.ExcludeFromPlayerSellingToVendor"",""Items.ExcludeFromPlayerBuyingFromVendor"",""Items.ExcludeFromLootSystem"",""Items.NotCustomizable""]","2026-02-25 21:38:24.494667+00"
"1171","Maula Pistol Full Auto Converter Schematic","Schematic for a Maula Pistol Full Auto Converter","[""Items.ExcludeFromExchange"",""Items.ExcludeFromPlayerSellingToVendor"",""Items.ExcludeFromPlayerBuyingFromVendor"",""Items.ExcludeFromLootSystem"",""Items.NotCustomizable""]","2026-02-25 21:38:24.494667+00"
"1172","Maula Pistol Igniter Schematic","Fire igniter attachment for the Maula Pistol","[""Items.ExcludeFromExchange"",""Items.ExcludeFromPlayerSellingToVendor"",""Items.ExcludeFromPlayerBuyingFromVendor"",""Items.ExcludeFromLootSystem"",""Items.NotCustomizable""]","2026-02-25 21:38:24.494667+00"
"1173","Maula Pistol MK l Schematic","Schematic for a Maula Pistol MK l","[""Items.ExcludeFromExchange"",""Items.ExcludeFromPlayerSellingToVendor"",""Items.ExcludeFromPlayerBuyingFromVendor"",""Items.ExcludeFromLootSystem"",""Items.NotCustomizable""]","2026-02-25 21:38:24.494667+00"
"1174","Maula Pistol MK ll Schematic","Schematic for a Maula Pistol MK ll","[""Items.ExcludeFromExchange"",""Items.ExcludeFromPlayerSellingToVendor"",""Items.ExcludeFromPlayerBuyingFromVendor"",""Items.ExcludeFromLootSystem"",""Items.NotCustomizable""]","2026-02-25 21:38:24.494667+00"
"1175","Maula Pistol Quick Loader Schematic","Quick loader for the Maula Pistol","[""Items.ExcludeFromExchange"",""Items.ExcludeFromPlayerSellingToVendor"",""Items.ExcludeFromPlayerBuyingFromVendor"",""Items.ExcludeFromLootSystem"",""Items.NotCustomizable""]","2026-02-25 21:38:24.494667+00"
"1176","Maula Pistol Schematic","Schematic for a Maula Pistol","[""Items.ExcludeFromExchange"",""Items.ExcludeFromPlayerSellingToVendor"",""Items.ExcludeFromPlayerBuyingFromVendor"",""Items.ExcludeFromLootSystem"",""Items.NotCustomizable""]","2026-02-25 21:38:24.494667+00"
"1177","Maula Vest","Poor quality vest given to prisoners and slaves.","[""Items.Clothes.Social.Torso"",""LootTier.0""]","2026-02-25 21:38:24.494667+00"
"1178","Maula Vest","Poor quality vest given to prisoners and slaves.","[""Items.Clothes.Social.Torso"",""LootTier.0""]","2026-02-25 21:38:24.494667+00"
"1179","Mechanic Set Sign Patent","","[""Items.Consumables.BuildableSets"",""Items.ExcludeFromLootSystem"",""Items.ExcludeFromExchange""]","2026-02-25 21:38:24.494667+00"
"1180","Mechanical Parts","A Great House component used in fabrication.","[""Items.CraftedResources"",""LootTier.1"",""Loot.GreatHouse""]","2026-02-25 21:38:24.494667+00"
"1181","Medium Blood Sack","Portable container used for carrying extracted blood.","[""Items.Holsters.HydrationTools"",""LootTier.2"",""Loot.Fremen"",""Items.NotCustomizable""]","2026-02-25 21:38:24.494667+00"
"1182","Medium Insulated Water Cistern","Stores water","[""Items.ExcludeFromExchange"",""Items.ExcludeFromPlayerSellingToVendor"",""Items.ExcludeFromPlayerBuyingFromVendor"",""Items.ExcludeFromLootSystem"",""Items.NotCustomizable""]","2026-02-25 21:38:24.494667+00"
"1183","Medium Ore Refinery Patent","Refines ores into ingots","[""Items.Consumables.BuildableSets"",""LootTier.4"",""Items.ExcludeFromLootSystem"",""Items.ExcludeFromExchange""]","2026-02-25 21:38:24.494667+00"
"1184","Medium Ornithopter Bomb Bay","","[""Items.ExcludeFromExchange"",""Items.ExcludeFromPlayerSellingToVendor"",""Items.ExcludeFromPlayerBuyingFromVendor"",""Items.ExcludeFromLootSystem"",""Items.NotCustomizable""]","2026-02-25 21:38:24.494667+00"
"1185","Medium Ornithopter Dart Gun","","[""Items.ExcludeFromExchange"",""Items.ExcludeFromPlayerSellingToVendor"",""Items.ExcludeFromPlayerBuyingFromVendor"",""Items.ExcludeFromLootSystem"",""Items.NotCustomizable""]","2026-02-25 21:38:24.494667+00"
"1186","Medium Ornithopter Dart Gun","","[""Items.ExcludeFromExchange"",""Items.ExcludeFromPlayerSellingToVendor"",""Items.ExcludeFromPlayerBuyingFromVendor"",""Items.ExcludeFromLootSystem"",""Items.NotCustomizable""]","2026-02-25 21:38:24.494667+00"
"1187","Medium Ornithopter Rocket Launcher 7","Adds a rocket launcher to the Ornithopter.","[""Items.ExcludeFromExchange"",""Items.ExcludeFromPlayerSellingToVendor"",""Items.ExcludeFromPlayerBuyingFromVendor"",""Items.ExcludeFromLootSystem"",""Items.NotCustomizable""]","2026-02-25 21:38:24.494667+00"
"1188","Medium Ornithopter Shield","","[""Items.ExcludeFromExchange"",""Items.ExcludeFromPlayerSellingToVendor"",""Items.ExcludeFromPlayerBuyingFromVendor"",""Items.ExcludeFromLootSystem"",""Items.NotCustomizable""]","2026-02-25 21:38:24.494667+00"
"1189","Medium Sized Vehicle Fuel Cell","Refined Fuel Cells used to power vehicles.","[""Items.RefinedResources.Fuel"",""LootTier.3""]","2026-02-25 21:38:24.494667+00"
"1190","Medium Spice Refinery Patent","Processes Spice Sand into Spice Melange","[""Items.Consumables.BuildableSets"",""LootTier.5"",""Items.ExcludeFromLootSystem"",""Items.ExcludeFromExchange""]","2026-02-25 21:38:24.494667+00"
"1191","Medium Thopter Armored Cockpit Schematic","Armored cockpit for the CHOAM Medium Thopter","[""Items.ExcludeFromExchange"",""Items.ExcludeFromPlayerSellingToVendor"",""Items.ExcludeFromPlayerBuyingFromVendor"",""Items.ExcludeFromLootSystem"",""Items.NotCustomizable""]","2026-02-25 21:38:24.494667+00"
"1192","Medium Thopter Body Schematic","Standard body for the CHOAM Medium Thopter","[""Items.ExcludeFromExchange"",""Items.ExcludeFromPlayerSellingToVendor"",""Items.ExcludeFromPlayerBuyingFromVendor"",""Items.ExcludeFromLootSystem"",""Items.NotCustomizable""]","2026-02-25 21:38:24.494667+00"
"1193","Medium Thopter Boost Module Schematic","Boost module for the CHOAM Medium Thopter","[""Items.ExcludeFromExchange"",""Items.ExcludeFromPlayerSellingToVendor"",""Items.ExcludeFromPlayerBuyingFromVendor"",""Items.ExcludeFromLootSystem"",""Items.NotCustomizable""]","2026-02-25 21:38:24.494667+00"
"1194","Medium Thopter Chassis Schematic","Standard chassis for the CHOAM Medium Thopter","[""Items.ExcludeFromExchange"",""Items.ExcludeFromPlayerSellingToVendor"",""Items.ExcludeFromPlayerBuyingFromVendor"",""Items.ExcludeFromLootSystem"",""Items.NotCustomizable""]","2026-02-25 21:38:24.494667+00"
"1195","Medium Thopter Cockpit Schematic","Standard cockpit for the CHOAM Medium Thopter","[""Items.ExcludeFromExchange"",""Items.ExcludeFromPlayerSellingToVendor"",""Items.ExcludeFromPlayerBuyingFromVendor"",""Items.ExcludeFromLootSystem"",""Items.NotCustomizable""]","2026-02-25 21:38:24.494667+00"
"1196","Medium Thopter Dragonfly Wings Schematic","Dragonfly style wings for the CHOAM Medium Thopter","[""Items.ExcludeFromExchange"",""Items.ExcludeFromPlayerSellingToVendor"",""Items.ExcludeFromPlayerBuyingFromVendor"",""Items.ExcludeFromLootSystem"",""Items.NotCustomizable""]","2026-02-25 21:38:24.494667+00"
"1197","Medium Thopter Efficient Chassis Schematic","Fuel efficient chassis for the CHOAM Medium Thopter","[""Items.ExcludeFromExchange"",""Items.ExcludeFromPlayerSellingToVendor"",""Items.ExcludeFromPlayerBuyingFromVendor"",""Items.ExcludeFromLootSystem"",""Items.NotCustomizable""]","2026-02-25 21:38:24.494667+00"
"1198","Medium Thopter Efficient PSU Schematic","Fuel efficient PSU for the CHOAM Medium Thopter","[""Items.ExcludeFromExchange"",""Items.ExcludeFromPlayerSellingToVendor"",""Items.ExcludeFromPlayerBuyingFromVendor"",""Items.ExcludeFromLootSystem"",""Items.NotCustomizable""]","2026-02-25 21:38:24.494667+00"
"1199","Medium Thopter Engine Schematic","Standard engine for the CHOAM Medium Thopter","[""Items.ExcludeFromExchange"",""Items.ExcludeFromPlayerSellingToVendor"",""Items.ExcludeFromPlayerBuyingFromVendor"",""Items.ExcludeFromLootSystem"",""Items.NotCustomizable""]","2026-02-25 21:38:24.494667+00"
"1200","Medium Thopter Hazard Cockpit Schematic","Hazard-safe cockpit for the CHOAM Medium Thopter","[""Items.ExcludeFromExchange"",""Items.ExcludeFromPlayerSellingToVendor"",""Items.ExcludeFromPlayerBuyingFromVendor"",""Items.ExcludeFromLootSystem"",""Items.NotCustomizable""]","2026-02-25 21:38:24.494667+00"
"1201","Medium Thopter Health Chassis Schematic","Health chassis for the CHOAM Medium Thopter","[""Items.ExcludeFromExchange"",""Items.ExcludeFromPlayerSellingToVendor"",""Items.ExcludeFromPlayerBuyingFromVendor"",""Items.ExcludeFromLootSystem"",""Items.NotCustomizable""]","2026-02-25 21:38:24.494667+00"
"1202","Medium Thopter Heavy Dart Cannon Schematic","Heavy dart cannon for the CHOAM Medium Thopter","[""Items.ExcludeFromExchange"",""Items.ExcludeFromPlayerSellingToVendor"",""Items.ExcludeFromPlayerBuyingFromVendor"",""Items.ExcludeFromLootSystem"",""Items.NotCustomizable""]","2026-02-25 21:38:24.494667+00"
"1203","Medium Thopter Light Dart Gun Schematic","Light dart gun repeater for the CHOAM Medium Thopter","[""Items.ExcludeFromExchange"",""Items.ExcludeFromPlayerSellingToVendor"",""Items.ExcludeFromPlayerBuyingFromVendor"",""Items.ExcludeFromLootSystem"",""Items.NotCustomizable""]","2026-02-25 21:38:24.494667+00"
"1204","Medium Thopter Manual Schematic","A set of schematics for the CHOAM Medium Thopter","[""Items.ExcludeFromExchange"",""Items.ExcludeFromPlayerSellingToVendor"",""Items.ExcludeFromPlayerBuyingFromVendor"",""Items.ExcludeFromLootSystem"",""Items.NotCustomizable""]","2026-02-25 21:38:24.494667+00"
"1205","Medium Thopter Missle Launcher Schematic","Guided missile launcher for the CHOAM Medium Thopter","[""Items.ExcludeFromExchange"",""Items.ExcludeFromPlayerSellingToVendor"",""Items.ExcludeFromPlayerBuyingFromVendor"",""Items.ExcludeFromLootSystem"",""Items.NotCustomizable""]","2026-02-25 21:38:24.494667+00"
"1206","Medium Thopter PSU Schematic","Standard PSU for the CHOAM Medium Thopter","[""Items.ExcludeFromExchange"",""Items.ExcludeFromPlayerSellingToVendor"",""Items.ExcludeFromPlayerBuyingFromVendor"",""Items.ExcludeFromLootSystem"",""Items.NotCustomizable""]","2026-02-25 21:38:24.494667+00"
"1207","Medium Thopter Recon Scanner Schematic","Recon scanner for the CHOAM Medium Thopter","[""Items.ExcludeFromExchange"",""Items.ExcludeFromPlayerSellingToVendor"",""Items.ExcludeFromPlayerBuyingFromVendor"",""Items.ExcludeFromLootSystem"",""Items.NotCustomizable""]","2026-02-25 21:38:24.494667+00"
"1208","Medium Thopter Rocket Launcher Schematic","Unguided rocket launcher for the CHOAM Medium Thopter","[""Items.ExcludeFromExchange"",""Items.ExcludeFromPlayerSellingToVendor"",""Items.ExcludeFromPlayerBuyingFromVendor"",""Items.ExcludeFromLootSystem"",""Items.NotCustomizable""]","2026-02-25 21:38:24.494667+00"
"1209","Medium Thopter Shield Module Schematic","Shield module for the CHOAM Medium Thopter","[""Items.ExcludeFromExchange"",""Items.ExcludeFromPlayerSellingToVendor"",""Items.ExcludeFromPlayerBuyingFromVendor"",""Items.ExcludeFromLootSystem"",""Items.NotCustomizable""]","2026-02-25 21:38:24.494667+00"
"1210","Medium Thopter Speed Engine Schematic","A fast engine for the CHOAM Medium Thopter","[""Items.ExcludeFromExchange"",""Items.ExcludeFromPlayerSellingToVendor"",""Items.ExcludeFromPlayerBuyingFromVendor"",""Items.ExcludeFromLootSystem"",""Items.NotCustomizable""]","2026-02-25 21:38:24.494667+00"
"1211","Medium Thopter Tail Schematic","Standard tail for the CHOAM Medium Thopter","[""Items.ExcludeFromExchange"",""Items.ExcludeFromPlayerSellingToVendor"",""Items.ExcludeFromPlayerBuyingFromVendor"",""Items.ExcludeFromLootSystem"",""Items.NotCustomizable""]","2026-02-25 21:38:24.494667+00"
"1212","Medium Thopter Vented PSU Schematic","Heat efficient PSU for the CHOAM Medium Thopter","[""Items.ExcludeFromExchange"",""Items.ExcludeFromPlayerSellingToVendor"",""Items.ExcludeFromPlayerBuyingFromVendor"",""Items.ExcludeFromLootSystem"",""Items.NotCustomizable""]","2026-02-25 21:38:24.494667+00"
"1213","Medium Thopter Wings Schematic","Standard wings for the CHOAM Medium Thopter","[""Items.ExcludeFromExchange"",""Items.ExcludeFromPlayerSellingToVendor"",""Items.ExcludeFromPlayerBuyingFromVendor"",""Items.ExcludeFromLootSystem"",""Items.NotCustomizable""]","2026-02-25 21:38:24.494667+00"
"1214","Medium vehicle fuel schematic - medium refinery Schematic","N/a","[""Items.ExcludeFromExchange"",""Items.ExcludeFromPlayerSellingToVendor"",""Items.ExcludeFromPlayerBuyingFromVendor"",""Items.ExcludeFromLootSystem"",""Items.NotCustomizable""]","2026-02-25 21:38:24.494667+00"
"1215","Medium vehicle fuel schematic - small refinery Schematic","N/a","[""Items.ExcludeFromExchange"",""Items.ExcludeFromPlayerSellingToVendor"",""Items.ExcludeFromPlayerBuyingFromVendor"",""Items.ExcludeFromLootSystem"",""Items.NotCustomizable""]","2026-02-25 21:38:24.494667+00"
"1216","Medium Water Cistern Patent","Stores water","[""Items.Consumables.BuildableSets"",""LootTier.3"",""Items.ExcludeFromLootSystem"",""Items.ExcludeFromExchange""]","2026-02-25 21:38:24.494667+00"
"1217","Melange Spiced Beer","Consumed to gain spice exposure.","[""Items.Consumables.Spice"",""LootTier.3"",""Items.NotCustomizable""]","2026-02-25 21:38:24.494667+00"
"1218","Melange Spiced Coffee","Consumed to gain spice exposure.","[""Items.Consumables.Spice"",""LootTier.4"",""Items.NotCustomizable""]","2026-02-25 21:38:24.494667+00"
"1219","Melange Spiced Food","Consumed to gain spice exposure.","[""Items.Consumables.Spice"",""LootTier.2"",""Items.NotCustomizable""]","2026-02-25 21:38:24.494667+00"
"1220","Melange Spiced Liquor","Consumed to gain spice exposure.","[""Items.Consumables.Spice"",""LootTier.6"",""Items.NotCustomizable""]","2026-02-25 21:38:24.494667+00"
"1221","Melange Spiced Wine","Consumed to gain spice exposure.","[""Items.Consumables.Spice"",""LootTier.5"",""Items.NotCustomizable""]","2026-02-25 21:38:24.494667+00"
"1222","Memorial Plaque","Memorial Plaque","[""Items.Consumables.BuildableSets"",""LootTier.1"",""Items.ExcludeFromLootSystem"",""Items.ExcludeFromExchange""]","2026-02-25 21:38:24.494667+00"
"1223","Mendek's Boots","Heavy boots designed by General Mendek.","[""Items.Clothes.HeavyArmor.Feet"",""LootTier.5"",""Rarity.Rare""]","2026-02-25 21:38:24.494667+00"
"1224","Mendek's Boots Schematic","Schematic for heavy boots designed by General Mendek.","[""Items.Schematics.Clothes.HeavyArmor"",""LootTier.5"",""Rarity.Rare"",""LootPool.2""]","2026-02-25 21:38:24.494667+00"
"1225","Mendek's Chestplate","A heavy chestplate designed by General Mendek.","[""Items.Clothes.HeavyArmor.Torso"",""LootTier.5"",""Rarity.Rare""]","2026-02-25 21:38:24.494667+00"
"1226","Mendek's Chestplate Schematic","Schematic for a heavy chestplate designed by General Mendek.","[""Items.Schematics.Clothes.HeavyArmor"",""LootTier.5"",""Rarity.Rare"",""LootPool.2""]","2026-02-25 21:38:24.494667+00"
"1227","Mendek's Gauntlets","Heavy gauntlets designed by General Mendek.","[""Items.Clothes.HeavyArmor.Hands"",""LootTier.5"",""Rarity.Rare""]","2026-02-25 21:38:24.494667+00"
"1228","Mendek's Gauntlets Schematic","Schematic for heavy gauntlets designed by General Mendek.","[""Items.Schematics.Clothes.HeavyArmor"",""LootTier.5"",""Rarity.Rare"",""LootPool.2""]","2026-02-25 21:38:24.494667+00"
"1229","Mendek's Helmet","A heavy helmet designed by General Mendek.","[""Items.Clothes.HeavyArmor.Head"",""LootTier.5"",""Rarity.Rare""]","2026-02-25 21:38:24.494667+00"
"1230","Mendek's Helmet Schematic","Schematic for a heavy helmet designed by General Mendek.","[""Items.Schematics.Clothes.HeavyArmor"",""LootTier.5"",""Rarity.Rare"",""LootPool.2""]","2026-02-25 21:38:24.494667+00"
"1231","Mendek's Pants","Heavy pants designed by General Mendek.","[""Items.Clothes.HeavyArmor.Legs"",""LootTier.5"",""Rarity.Rare""]","2026-02-25 21:38:24.494667+00"
"1232","Mendek's Pants Schematic","Schematic for heavy pants designed by General Mendek.","[""Items.Schematics.Clothes.HeavyArmor"",""LootTier.5"",""Rarity.Rare"",""LootPool.2""]","2026-02-25 21:38:24.494667+00"
"1233","Mendek's Rattle","A modified battle rifle that fires bursts of darts.","[""Items.Holsters.RangedWeapons.Light.Rifle.BattleRifle"",""LootTier.5"",""Rarity.Rare""]","2026-02-25 21:38:24.494667+00"
"1234","Mendek's Rattle Schematic","Schematic for a modified battle rifle that fires bursts of darts.","[""Items.Schematics.RangedWeapons.Light.Rifle"",""LootTier.5"",""Rarity.Rare"",""LootPool.2""]","2026-02-25 21:38:24.494667+00"
"1235","Mendia's Boots","Unique boots worn by the Kirab leader, Mendia.","[""Items.Clothes.ScoutArmor.Feet"",""LootTier.2"",""Rarity.Rare""]","2026-02-25 21:38:24.494667+00"
"1236","Mendia's Boots Schematic","Schematic for unique boots worn by the Kirab leader, Mendia.","[""Items.Schematics.Clothes.AssaultArmor"",""LootTier.2"",""Rarity.Rare"",""LootPool.2""]","2026-02-25 21:38:24.494667+00"
"1237","Mendia's Gauntlets","Unique gloves worn by the Kirab leader, Mendia.","[""Items.Clothes.ScoutArmor.Hands"",""LootTier.2"",""Rarity.Rare""]","2026-02-25 21:38:24.494667+00"
"1238","Mendia's Gauntlets Schematic","Schematic for unique gloves worn by the Kirab leader, Mendia.","[""Items.Schematics.Clothes.AssaultArmor"",""LootTier.2"",""Rarity.Rare"",""LootPool.2""]","2026-02-25 21:38:24.494667+00"
"1239","Mendia's Jacket","A unique jacket worn by the Kirab leader, Mendia.","[""Items.Clothes.ScoutArmor.Torso"",""LootTier.2"",""Rarity.Rare""]","2026-02-25 21:38:24.494667+00"
"1240","Mendia's Jacket Schematic","Schematic for a unique jacket worn by the Kirab leader, Mendia.","[""Items.Schematics.Clothes.AssaultArmor"",""LootTier.2"",""Rarity.Rare"",""LootPool.2""]","2026-02-25 21:38:24.494667+00"
"1241","Mendia's Pants","Unique pants worn by the Kirab leader, Mendia.","[""Items.Clothes.ScoutArmor.Legs"",""LootTier.2"",""Rarity.Rare""]","2026-02-25 21:38:24.494667+00"
"1242","Mendia's Pants Schematic","Schematic for unique pants worn by the Kirab leader, Mendia.","[""Items.Schematics.Clothes.AssaultArmor"",""LootTier.2"",""Rarity.Rare"",""LootPool.2""]","2026-02-25 21:38:24.494667+00"
"1243","Mendia's Wrap","Unique headwrap worn by the Kirab leader, Mendia.","[""Items.Clothes.ScoutArmor.Head"",""LootTier.2"",""Rarity.Rare""]","2026-02-25 21:38:24.494667+00"
"1244","Mendia's Wrap Schematic","Schematic for a unique headwrap worn by the Kirab leader, Mendia.","[""Items.Schematics.Clothes.AssaultArmor"",""LootTier.2"",""Rarity.Rare"",""LootPool.2""]","2026-02-25 21:38:24.494667+00"
"1245","Menol's Stillsuit Boots","Unique armored stillsuit boots created by Menol.","[""Items.Clothes.Stillsuit.Feet"",""LootTier.2"",""Rarity.Rare""]","2026-02-25 21:38:24.494667+00"
"1246","Menol's Stillsuit Garment","A unique armored stillsuit garment created by Menol.","[""Items.Clothes.Stillsuit.Torso"",""LootTier.2"",""Rarity.Rare""]","2026-02-25 21:38:24.494667+00"
"1247","Menol's Stillsuit Gloves","Unique armored stillsuit gloves created by Menol.","[""Items.Clothes.Stillsuit.Hands"",""LootTier.2"",""Rarity.Rare""]","2026-02-25 21:38:24.494667+00"
"1248","Menol's Stillsuit Mask","A unique armored stillsuit mask created by Menol.","[""Items.Clothes.Stillsuit.Head"",""LootTier.2"",""Rarity.Rare""]","2026-02-25 21:38:24.494667+00"
"1249","Mentat Armor Set","Armor Container.","[""Items.ExcludeFromExchange""]","2026-02-25 21:38:24.494667+00"
"1250","Mentat Light Armor Set Schematic","A schematic set for the Mentat Unique Armor","[""Items.ExcludeFromExchange"",""Items.ExcludeFromPlayerSellingToVendor"",""Items.ExcludeFromPlayerBuyingFromVendor"",""Items.ExcludeFromLootSystem"",""Items.NotCustomizable""]","2026-02-25 21:38:24.494667+00"
"1251","Mentat's Garment Boots","A Unique Mentat's Garment Boots.","[""Items.ExcludeFromPlayerSellingToVendor"",""Items.ExcludeFromPlayerBuyingFromVendor"",""Items.ExcludeFromLootSystem"",""Items.ExcludeFromExchange""]","2026-02-25 21:38:24.494667+00"
"1252","Mentat's Garment Chest","A Unique Mentat's Garment Chest.","[""Items.ExcludeFromPlayerSellingToVendor"",""Items.ExcludeFromPlayerBuyingFromVendor"",""Items.ExcludeFromLootSystem"",""Items.ExcludeFromExchange""]","2026-02-25 21:38:24.494667+00"
"1253","Mentat's Garment Gauntlets","A Unique Mentat's Garment Gauntlets.","[""Items.ExcludeFromPlayerSellingToVendor"",""Items.ExcludeFromPlayerBuyingFromVendor"",""Items.ExcludeFromLootSystem"",""Items.ExcludeFromExchange""]","2026-02-25 21:38:24.494667+00"
"1254","Mentat's Garment Helmet","A Unique Mentat's Garment Helmet.","[""Items.ExcludeFromPlayerSellingToVendor"",""Items.ExcludeFromPlayerBuyingFromVendor"",""Items.ExcludeFromLootSystem"",""Items.ExcludeFromExchange""]","2026-02-25 21:38:24.494667+00"
"1255","Mentat's Garment Leggings","A Unique Mentat's Garment Leggings.","[""Items.ExcludeFromPlayerSellingToVendor"",""Items.ExcludeFromPlayerBuyingFromVendor"",""Items.ExcludeFromLootSystem"",""Items.ExcludeFromExchange""]","2026-02-25 21:38:24.494667+00"
"1256","Mercenary Heavy Boots","Heavy boots made from duraluminum.","[""Items.Clothes.HeavyArmor.Feet"",""LootTier.5"",""Loot.GreatHouse""]","2026-02-25 21:38:24.494667+00"
"1257","Mercenary Heavy Chestplate","Heavy chest armor made from duraluminum.","[""Items.Clothes.HeavyArmor.Torso"",""LootTier.5"",""Loot.GreatHouse""]","2026-02-25 21:38:24.494667+00"
"1258","Mercenary Heavy Gloves","Heavy hand armor made from duraluminum.","[""Items.Clothes.HeavyArmor.Hands"",""LootTier.5"",""Loot.GreatHouse""]","2026-02-25 21:38:24.494667+00"
"1259","Mercenary Heavy Helmet","Heavy combat helmet made from duraluminum.","[""Items.Clothes.HeavyArmor.Head"",""LootTier.5"",""Loot.GreatHouse""]","2026-02-25 21:38:24.494667+00"
"1260","Mercenary Heavy Pants","Heavy leg armor made from duraluminum.","[""Items.Clothes.HeavyArmor.Legs"",""LootTier.5"",""Loot.GreatHouse""]","2026-02-25 21:38:24.494667+00"
"1261","Mercenary Scout Boots","Light armor boots made from duraluminum.","[""Items.Clothes.ScoutArmor.Feet"",""LootTier.5"",""Loot.GreatHouse""]","2026-02-25 21:38:24.494667+00"
"1262","Mercenary Scout Gloves","Light armor gloves made from duraluminum.","[""Items.Clothes.ScoutArmor.Hands"",""LootTier.5"",""Loot.GreatHouse""]","2026-02-25 21:38:24.494667+00"
"1263","Mercenary Scout Helmet","Light armor helmet made from duraluminum.","[""Items.Clothes.ScoutArmor.Head"",""LootTier.5"",""Loot.GreatHouse""]","2026-02-25 21:38:24.494667+00"
"1264","Mercenary Scout Leggings","Light armor leggings made from duraluminum.","[""Items.Clothes.ScoutArmor.Legs"",""LootTier.5"",""Loot.GreatHouse""]","2026-02-25 21:38:24.494667+00"
"1265","Mercenary Scout Top","Light armor top made from duraluminum.","[""Items.Clothes.ScoutArmor.Torso"",""LootTier.5"",""Loot.GreatHouse""]","2026-02-25 21:38:24.494667+00"
"1266","Mercenary Stillsuit Body","A full-body stillsuit with duraluminum fittings.","[""Items.Clothes.Stillsuit.Torso"",""LootTier.5"",""Loot.Fremen"",""Items.ExcludeFromLootSystem""]","2026-02-25 21:38:24.494667+00"
"1267","Mercenary Stillsuit Boots","Stillsuit boots with duraluminum actuator pumps.","[""Items.Clothes.Stillsuit.Feet"",""LootTier.5"",""Loot.Fremen"",""Items.ExcludeFromLootSystem""]","2026-02-25 21:38:24.494667+00"
"1268","Mercenary Stillsuit Gloves","Stillsuit gloves with duraluminum fittings.","[""Items.Clothes.Stillsuit.Hands"",""LootTier.5"",""Loot.Fremen"",""Items.ExcludeFromLootSystem""]","2026-02-25 21:38:24.494667+00"
"1269","Mercenary Stillsuit Mask","A stillsuit mask with duraluminum fittings.","[""Items.Clothes.Stillsuit.Head"",""LootTier.5"",""Loot.Fremen"",""Items.ExcludeFromLootSystem""]","2026-02-25 21:38:24.494667+00"
"1270","Micro-sandwich Fabric","A Fremen component used in fabrication.","[""Items.CraftedResources"",""LootTier.1"",""Loot.Fremen""]","2026-02-25 21:38:24.494667+00"
"1271","Military Power Regulator","A component used in vehicle fabrication.","[""Items.CraftedResources"",""LootTier.5"",""Loot.Component"",""Items.ExcludeFromLootSystem""]","2026-02-25 21:38:24.494667+00"
"1272","Miner Boots","A miner's boots","[""Items.ExcludeFromExchange"",""Items.ExcludeFromPlayerSellingToVendor"",""Items.ExcludeFromPlayerBuyingFromVendor"",""Items.ExcludeFromLootSystem"",""Items.NotCustomizable""]","2026-02-25 21:38:24.494667+00"
"1273","Miner Gloves","A miner's gloves","[""Items.ExcludeFromExchange"",""Items.ExcludeFromPlayerSellingToVendor"",""Items.ExcludeFromPlayerBuyingFromVendor"",""Items.ExcludeFromLootSystem"",""Items.NotCustomizable""]","2026-02-25 21:38:24.494667+00"
"1274","Miner Hard Hat","A miner's hard hat","[""Items.ExcludeFromExchange"",""Items.ExcludeFromPlayerSellingToVendor"",""Items.ExcludeFromPlayerBuyingFromVendor"",""Items.ExcludeFromLootSystem"",""Items.NotCustomizable""]","2026-02-25 21:38:24.494667+00"
"1275","Miner Jacket","A miner's jacket","[""Items.ExcludeFromExchange"",""Items.ExcludeFromPlayerSellingToVendor"",""Items.ExcludeFromPlayerBuyingFromVendor"",""Items.ExcludeFromLootSystem"",""Items.NotCustomizable""]","2026-02-25 21:38:24.494667+00"
"1276","Miner Pants","A miner's pants","[""Items.ExcludeFromExchange"",""Items.ExcludeFromPlayerSellingToVendor"",""Items.ExcludeFromPlayerBuyingFromVendor"",""Items.ExcludeFromLootSystem"",""Items.NotCustomizable""]","2026-02-25 21:38:24.494667+00"
"1277","Miner's Blessing","Schematic for a jacket made from breathable materials.","[""Items.Clothes.ScoutArmor.Torso"",""LootTier.4"",""Rarity.Rare""]","2026-02-25 21:38:24.494667+00"
"1278","Miner's Blessing Schematic","Schematic for a jacket made from breathable materials.","[""Items.Schematics.Clothes.ScoutArmor"",""LootTier.4"",""Rarity.Rare"",""LootPool.2""]","2026-02-25 21:38:24.494667+00"
"1279","Minimic Film","Encoded minimic film found in the Safe inside the Sietch","[""Items.ExcludeFromExchange"",""Items.Contract""]","2026-02-25 21:38:24.494667+00"
"1280","Missile","Missile projectile typically utilized by infantry missile launchers.","[""Items.Ammo.Exotic"",""LootTier.6"",""Items.ExcludeFromPlayerSellingToVendor"",""Items.NotCustomizable""]","2026-02-25 21:38:24.494667+00"
"1281","Missile Launcher","Missile Launcher","[""Items.ExcludeFromExchange"",""Items.ExcludeFromPlayerSellingToVendor"",""Items.ExcludeFromPlayerBuyingFromVendor"",""Items.ExcludeFromLootSystem"",""Items.NotCustomizable""]","2026-02-25 21:38:24.494667+00"
"1282","Mnemonic Filmbook 1","Used for Mnemonic Recall","[""Items.ExcludeFromExchange"",""Items.ExcludeFromPlayerSellingToVendor"",""Items.ExcludeFromPlayerBuyingFromVendor"",""Items.ExcludeFromLootSystem"",""Items.NotCustomizable""]","2026-02-25 21:38:24.494667+00"
"1283","Mobula Gang's Minimic Film","Minimic film recovered from a Slaver base.","[""Contract.Target.Item"",""Items.ExcludeFromExchange"",""Items.Contract""]","2026-02-25 21:38:24.494667+00"
"1284","Modding Station Patent","A station for modifying gear","[""Items.ExcludeFromExchange"",""Items.ExcludeFromPlayerSellingToVendor"",""Items.ExcludeFromPlayerBuyingFromVendor"",""Items.ExcludeFromLootSystem"",""Items.NotCustomizable""]","2026-02-25 21:38:24.494667+00"
"1285","Mohandis Sandbike Engine Mk1","An engine that runs hot, but fast.","[""Items.Holsters.Deployables.VehicleBase.Sandbike"",""LootTier.1"",""Rarity.Rare"",""Items.NotCustomizable""]","2026-02-25 21:38:24.494667+00"
"1286","Mohandis Sandbike Engine Mk1 Schematic","Schematic for an engine that runs hot, but fast.","[""Items.Schematics.Deployables.VehicleBase.Sandbike"",""LootTier.1"",""Rarity.Rare"",""LootPool.3""]","2026-02-25 21:38:24.494667+00"
"1287","Mohandis Sandbike Engine Mk2","An engine that runs hot, but fast","[""Items.Holsters.Deployables.VehicleBase.Sandbike"",""LootTier.2"",""Rarity.Rare"",""Items.NotCustomizable""]","2026-02-25 21:38:24.494667+00"
"1288","Mohandis Sandbike Engine Mk2 Schematic","Schematic for an engine that runs hot, but fast.","[""Items.Schematics.Deployables.VehicleBase.Sandbike"",""LootTier.2"",""Rarity.Rare"",""LootPool.3""]","2026-02-25 21:38:24.494667+00"
"1289","Mohandis Sandbike Engine Mk3","An engine that runs hot, but fast","[""Items.Holsters.Deployables.VehicleBase.Sandbike"",""LootTier.3"",""Rarity.Rare"",""Items.NotCustomizable""]","2026-02-25 21:38:24.494667+00"
"1290","Mohandis Sandbike Engine Mk3 Schematic","Schematic for an engine that runs hot, but fast.","[""Items.Schematics.Deployables.VehicleBase.Sandbike"",""LootTier.3"",""Rarity.Rare"",""LootPool.3""]","2026-02-25 21:38:24.494667+00"
"1291","Mohandis Sandbike Engine Mk4","An engine that runs hot, but fast","[""Items.Holsters.Deployables.VehicleBase.Sandbike"",""LootTier.4"",""Rarity.Rare"",""Items.NotCustomizable""]","2026-02-25 21:38:24.494667+00"
"1292","Mohandis Sandbike Engine Mk4 Schematic","Schematic for an engine that runs hot, but fast.","[""Items.Schematics.Deployables.VehicleBase.Sandbike"",""LootTier.4"",""Rarity.Rare"",""LootPool.3""]","2026-02-25 21:38:24.494667+00"
"1293","Mohandis Sandbike Engine Mk5","An engine that runs hot, but fast","[""Items.Holsters.Deployables.VehicleBase.Sandbike"",""LootTier.5"",""Rarity.Rare"",""Items.NotCustomizable""]","2026-02-25 21:38:24.494667+00"
"1294","Mohandis Sandbike Engine Mk5 Schematic","Schematic for an engine that runs hot, but fast.","[""Items.Schematics.Deployables.VehicleBase.Sandbike"",""LootTier.5"",""Rarity.Rare"",""LootPool.3""]","2026-02-25 21:38:24.494667+00"
"1295","Mohandis Sandbike Engine Mk6","An engine that runs hot, but fast","[""Items.Holsters.Deployables.VehicleBase.Sandbike"",""LootTier.6"",""Rarity.Rare"",""Items.NotCustomizable""]","2026-02-25 21:38:24.494667+00"
"1296","Mohandis Sandbike Engine Mk6 Schematic","Schematic for an engine that runs hot, but fast.","[""Items.Schematics.Deployables.VehicleBase.Sandbike"",""LootTier.6"",""Rarity.Rare"",""LootPool.3""]","2026-02-25 21:38:24.494667+00"
"1297","Moisture Sealer","A modified dirk that burns as it cuts.","[""Items.Holsters.MeleeWeapons.Knife.Dirk"",""LootTier.5"",""Rarity.Rare""]","2026-02-25 21:38:24.494667+00"
"1298","Moisture Sealer Schematic","Schematic for a modified dirk that burns as it cuts.","[""Items.Schematics.MeleeWeapons.Knife"",""LootTier.5"",""Rarity.Rare"",""LootPool.4""]","2026-02-25 21:38:24.494667+00"
"1299","Mouse Corpse","A dead mouse, which can act as a source of blood.","[""Items.RawResources.Misc"",""Items.NotCustomizable""]","2026-02-25 21:38:24.494667+00"
"1300","Muad'Dib Corpse","A fabrication component found in loot.","[""Items.CraftedResources"",""LootTier.2"",""Loot.Component"",""Items.ExcludeFromLootSystem""]","2026-02-25 21:38:24.494667+00"
"1301","Muad'Dib Statue","","[""Items.Consumables.BuildableSets"",""Items.ExcludeFromLootSystem"",""Items.ExcludeFromExchange""]","2026-02-25 21:38:24.494667+00"
"1302","Mysterious Vials","A small case holding a set of vials","[""Items.ExcludeFromExchange"",""Items.Contract"",""Items.ActorBoundItem""]","2026-02-25 21:38:24.494667+00"
"1303","Native Stillsuit Body","A full-body stillsuit with aluminum fittings.","[""Items.Clothes.Stillsuit.Torso"",""LootTier.4"",""Loot.Fremen"",""Items.ExcludeFromLootSystem""]","2026-02-25 21:38:24.494667+00"
"1304","Native Stillsuit Boots","Stillsuit boots with aluminum actuator pumps.","[""Items.Clothes.Stillsuit.Feet"",""LootTier.4"",""Loot.Fremen"",""Items.ExcludeFromLootSystem""]","2026-02-25 21:38:24.494667+00"
"1305","Native Stillsuit Gloves","Stillsuit gloves with aluminum fittings.","[""Items.Clothes.Stillsuit.Hands"",""LootTier.4"",""Loot.Fremen"",""Items.ExcludeFromLootSystem""]","2026-02-25 21:38:24.494667+00"
"1306","Native Stillsuit Mask","A stillsuit mask with aluminum fittings.","[""Items.Clothes.Stillsuit.Head"",""LootTier.4"",""Loot.Fremen"",""Items.ExcludeFromLootSystem""]","2026-02-25 21:38:24.494667+00"
"1307","Night Rider Sandbike Boost Mk2","A sandbike booster tuned for evening rides","[""Items.Holsters.Deployables.VehicleExtra.Sandbike"",""LootTier.2"",""Rarity.Rare"",""Items.NotCustomizable""]","2026-02-25 21:38:24.494667+00"
"1308","Night Rider Sandbike Boost Mk2 Schematic","Schematic for a sandbike booster tuned for evening rides.","[""Items.Schematics.Deployables.VehicleExtra.Sandbike"",""LootTier.2"",""Rarity.Rare"",""LootPool.3""]","2026-02-25 21:38:24.494667+00"
"1309","Night Rider Sandbike Boost Mk3","A sandbike booster tuned for evening rides","[""Items.Holsters.Deployables.VehicleExtra.Sandbike"",""LootTier.3"",""Rarity.Rare"",""Items.NotCustomizable""]","2026-02-25 21:38:24.494667+00"
"1310","Night Rider Sandbike Boost Mk3 Schematic","Schematic for a sandbike booster tuned for evening rides.","[""Items.Schematics.Deployables.VehicleExtra.Sandbike"",""LootTier.3"",""Rarity.Rare"",""LootPool.3""]","2026-02-25 21:38:24.494667+00"
"1311","Night Rider Sandbike Boost Mk4","A sandbike booster tuned for evening rides","[""Items.Holsters.Deployables.VehicleExtra.Sandbike"",""LootTier.4"",""Rarity.Rare"",""Items.NotCustomizable""]","2026-02-25 21:38:24.494667+00"
"1312","Night Rider Sandbike Boost Mk4 Schematic","Schematic for a sandbike booster tuned for evening rides.","[""Items.Schematics.Deployables.VehicleExtra.Sandbike"",""LootTier.4"",""Rarity.Rare"",""LootPool.3""]","2026-02-25 21:38:24.494667+00"
"1313","Night Rider Sandbike Boost Mk5","A sandbike booster tuned for evening rides","[""Items.Holsters.Deployables.VehicleExtra.Sandbike"",""LootTier.5"",""Rarity.Rare"",""Items.NotCustomizable""]","2026-02-25 21:38:24.494667+00"
"1314","Night Rider Sandbike Boost Mk5 Schematic","Schematic for a sandbike booster tuned for evening rides.","[""Items.Schematics.Deployables.VehicleExtra.Sandbike"",""LootTier.5"",""Rarity.Rare"",""LootPool.3""]","2026-02-25 21:38:24.494667+00"
"1315","Night Rider Sandbike Boost Mk6","A sandbike booster tuned for evening rides","[""Items.Holsters.Deployables.VehicleExtra.Sandbike"",""LootTier.6"",""Rarity.Rare"",""Items.NotCustomizable""]","2026-02-25 21:38:24.494667+00"
"1316","Night Rider Sandbike Boost Mk6 Schematic","Schematic for a sandbike booster tuned for evening rides.","[""Items.Schematics.Deployables.VehicleExtra.Sandbike"",""LootTier.6"",""Rarity.Rare"",""LootPool.3""]","2026-02-25 21:38:24.494667+00"
"1317","NPC Glutton's Hook","NPC Glutton's Hook shortdesc","[""Items.ExcludeFromLootSystem"",""Items.ExcludeFromExchange"",""Items.ExcludeFromPlayerBuyingFromVendor""]","2026-02-25 21:38:24.494667+00"
"1318","Oathbreaker Boots","Unique boots worn by those without other options.","[""Items.Clothes.HeavyArmor.Feet"",""LootTier.2"",""Rarity.Rare""]","2026-02-25 21:38:24.494667+00"
"1319","Oathbreaker Boots Schematic","Schematic for unique heavy boots worn by those without other options.","[""Items.Schematics.Clothes.AssaultArmor"",""LootTier.2"",""Rarity.Rare"",""LootPool.2""]","2026-02-25 21:38:24.494667+00"
"1320","Oathbreaker Chestpiece","A unique jerkin worn by those without other options.","[""Items.Clothes.HeavyArmor.Torso"",""LootTier.2"",""Rarity.Rare""]","2026-02-25 21:38:24.494667+00"
"1321","Oathbreaker Chestpiece Schematic","Schematic for a unique jerkin worn by those without other options.","[""Items.Schematics.Clothes.AssaultArmor"",""LootTier.2"",""Rarity.Rare"",""LootPool.2""]","2026-02-25 21:38:24.494667+00"
"1322","Oathbreaker Gauntlets","Unique gloves worn by those without other options.","[""Items.Clothes.HeavyArmor.Hands"",""LootTier.2"",""Rarity.Rare""]","2026-02-25 21:38:24.494667+00"
"1323","Oathbreaker Gauntlets Schematic","Schematic for unique gloves worn by those without other options.","[""Items.Schematics.Clothes.AssaultArmor"",""LootTier.2"",""Rarity.Rare"",""LootPool.2""]","2026-02-25 21:38:24.494667+00"
"1324","Oathbreaker Headwrap","Unique headwrap worn by those without other options.","[""Items.Clothes.HeavyArmor.Head"",""LootTier.2"",""Rarity.Rare""]","2026-02-25 21:38:24.494667+00"
"1325","Oathbreaker Headwrap Schematic","Schematic for a unique headwrap worn by those without other options.","[""Items.Schematics.Clothes.AssaultArmor"",""LootTier.2"",""Rarity.Rare"",""LootPool.2""]","2026-02-25 21:38:24.494667+00"
"1326","Oathbreaker Pants","Unique pants worn by those without other options.","[""Items.Clothes.HeavyArmor.Legs"",""LootTier.2"",""Rarity.Rare""]","2026-02-25 21:38:24.494667+00"
"1327","Oathbreaker Pants Schematic","Schematic for unique pants worn by those without other options.","[""Items.Schematics.Clothes.AssaultArmor"",""LootTier.2"",""Rarity.Rare"",""LootPool.2""]","2026-02-25 21:38:24.494667+00"
"1328","Off-world Medical Supplies","A fabrication component found in loot.","[""Items.CraftedResources"",""LootTier.3"",""Loot.Component"",""Items.ExcludeFromLootSystem""]","2026-02-25 21:38:24.494667+00"
"1329","Offload Equipment","","[""Items.ExcludeFromExchange"",""Items.Contract""]","2026-02-25 21:38:24.494667+00"
"1330","Old Sandbike Front","","[""Items.ExcludeFromExchange"",""Items.ExcludeFromPlayerSellingToVendor"",""Items.ExcludeFromPlayerBuyingFromVendor"",""Items.ExcludeFromLootSystem"",""Items.NotCustomizable""]","2026-02-25 21:38:24.494667+00"
"1331","Old Sparky Mk1","Power pack with a faster recharge.","[""Items.Holsters.UtilityTools.Power"",""LootTier.1"",""Rarity.Rare"",""Items.NotCustomizable""]","2026-02-25 21:38:24.494667+00"
"1332","Old Sparky Mk1 Schematic","Schematic for a power pack with a faster recharge.","[""Items.Schematics.UtilityTools.Power"",""LootTier.1"",""Rarity.Rare"",""LootPool.4""]","2026-02-25 21:38:24.494667+00"
"1333","Old Sparky Mk2","Power pack with a faster recharge.","[""Items.Holsters.UtilityTools.Power"",""LootTier.2"",""Rarity.Rare"",""Items.NotCustomizable""]","2026-02-25 21:38:24.494667+00"
"1334","Old Sparky Mk2 Schematic","Schematic for a power pack with a faster recharge.","[""Items.Schematics.UtilityTools.Power"",""LootTier.2"",""Rarity.Rare"",""LootPool.4""]","2026-02-25 21:38:24.494667+00"
"1335","Old Sparky Mk3","Power pack with a faster recharge.","[""Items.Holsters.UtilityTools.Power"",""LootTier.3"",""Rarity.Rare"",""Items.NotCustomizable""]","2026-02-25 21:38:24.494667+00"
"1336","Old Sparky Mk3 Schematic","Schematic for a power pack with a faster recharge.","[""Items.Schematics.UtilityTools.Power"",""LootTier.3"",""Rarity.Rare"",""LootPool.4""]","2026-02-25 21:38:24.494667+00"
"1337","Old Sparky Mk4","Power pack with a faster recharge.","[""Items.Holsters.UtilityTools.Power"",""LootTier.4"",""Rarity.Rare"",""Items.NotCustomizable""]","2026-02-25 21:38:24.494667+00"
"1338","Old Sparky Mk4 Schematic","Schematic for a power pack with a faster recharge.","[""Items.Schematics.UtilityTools.Power"",""LootTier.4"",""Rarity.Rare"",""LootPool.4""]","2026-02-25 21:38:24.494667+00"
"1339","Olef's Quickcutter","A cutteray that yields additional iron when mining.","[""Items.Holsters.GatheringTools.Cutteray"",""LootTier.2"",""Rarity.Rare"",""Items.NotCustomizable""]","2026-02-25 21:38:24.494667+00"
"1340","Olef's Quickcutter Schematic","Schematic for a cutteray that yields additional iron when mining.","[""Items.Schematics.GatheringTools.Cutteray"",""LootTier.2"",""Rarity.Rare"",""LootPool.4""]","2026-02-25 21:38:24.494667+00"
"1341","Omni Focused Dew Scythe","Dew scythe that gathers more moisture.","[""Items.Holsters.HydrationTools"",""LootTier.6"",""Rarity.Rare"",""Items.NotCustomizable""]","2026-02-25 21:38:24.494667+00"
"1342","Omni Focused Dew Scythe Schematic","Dew scythe that gathers more moisture.","[""Items.Schematics.HydrationTools"",""LootTier.6"",""Rarity.Rare"",""LootPool.1""]","2026-02-25 21:38:24.494667+00"
"1343","Omni Kinetic Suspensor Belt","Temp short desc","[""Items.ExcludeFromExchange"",""Items.ExcludeFromPlayerSellingToVendor"",""Items.ExcludeFromPlayerBuyingFromVendor"",""Items.ExcludeFromLootSystem"",""Items.NotCustomizable""]","2026-02-25 21:38:24.494667+00"
"1344","Omni Static Compactor","Tool for compacting sand and spice for gathering.","[""Items.Holsters.GatheringTools.Compactor"",""LootTier.6"",""Loot.Fremen"",""Items.ExcludeFromLootSystem"",""Items.ExcludeFromPlayerBuyingFromVendor"",""Items.NotCustomizable""]","2026-02-25 21:38:24.494667+00"
"1345","On Witches","Fremen religious text found in the Hagga Basin","[""Items.ExcludeFromExchange"",""Items.ExcludeFromLootSystem"",""Items.Contract"",""Contract.Target.Item""]","2026-02-25 21:38:24.494667+00"
"1346","Opafire Gem","One of the rare opaline jewels of Hagal.","[""Items.CraftedResources"",""LootTier.6"",""Loot.Component"",""Items.ExcludeFromLootSystem""]","2026-02-25 21:38:24.494667+00"
"1347","Optimized Servoks","An Old Imperial component used in fabrication","[""Items.ExcludeFromExchange"",""Items.ExcludeFromPlayerSellingToVendor"",""Items.ExcludeFromPlayerBuyingFromVendor"",""Items.ExcludeFromLootSystem"",""Items.NotCustomizable""]","2026-02-25 21:38:24.494667+00"
"1348","Ornithopter Body Schematic","Schematic for an Ornithopter Body","[""Items.ExcludeFromExchange"",""Items.ExcludeFromPlayerSellingToVendor"",""Items.ExcludeFromPlayerBuyingFromVendor"",""Items.ExcludeFromLootSystem"",""Items.NotCustomizable""]","2026-02-25 21:38:24.494667+00"
"1349","Ornithopter Chassis Schematic","Schematic for an Ornithopter Chassis","[""Items.ExcludeFromExchange"",""Items.ExcludeFromPlayerSellingToVendor"",""Items.ExcludeFromPlayerBuyingFromVendor"",""Items.ExcludeFromLootSystem"",""Items.NotCustomizable""]","2026-02-25 21:38:24.494667+00"
"1350","Ornithopter Cockpit Schematic","Schematic for an Ornithopter Cockpit","[""Items.ExcludeFromExchange"",""Items.ExcludeFromPlayerSellingToVendor"",""Items.ExcludeFromPlayerBuyingFromVendor"",""Items.ExcludeFromLootSystem"",""Items.NotCustomizable""]","2026-02-25 21:38:24.494667+00"
"1351","Ornithopter Dash Wings","Light Ornithopter Dash Wings","[""Items.ExcludeFromExchange"",""Items.ExcludeFromPlayerSellingToVendor"",""Items.ExcludeFromPlayerBuyingFromVendor"",""Items.ExcludeFromLootSystem"",""Items.NotCustomizable""]","2026-02-25 21:38:24.494667+00"
"1352","Ornithopter Engine Schematic","Schematic for an Ornithopter Engine","[""Items.ExcludeFromExchange"",""Items.ExcludeFromPlayerSellingToVendor"",""Items.ExcludeFromPlayerBuyingFromVendor"",""Items.ExcludeFromLootSystem"",""Items.NotCustomizable""]","2026-02-25 21:38:24.494667+00"
"1353","Ornithopter Miniature","","[""Items.Consumables.BuildableSets"",""Items.ExcludeFromLootSystem"",""Items.ExcludeFromExchange""]","2026-02-25 21:38:24.494667+00"
"1354","Ornithopter PSU Schematic","Schematic for an Ornithopter PSU","[""Items.ExcludeFromExchange"",""Items.ExcludeFromPlayerSellingToVendor"",""Items.ExcludeFromPlayerBuyingFromVendor"",""Items.ExcludeFromLootSystem"",""Items.NotCustomizable""]","2026-02-25 21:38:24.494667+00"
"1355","Ornithopter Rocket Launcher Schematic","Schematic for an Ornithopter Rocket Launcher","[""Items.ExcludeFromExchange"",""Items.ExcludeFromPlayerSellingToVendor"",""Items.ExcludeFromPlayerBuyingFromVendor"",""Items.ExcludeFromLootSystem"",""Items.NotCustomizable""]","2026-02-25 21:38:24.494667+00"
"1356","Ornithopter Storage Unit Schematic","Schematic for an Ornithopter Storage Unit","[""Items.ExcludeFromExchange"",""Items.ExcludeFromPlayerSellingToVendor"",""Items.ExcludeFromPlayerBuyingFromVendor"",""Items.ExcludeFromLootSystem"",""Items.NotCustomizable""]","2026-02-25 21:38:24.494667+00"
"1357","Ornithopter Wings Schematic","Schematic for Ornithopter Wings","[""Items.ExcludeFromExchange"",""Items.ExcludeFromPlayerSellingToVendor"",""Items.ExcludeFromPlayerBuyingFromVendor"",""Items.ExcludeFromLootSystem"",""Items.NotCustomizable""]","2026-02-25 21:38:24.494667+00"
"1358","OrnithopterBoostModule Schematic","Learnable Schematic","[""Items.ExcludeFromExchange"",""Items.ExcludeFromPlayerSellingToVendor"",""Items.ExcludeFromPlayerBuyingFromVendor"",""Items.ExcludeFromLootSystem"",""Items.NotCustomizable""]","2026-02-25 21:38:24.494667+00"
"1359","Overclocked Power Regulator","A crafting component found in the Deep Desert.","[""Items.CraftedResources"",""LootTier.6"",""Loot.Component"",""Items.ExcludeFromLootSystem""]","2026-02-25 21:38:24.494667+00"
"1360","Overclocked Power Regulator Schematic","N/A","[""Items.ExcludeFromExchange"",""Items.ExcludeFromPlayerSellingToVendor"",""Items.ExcludeFromPlayerBuyingFromVendor"",""Items.ExcludeFromLootSystem"",""Items.NotCustomizable""]","2026-02-25 21:38:24.494667+00"
"1361","Overtuned EMF Generator","A Fremen component used in fabrication","[""Items.ExcludeFromExchange"",""Items.ExcludeFromPlayerSellingToVendor"",""Items.ExcludeFromPlayerBuyingFromVendor"",""Items.ExcludeFromLootSystem"",""Items.NotCustomizable""]","2026-02-25 21:38:24.494667+00"
"1362","Pack: 200 Stone","A pack of 200 stone","[""Items.ExcludeFromExchange"",""Items.ExcludeFromPlayerSellingToVendor"",""Items.ExcludeFromPlayerBuyingFromVendor"",""Items.ExcludeFromLootSystem"",""Items.NotCustomizable""]","2026-02-25 21:38:24.494667+00"
"1363","Padded Rags Breeches","A simple pair of padded pants","[""Items.ExcludeFromExchange"",""Items.ExcludeFromPlayerSellingToVendor"",""Items.ExcludeFromPlayerBuyingFromVendor"",""Items.ExcludeFromLootSystem"",""Items.NotCustomizable""]","2026-02-25 21:38:24.494667+00"
"1364","Padded Rags Gloves","A simple pair of padded gloves","[""Items.ExcludeFromExchange"",""Items.ExcludeFromPlayerSellingToVendor"",""Items.ExcludeFromPlayerBuyingFromVendor"",""Items.ExcludeFromLootSystem"",""Items.NotCustomizable""]","2026-02-25 21:38:24.494667+00"
"1365","Padded Rags Hood","A simple padded hood","[""Items.ExcludeFromExchange"",""Items.ExcludeFromPlayerSellingToVendor"",""Items.ExcludeFromPlayerBuyingFromVendor"",""Items.ExcludeFromLootSystem"",""Items.NotCustomizable""]","2026-02-25 21:38:24.494667+00"
"1366","Padded Rags Robe","A simple padded jacket","[""Items.ExcludeFromExchange"",""Items.ExcludeFromPlayerSellingToVendor"",""Items.ExcludeFromPlayerBuyingFromVendor"",""Items.ExcludeFromLootSystem"",""Items.NotCustomizable""]","2026-02-25 21:38:24.494667+00"
"1367","Padded Rags Shoes","A simple pair of padded shoes","[""Items.ExcludeFromExchange"",""Items.ExcludeFromPlayerSellingToVendor"",""Items.ExcludeFromPlayerBuyingFromVendor"",""Items.ExcludeFromLootSystem"",""Items.NotCustomizable""]","2026-02-25 21:38:24.494667+00"
"1368","Painting","","[""Items.Consumables.BuildableSets"",""Items.ExcludeFromLootSystem"",""Items.ExcludeFromExchange""]","2026-02-25 21:38:24.494667+00"
"1369","Pants of the Sisterhood","A Unique Bene Gesserit Leggings.","[""Items.ExcludeFromPlayerSellingToVendor"",""Items.ExcludeFromPlayerBuyingFromVendor"",""Items.ExcludeFromLootSystem"",""Items.ExcludeFromExchange""]","2026-02-25 21:38:24.494667+00"
"1370","Paranoid Holtzman Shield","Holtzman Shield.","[""Items.Holsters.UtilityTools.Shield"",""Items.ExcludeFromLootSystem"",""Items.ExcludeFromExchange"",""Items.ExcludeFromPlayerBuyingFromVendor"",""Rarity.Memento"",""Items.NotCustomizable""]","2026-02-25 21:38:24.494667+00"
"1371","Pardot's Drinker","An exsanguinating kindjal created by Pardot Kynes.","[""Items.Holsters.MeleeWeapons.Knife.Kindjal"",""LootTier.5"",""Rarity.Rare""]","2026-02-25 21:38:24.494667+00"
"1372","Pardot's Drinker Schematic","Schematic for an exasanguinating kindjal created by Pardot Kynes.","[""Items.Schematics.MeleeWeapons.Knife"",""LootTier.5"",""Rarity.Rare"",""LootPool.4""]","2026-02-25 21:38:24.494667+00"
"1373","Pardot's Hood","A stillsuit hood designed by Pardot Kynes.","[""Items.Clothes.Stillsuit.Head"",""LootTier.6"",""Rarity.Rare"",""Items.ExcludeFromLootSystem""]","2026-02-25 21:38:24.494667+00"
"1374","Pardot's Hood Schematic","Schematic for a stillsuit hood of heat protective material.","[""Items.Schematics.Clothes.Stillsuit"",""LootTier.6"",""Rarity.Rare"",""LootPool.2""]","2026-02-25 21:38:24.494667+00"
"1375","Partial Amplification Belt","EMPTY SOURCE STRING","[""Items.ExcludeFromExchange"",""Items.ExcludeFromPlayerSellingToVendor"",""Items.ExcludeFromPlayerBuyingFromVendor"",""Items.ExcludeFromLootSystem"",""Items.NotCustomizable""]","2026-02-25 21:38:24.494667+00"
"1376","Partial Stabilization Suspensor Belt Schematic","A Suspensor Belt","[""Items.ExcludeFromExchange"",""Items.ExcludeFromPlayerSellingToVendor"",""Items.ExcludeFromPlayerBuyingFromVendor"",""Items.ExcludeFromLootSystem"",""Items.NotCustomizable""]","2026-02-25 21:38:24.494667+00"
"1377","Particle Capacitor","An Old Imperial component used in fabrication.","[""Items.CraftedResources"",""LootTier.1"",""Loot.OldImperial""]","2026-02-25 21:38:24.494667+00"
"1378","Particulate Filter","An improved filter crafted in a Survival Fabricator.","[""Items.RefinedResources.Fuel"",""LootTier.5"",""Items.ExcludeFromLootSystem""]","2026-02-25 21:38:24.494667+00"
"1379","Passive Reduction Suspensor Belt Schematic","Automatically suspends to prevent fall damage","[""Items.ExcludeFromExchange"",""Items.ExcludeFromPlayerSellingToVendor"",""Items.ExcludeFromPlayerBuyingFromVendor"",""Items.ExcludeFromLootSystem"",""Items.NotCustomizable""]","2026-02-25 21:38:24.494667+00"
"1380","Passive Suspensor Belt","Automated fall damage protection.","[""Items.Holsters.UtilityTools.Suspensor"",""LootTier.1"",""Loot.OldImperial"",""Items.NotCustomizable""]","2026-02-25 21:38:24.494667+00"
"1381","Penetrator","A scattergun with deep drilling darts.","[""Items.Holsters.RangedWeapons.Heavy.Shotgun"",""LootTier.6"",""Rarity.Rare""]","2026-02-25 21:38:24.494667+00"
"1382","Penetrator Schematic","Schematic for a scattergun with deep drilling darts.","[""Items.Schematics.RangedWeapons.Heavy.Shotgun"",""LootTier.6"",""Rarity.Rare"",""LootPool.2""]","2026-02-25 21:38:24.494667+00"
"1383","Pentashields","Pentashield portals for base construction","[""Items.ExcludeFromExchange"",""Items.ExcludeFromPlayerSellingToVendor"",""Items.ExcludeFromPlayerBuyingFromVendor"",""Items.ExcludeFromLootSystem"",""Items.NotCustomizable""]","2026-02-25 21:38:24.494667+00"
"1384","Perforator","A modified scattergun that converts darts to shrapnel.","[""Items.Holsters.RangedWeapons.Light.Shotgun"",""LootTier.6"",""Rarity.Rare""]","2026-02-25 21:38:24.494667+00"
"1385","Perforator Schematic","Schematic for a modified scattergun that converts darts to shrapnel.","[""Items.Schematics.RangedWeapons.Light.Shotgun"",""LootTier.6"",""Rarity.Rare"",""LootPool.2""]","2026-02-25 21:38:24.494667+00"
"1386","Personal Light","A Personal Light for exploration.","[""Items.Holsters.UtilityTools.Light"",""LootTier.3"",""Items.NotCustomizable""]","2026-02-25 21:38:24.494667+00"
"1387","Pincushion Boots","A pair of boots made to absorb dart impacts.","[""Items.Clothes.ScoutArmor.Feet"",""LootTier.6"",""Rarity.Rare""]","2026-02-25 21:38:24.494667+00"
"1388","Pincushion Boots Schematic","Schematic for a pair of boots made to absorb dart impacts.","[""Items.Schematics.Clothes.AssaultArmor"",""LootTier.6"",""Rarity.Rare"",""LootPool.2""]","2026-02-25 21:38:24.494667+00"
"1389","Pincushion Chestpiece","A chestpiece made to absorb dart impacts.","[""Items.Clothes.ScoutArmor.Torso"",""LootTier.6"",""Rarity.Rare""]","2026-02-25 21:38:24.494667+00"
"1390","Pincushion Chestpiece Schematic","Schematic for a chestpiece made to absorb dart impacts.","[""Items.Schematics.Clothes.AssaultArmor"",""LootTier.6"",""Rarity.Rare"",""LootPool.2""]","2026-02-25 21:38:24.494667+00"
"1391","Pincushion Gauntlets","A pair of gauntlets made to absorb dart impacts.","[""Items.Clothes.ScoutArmor.Hands"",""LootTier.6"",""Rarity.Rare""]","2026-02-25 21:38:24.494667+00"
"1392","Pincushion Gauntlets Schematic","Schematic for a pair of gauntlets made to absorb dart impacts.","[""Items.Schematics.Clothes.AssaultArmor"",""LootTier.6"",""Rarity.Rare"",""LootPool.2""]","2026-02-25 21:38:24.494667+00"
"1393","Pincushion Helmet","A helmet made to absorb dart impacts.","[""Items.Clothes.ScoutArmor.Head"",""LootTier.6"",""Rarity.Rare""]","2026-02-25 21:38:24.494667+00"
"1394","Pincushion Helmet Schematic","Schematic for a pair of boots made to absorb dart impacts.","[""Items.Schematics.Clothes.AssaultArmor"",""LootTier.6"",""Rarity.Rare"",""LootPool.2""]","2026-02-25 21:38:24.494667+00"
"1395","Pincushion Pants","A pair of pants made to absorb dart impacts.","[""Items.Clothes.ScoutArmor.Legs"",""LootTier.6"",""Rarity.Rare""]","2026-02-25 21:38:24.494667+00"
"1396","Pincushion Pants Schematic","Schematic for a pair of pants made to absorb dart impacts.","[""Items.Schematics.Clothes.AssaultArmor"",""LootTier.6"",""Rarity.Rare"",""LootPool.2""]","2026-02-25 21:38:24.494667+00"
"1397","Pipecleaner","A modified battle rifle that fires explosive darts.","[""Items.Holsters.RangedWeapons.Light.Rifle.BattleRifle"",""LootTier.4"",""Rarity.Rare""]","2026-02-25 21:38:24.494667+00"
"1398","Pipecleaner Schematic","Schematic for a modified battle rifle that fires explosive darts.","[""Items.Schematics.RangedWeapons.Light.Rifle"",""LootTier.4"",""Rarity.Rare"",""LootPool.2""]","2026-02-25 21:38:24.494667+00"
"1399","Piter's Disruptor","A modified disruptor that uses heavy darts.","[""Items.Holsters.RangedWeapons.Light.SMG"",""LootTier.5"",""Rarity.Rare""]","2026-02-25 21:38:24.494667+00"
"1400","Piter's Disruptor Schematic","Schematic for a modified Disruptor that uses heavy darts.","[""Items.Schematics.RangedWeapons.Light.Rifle"",""LootTier.5"",""Rarity.Rare"",""LootPool.2""]","2026-02-25 21:38:24.494667+00"
"1401","Planar Suspensor Belt","Stabilizes vertical movement. Low Control.","[""Items.Holsters.UtilityTools.Suspensor"",""LootTier.3"",""Loot.OldImperial"",""Items.NotCustomizable""]","2026-02-25 21:38:24.494667+00"
"1402","Planetologist Stillsuit Set","Armor Container.","[""Items.ExcludeFromExchange""]","2026-02-25 21:38:24.494667+00"
"1403","Planetologist Stillsuit Set Schematic","A schematic set for the Planetologist Unique Stillsuit","[""Items.ExcludeFromExchange"",""Items.ExcludeFromPlayerSellingToVendor"",""Items.ExcludeFromPlayerBuyingFromVendor"",""Items.ExcludeFromLootSystem"",""Items.NotCustomizable""]","2026-02-25 21:38:24.494667+00"
"1404","Plasma Cannon","A Vulcan cannon that fires superheated darts.","[""Items.Holsters.RangedWeapons.Heavy.LMG"",""LootTier.6"",""Rarity.Rare""]","2026-02-25 21:38:24.494667+00"
"1405","Plasma Cannon Schematic","Schematic for a Vulcan gun that fires superheated darts.","[""Items.Schematics.RangedWeapons.Heavy.Rifle"",""LootTier.6"",""Rarity.Rare"",""LootPool.2""]","2026-02-25 21:38:24.494667+00"
"1406","Plastanium Ingot","Titanium ore refined with stravidium fiber.","[""Items.RefinedResources.Metal"",""LootTier.6""]","2026-02-25 21:38:24.494667+00"
"1407","Plasteel Composite Armor Plating","A crafting component found in the Deep Desert.","[""Items.CraftedResources"",""LootTier.6"",""Loot.Component"",""Items.ExcludeFromLootSystem""]","2026-02-25 21:38:24.494667+00"
"1408","Plasteel Composite Armor Plating Schematic","N/A","[""Items.ExcludeFromExchange"",""Items.ExcludeFromPlayerSellingToVendor"",""Items.ExcludeFromPlayerBuyingFromVendor"",""Items.ExcludeFromLootSystem"",""Items.NotCustomizable""]","2026-02-25 21:38:24.494667+00"
"1409","Plasteel Composite Blade Parts","A crafting component found in the Deep Desert.","[""Items.CraftedResources"",""LootTier.6"",""Loot.Component"",""Items.ExcludeFromLootSystem""]","2026-02-25 21:38:24.494667+00"
"1410","Plasteel Composite Blade Parts Schematic","N/A","[""Items.ExcludeFromExchange"",""Items.ExcludeFromPlayerSellingToVendor"",""Items.ExcludeFromPlayerBuyingFromVendor"",""Items.ExcludeFromLootSystem"",""Items.NotCustomizable""]","2026-02-25 21:38:24.494667+00"
"1411","Plasteel Composite Gun Parts","A crafting component found in the Deep Desert.","[""Items.CraftedResources"",""LootTier.6"",""Loot.Component"",""Items.ExcludeFromLootSystem""]","2026-02-25 21:38:24.494667+00"
"1412","Plasteel Composite Gun Parts Schematic","N/A","[""Items.ExcludeFromExchange"",""Items.ExcludeFromPlayerSellingToVendor"",""Items.ExcludeFromPlayerBuyingFromVendor"",""Items.ExcludeFromLootSystem"",""Items.NotCustomizable""]","2026-02-25 21:38:24.494667+00"
"1413","Plasteel Microflora Fiber","A Great House component used in fabrication.","[""Items.CraftedResources"",""LootTier.1"",""Loot.GreatHouse""]","2026-02-25 21:38:24.494667+00"
"1414","Plasteel Microflora Fiber","A Great House component used in fabrication","[""Items.ExcludeFromExchange"",""Items.ExcludeFromPlayerSellingToVendor"",""Items.ExcludeFromPlayerBuyingFromVendor"",""Items.ExcludeFromLootSystem"",""Items.NotCustomizable""]","2026-02-25 21:38:24.494667+00"
"1415","Plasteel Plate","A crafting component found in the Deep Desert.","[""Items.CraftedResources"",""LootTier.6"",""Loot.Component"",""Items.ExcludeFromLootSystem""]","2026-02-25 21:38:24.494667+00"
"1416","Plastone","An advanced building material.","[""Items.RefinedResources.Support"",""LootTier.4""]","2026-02-25 21:38:24.494667+00"
"1417","Plate","","[""Items.Consumables.BuildableSets"",""Items.ExcludeFromLootSystem"",""Items.ExcludeFromExchange""]","2026-02-25 21:38:24.494667+00"
"1418","Platter","","[""Items.Consumables.BuildableSets"",""Items.ExcludeFromLootSystem"",""Items.ExcludeFromExchange""]","2026-02-25 21:38:24.494667+00"
"1419","Poison Mist","A sword that releases a poisonous mist on contact.","[""Items.Holsters.MeleeWeapons.Sword.Rapier"",""LootTier.4"",""Rarity.Rare""]","2026-02-25 21:38:24.494667+00"
"1420","Poison Mist Schematic","Schematic for a sword that releases a poisonous mist on contact.","[""Items.Schematics.MeleeWeapons.Sword"",""LootTier.4"",""Rarity.Rare"",""LootPool.5""]","2026-02-25 21:38:24.494667+00"
"1421","Poison Vial","","[""Contract.Target.Item"",""Items.ExcludeFromExchange"",""Items.Contract""]","2026-02-25 21:38:24.494667+00"
"1422","Power Gauntlets","A heavy armor gauntlet with optimized power usage.","[""Items.Clothes.HeavyArmor.Hands"",""LootTier.4"",""Rarity.Rare""]","2026-02-25 21:38:24.494667+00"
"1423","Power Gauntlets Schematic","A heavy armor gauntlet with optimized power usage.","[""Items.Schematics.Clothes.HeavyArmor"",""LootTier.4"",""Rarity.Rare"",""LootPool.2""]","2026-02-25 21:38:24.494667+00"
"1424","Power Harness","A Heavy chest armor with additional power reserves.","[""Items.Clothes.HeavyArmor.Torso"",""LootTier.6"",""Rarity.Rare""]","2026-02-25 21:38:24.494667+00"
"1425","Power Harness Schematic","A Heavy chest armor with additional power reserves.","[""Items.Schematics.Clothes.HeavyArmor"",""LootTier.6"",""Rarity.Rare"",""LootPool.2""]","2026-02-25 21:38:24.494667+00"
"1426","Power Pack 2 Schematic","Portable source of energy used to power a variety of devices","[""Items.ExcludeFromExchange"",""Items.ExcludeFromPlayerSellingToVendor"",""Items.ExcludeFromPlayerBuyingFromVendor"",""Items.ExcludeFromLootSystem"",""Items.NotCustomizable""]","2026-02-25 21:38:24.494667+00"
"1427","Power Pack 3 Schematic","Portable source of energy used to power a variety of devices","[""Items.ExcludeFromExchange"",""Items.ExcludeFromPlayerSellingToVendor"",""Items.ExcludeFromPlayerBuyingFromVendor"",""Items.ExcludeFromLootSystem"",""Items.NotCustomizable""]","2026-02-25 21:38:24.494667+00"
"1428","Power Pack Mk1","Provides power to equipment.","[""Items.Holsters.UtilityTools.Power"",""LootTier.1"",""Loot.OldImperial"",""Items.NotCustomizable""]","2026-02-25 21:38:24.494667+00"
"1429","Power Pack Mk2","Provides power to equipment.","[""Items.Holsters.UtilityTools.Power"",""LootTier.2"",""Loot.OldImperial"",""Items.NotCustomizable""]","2026-02-25 21:38:24.494667+00"
"1430","Power Pack Mk3","Provides power to equipment.","[""Items.Holsters.UtilityTools.Power"",""LootTier.3"",""Loot.OldImperial"",""Items.NotCustomizable""]","2026-02-25 21:38:24.494667+00"
"1431","Power Pack Mk4","Provides power to equipment.","[""Items.Holsters.UtilityTools.Power"",""LootTier.4"",""Loot.OldImperial"",""Items.NotCustomizable""]","2026-02-25 21:38:24.494667+00"
"1432","Power Pack Mk5","Provides power to equipment.","[""Items.Holsters.UtilityTools.Power"",""LootTier.5"",""Loot.OldImperial"",""Items.NotCustomizable""]","2026-02-25 21:38:24.494667+00"
"1433","Power Pack Mk6","Portable source of energy used to power a variety of devices.","[""Items.Holsters.UtilityTools.Power"",""LootTier.6"",""Loot.OldImperial"",""Items.NotCustomizable""]","2026-02-25 21:38:24.494667+00"
"1434","PowerModule Schematic","Learnable Schematic","[""Items.ExcludeFromExchange"",""Items.ExcludeFromPlayerSellingToVendor"",""Items.ExcludeFromPlayerBuyingFromVendor"",""Items.ExcludeFromLootSystem"",""Items.NotCustomizable""]","2026-02-25 21:38:24.494667+00"
"1435","Precision Gun Parts","A fabrication component found in loot","[""Items.ExcludeFromExchange"",""Items.ExcludeFromPlayerSellingToVendor"",""Items.ExcludeFromPlayerBuyingFromVendor"",""Items.ExcludeFromLootSystem"",""Items.NotCustomizable""]","2026-02-25 21:38:24.494667+00"
"1436","Precision Mechanical Parts","A Great House component used in fabrication","[""Items.ExcludeFromExchange"",""Items.ExcludeFromPlayerSellingToVendor"",""Items.ExcludeFromPlayerBuyingFromVendor"",""Items.ExcludeFromLootSystem"",""Items.NotCustomizable""]","2026-02-25 21:38:24.494667+00"
"1437","Precision Range Finder","A crafting component found in the Deep Desert.","[""Items.CraftedResources"",""LootTier.6"",""Loot.Component"",""Items.ExcludeFromLootSystem""]","2026-02-25 21:38:24.494667+00"
"1438","Precision Range Finder Schematic","N/A","[""Items.ExcludeFromExchange"",""Items.ExcludeFromPlayerSellingToVendor"",""Items.ExcludeFromPlayerBuyingFromVendor"",""Items.ExcludeFromLootSystem"",""Items.NotCustomizable""]","2026-02-25 21:38:24.494667+00"
"1439","PrimitiveFremenStillsuit Schematic","Learnable Schematic","[""Items.ExcludeFromExchange"",""Items.ExcludeFromPlayerSellingToVendor"",""Items.ExcludeFromPlayerBuyingFromVendor"",""Items.ExcludeFromLootSystem"",""Items.NotCustomizable""]","2026-02-25 21:38:24.494667+00"
"1440","Prison Uniform Schematic","Schematic for the Prison Uniform","[""Items.ExcludeFromExchange"",""Items.ExcludeFromPlayerSellingToVendor"",""Items.ExcludeFromPlayerBuyingFromVendor"",""Items.ExcludeFromLootSystem"",""Items.NotCustomizable""]","2026-02-25 21:38:24.494667+00"
"1441","Protective Stilltent","Protective desert shelter","[""Items.ExcludeFromExchange"",""Items.ExcludeFromPlayerSellingToVendor"",""Items.ExcludeFromPlayerBuyingFromVendor"",""Items.ExcludeFromLootSystem"",""Items.NotCustomizable""]","2026-02-25 21:38:24.494667+00"
"1442","Prototype Weapon 1","Debug Weapon","[""Items.ExcludeFromExchange"",""Items.ExcludeFromPlayerSellingToVendor"",""Items.ExcludeFromPlayerBuyingFromVendor"",""Items.ExcludeFromLootSystem"",""Items.NotCustomizable""]","2026-02-25 21:38:24.494667+00"
"1443","Pseudo Pulse-Sword","A sword styled after those used in the Butlerian Jihad.","[""Items.Holsters.MeleeWeapons.Sword.Sword"",""LootTier.2"",""Rarity.Rare""]","2026-02-25 21:38:24.494667+00"
"1444","Pseudo Pulse-Sword Schematic","Schematic for a sword styled after those used in the Butlerian Jihad.","[""Items.Schematics.MeleeWeapons.Sword"",""LootTier.2"",""Rarity.Rare"",""LootPool.5""]","2026-02-25 21:38:24.494667+00"
"1445","Purifier Power Pack","Purifier Power Pack temp short desc","[""Items.Holsters.UtilityTools.Power"",""Items.ExcludeFromLootSystem"",""Rarity.Rare"",""Items.NotCustomizable""]","2026-02-25 21:38:24.494667+00"
"1446","Purifier Power Pack Schematic","A unique schematic.","[""Items.Schematics.UtilityTools.Power"",""LootTier.6"",""Rarity.Rare""]","2026-02-25 21:38:24.494667+00"
"1447","Quirth's Boots","Lightweight boots favored by Denira Quirth, built for speed and silence.","[""Items.Clothes.ScoutArmor.Feet"",""LootTier.4"",""Rarity.Rare""]","2026-02-25 21:38:24.494667+00"
"1448","Quirth's Boots Schematic","Schematic for lightweight boots favored by Denira Quirth.","[""Items.Schematics.Clothes.AssaultArmor"",""LootTier.4"",""Rarity.Rare"",""LootPool.2""]","2026-02-25 21:38:24.494667+00"
"1449","Quirth's Gauntlets","Fitted gauntlets used by Denira Quirth, designed for precision and control.","[""Items.Clothes.ScoutArmor.Hands"",""LootTier.4"",""Rarity.Rare""]","2026-02-25 21:38:24.494667+00"
"1450","Quirth's Gauntlets Schematic","Schematic for fitted gauntlets used by Denira Quirth.","[""Items.Schematics.Clothes.AssaultArmor"",""LootTier.4"",""Rarity.Rare"",""LootPool.2""]","2026-02-25 21:38:24.494667+00"
"1451","Quirth's Helmet","A helmet worn by Denira Quirth to keep dust and prying eyes away.","[""Items.Clothes.ScoutArmor.Head"",""LootTier.4"",""Rarity.Rare""]","2026-02-25 21:38:24.494667+00"
"1452","Quirth's Helmet Schematic","Schematic for a light helmet worn by Denira Quirth.","[""Items.Schematics.Clothes.AssaultArmor"",""LootTier.4"",""Rarity.Rare"",""LootPool.2""]","2026-02-25 21:38:24.494667+00"
"1453","Quirth's Jacket","A reinforced scout jacket tailored by Denira Quirth for quick getaways.","[""Items.Clothes.ScoutArmor.Torso"",""LootTier.4"",""Rarity.Rare""]","2026-02-25 21:38:24.494667+00"
"1454","Quirth's Jacket Schematic","Schematic for a reinforced scout jacket tailored by Denira Quirth.","[""Items.Schematics.Clothes.AssaultArmor"",""LootTier.4"",""Rarity.Rare"",""LootPool.2""]","2026-02-25 21:38:24.494667+00"
"1455","Quirth's Pants","Flexible pants modified by Denira Quirth for ease of movement.","[""Items.Clothes.ScoutArmor.Legs"",""LootTier.4"",""Rarity.Rare""]","2026-02-25 21:38:24.494667+00"
"1456","Quirth's Pants Schematic","Schematic for flexible pants modified by Denira Quirth.","[""Items.Schematics.Clothes.AssaultArmor"",""LootTier.4"",""Rarity.Rare"",""LootPool.2""]","2026-02-25 21:38:24.494667+00"
"1457","Radiation Suit Mk4","Full body protection from radiation.","[""Items.Clothes.Utility"",""LootTier.4"",""Loot.GreatHouse""]","2026-02-25 21:38:24.494667+00"
"1458","Radiation Suit Mk5","Full body protection from radiation.","[""Items.Clothes.Utility"",""LootTier.5"",""Loot.GreatHouse""]","2026-02-25 21:38:24.494667+00"
"1459","Radiation Suit Mk6","Full body protection from radiation.","[""Items.Clothes.Utility"",""LootTier.6"",""Loot.GreatHouse""]","2026-02-25 21:38:24.494667+00"
"1460","Radiation Suit Schematic","Schematic for a Radiation Suit","[""Items.ExcludeFromExchange"",""Items.ExcludeFromPlayerSellingToVendor"",""Items.ExcludeFromPlayerBuyingFromVendor"",""Items.ExcludeFromLootSystem"",""Items.NotCustomizable""]","2026-02-25 21:38:24.494667+00"
"1461","Rafiq Snubnose 1.5x Sight Schematic","Schematic for a Rafiq Snubnose 1.5x Sight","[""Items.ExcludeFromExchange"",""Items.ExcludeFromPlayerSellingToVendor"",""Items.ExcludeFromPlayerBuyingFromVendor"",""Items.ExcludeFromLootSystem"",""Items.NotCustomizable""]","2026-02-25 21:38:24.494667+00"
"1462","Rafiq Snubnose Burst Modifier Schematic","Schematic for a Rafiq Snubnose Burst Modifier","[""Items.ExcludeFromExchange"",""Items.ExcludeFromPlayerSellingToVendor"",""Items.ExcludeFromPlayerBuyingFromVendor"",""Items.ExcludeFromLootSystem"",""Items.NotCustomizable""]","2026-02-25 21:38:24.494667+00"
"1463","Rafiq Snubnose Combat Sight Schematic","Combat sight for Rafiq Snubnose","[""Items.ExcludeFromExchange"",""Items.ExcludeFromPlayerSellingToVendor"",""Items.ExcludeFromPlayerBuyingFromVendor"",""Items.ExcludeFromLootSystem"",""Items.NotCustomizable""]","2026-02-25 21:38:24.494667+00"
"1464","Rafiq Snubnose Explosive Gel Schematic","Schematic for Rafiq Snubnose Explosive Gel","[""Items.ExcludeFromExchange"",""Items.ExcludeFromPlayerSellingToVendor"",""Items.ExcludeFromPlayerBuyingFromVendor"",""Items.ExcludeFromLootSystem"",""Items.NotCustomizable""]","2026-02-25 21:38:24.494667+00"
"1465","Rafiq Snubnose MK Il Pistol Schematic","High caliber pistol","[""Items.ExcludeFromExchange"",""Items.ExcludeFromPlayerSellingToVendor"",""Items.ExcludeFromPlayerBuyingFromVendor"",""Items.ExcludeFromLootSystem"",""Items.NotCustomizable""]","2026-02-25 21:38:24.494667+00"
"1466","Rafiq Snubnose MK l Pistol Schematic","Schematic for a Rafiq Snubnose MK l Pistol","[""Items.ExcludeFromExchange"",""Items.ExcludeFromPlayerSellingToVendor"",""Items.ExcludeFromPlayerBuyingFromVendor"",""Items.ExcludeFromLootSystem"",""Items.NotCustomizable""]","2026-02-25 21:38:24.494667+00"
"1467","Rafiq Snubnose Pistol Schematic","Schematic for a Rafiq Snubnose Pistol","[""Items.ExcludeFromExchange"",""Items.ExcludeFromPlayerSellingToVendor"",""Items.ExcludeFromPlayerBuyingFromVendor"",""Items.ExcludeFromLootSystem"",""Items.NotCustomizable""]","2026-02-25 21:38:24.494667+00"
"1468","Rafiq Snubnose Quick Loader Schematic","Quick loader for the Rafiq Snubnose","[""Items.ExcludeFromExchange"",""Items.ExcludeFromPlayerSellingToVendor"",""Items.ExcludeFromPlayerBuyingFromVendor"",""Items.ExcludeFromLootSystem"",""Items.NotCustomizable""]","2026-02-25 21:38:24.494667+00"
"1469","Range Finder","A fabrication component found in loot.","[""Items.CraftedResources"",""LootTier.3"",""Loot.Component"",""Items.ExcludeFromLootSystem""]","2026-02-25 21:38:24.494667+00"
"1470","Rattler Boost Module Mk3","A buggy boost module that runs cooler","[""Items.Holsters.Deployables.VehicleExtra.BuggyChoam"",""LootTier.3"",""Rarity.Rare"",""Items.NotCustomizable""]","2026-02-25 21:38:24.494667+00"
"1471","Rattler Boost Module Mk3 Schematic","Unique Buggy Boost module.","[""Items.Schematics.Deployables.VehicleExtra.BuggyChoam"",""LootTier.3"",""Rarity.Rare"",""LootPool.3""]","2026-02-25 21:38:24.494667+00"
"1472","Rattler Boost Module Mk4","A buggy boost module that runs cooler","[""Items.Holsters.Deployables.VehicleExtra.BuggyChoam"",""LootTier.4"",""Rarity.Rare"",""Items.NotCustomizable""]","2026-02-25 21:38:24.494667+00"
"1473","Rattler Boost Module Mk4 Schematic","Schematic for a buggy boost module that runs cool.","[""Items.Schematics.Deployables.VehicleExtra.BuggyChoam"",""LootTier.4"",""Rarity.Rare"",""LootPool.3""]","2026-02-25 21:38:24.494667+00"
"1474","Rattler Boost Module Mk5","A buggy boost module that runs cooler","[""Items.Holsters.Deployables.VehicleExtra.BuggyChoam"",""LootTier.5"",""Rarity.Rare"",""Items.NotCustomizable""]","2026-02-25 21:38:24.494667+00"
"1475","Rattler Boost Module Mk5 Schematic","Schematic for a buggy boost module that runs cool.","[""Items.Schematics.Deployables.VehicleExtra.BuggyChoam"",""LootTier.5"",""Rarity.Rare"",""LootPool.3""]","2026-02-25 21:38:24.494667+00"
"1476","Rattler Boost Module Mk6","A buggy boost module that runs cooler","[""Items.Holsters.Deployables.VehicleExtra.BuggyChoam"",""LootTier.6"",""Rarity.Rare"",""Items.NotCustomizable""]","2026-02-25 21:38:24.494667+00"
"1477","Rattler Boost Module Mk6 Schematic","Schematic for a buggy boost module that runs cool.","[""Items.Schematics.Deployables.VehicleExtra.BuggyChoam"",""LootTier.6"",""Rarity.Rare"",""LootPool.3""]","2026-02-25 21:38:24.494667+00"
"1478","Ray Amplifier","A fabrication component found in loot.","[""Items.CraftedResources"",""LootTier.3"",""Loot.Component"",""Items.ExcludeFromLootSystem""]","2026-02-25 21:38:24.494667+00"
"1479","Reaper Gloves","Special gloves design to maximize water gathering.","[""Items.Clothes.ScoutArmor.Hands"",""LootTier.3"",""Rarity.Rare""]","2026-02-25 21:38:24.494667+00"
"1480","Reaper Gloves Schematic","A schematic for special gloves designed to maximize water gathering.","[""Items.Schematics.Clothes.ScoutArmor"",""LootTier.3"",""Rarity.Rare"",""LootPool.2""]","2026-02-25 21:38:24.494667+00"
"1481","Red Scorpion Armor Set","Armor container","[""Items.ExcludeFromExchange"",""Items.ExcludeFromPlayerSellingToVendor"",""Items.ExcludeFromPlayerBuyingFromVendor"",""Items.ExcludeFromLootSystem"",""Items.NotCustomizable""]","2026-02-25 21:38:24.494667+00"
"1482","Red Scorpion's Boots","Armored dune man's boots worn by the Red Scorpion.","[""Items.ExcludeFromPlayerSellingToVendor"",""Items.ExcludeFromPlayerBuyingFromVendor"",""Items.ExcludeFromLootSystem"",""Items.ExcludeFromExchange""]","2026-02-25 21:38:24.494667+00"
"1483","Red Scorpion's Chestpiece","Armored dune man's fatigues worn by the Red Scorpion.","[""Items.ExcludeFromPlayerSellingToVendor"",""Items.ExcludeFromPlayerBuyingFromVendor"",""Items.ExcludeFromLootSystem"",""Items.ExcludeFromExchange""]","2026-02-25 21:38:24.494667+00"
"1484","Red Scorpion's Gloves","Armored dune man's gloves worn by the Red Scorpion.","[""Items.ExcludeFromPlayerSellingToVendor"",""Items.ExcludeFromPlayerBuyingFromVendor"",""Items.ExcludeFromLootSystem"",""Items.ExcludeFromExchange""]","2026-02-25 21:38:24.494667+00"
"1485","Red Scorpion's Helmet","Armored dune man's mask worn by the Red Scorpion.","[""Items.ExcludeFromPlayerSellingToVendor"",""Items.ExcludeFromPlayerBuyingFromVendor"",""Items.ExcludeFromLootSystem"",""Items.ExcludeFromExchange""]","2026-02-25 21:38:24.494667+00"
"1486","Red Scorpion's Trousers","Armored dune man's pants worn by the Red Scorpion.","[""Items.ExcludeFromPlayerSellingToVendor"",""Items.ExcludeFromPlayerBuyingFromVendor"",""Items.ExcludeFromLootSystem"",""Items.ExcludeFromExchange""]","2026-02-25 21:38:24.494667+00"
"1487","Regis Burst Drillshot","Double barrel ""anti-shield"" shotgun with increased capacity that charges up to fire a burst of two burrow darts.","[""Items.Holsters.RangedWeapons.Heavy.Shotgun"",""LootTier.6"",""Rarity.Rare""]","2026-02-25 21:38:24.494667+00"
"1488","Regis Burst Drillshot Schematic","Schematic for a double barrel ""anti-shield"" shotgun with increased capacity that charges up to fire a burst of two burrow darts.","[""Items.Schematics.RangedWeapons.Heavy.Shotgun"",""LootTier.6"",""Rarity.Rare"",""LootPool.2""]","2026-02-25 21:38:24.494667+00"
"1489","Regis Dirk","A Harkonnen style short blade melee weapon.","[""Items.Holsters.MeleeWeapons.Knife.Dirk"",""LootTier.6"",""Loot.GreatHouse""]","2026-02-25 21:38:24.494667+00"
"1490","Regis Disruptor M11","Rapid fire disruptor.","[""Items.Holsters.RangedWeapons.Light.SMG"",""LootTier.6"",""Loot.GreatHouse""]","2026-02-25 21:38:24.494667+00"
"1491","Regis Disruptor Pistol","A heavy disruptor pistol.","[""Items.Holsters.RangedWeapons.Heavy.Pistol"",""LootTier.6"",""Rarity.Rare""]","2026-02-25 21:38:24.494667+00"
"1492","Regis Disruptor Pistol Schematic","Schematic for a heavy disruptor pistol.","[""Items.Schematics.RangedWeapons.Heavy.Pistol"",""LootTier.6"",""Rarity.Rare"",""LootPool.2""]","2026-02-25 21:38:24.494667+00"
"1493","Regis Drillshot FK7","Double barrel ""anti-shield"" shotgun.","[""Items.Holsters.RangedWeapons.Heavy.Shotgun"",""LootTier.6"",""Loot.GreatHouse""]","2026-02-25 21:38:24.494667+00"
"1494","Regis GRDA 44","Wide range scattergun.","[""Items.Holsters.RangedWeapons.Light.Shotgun"",""LootTier.6"",""Loot.GreatHouse""]","2026-02-25 21:38:24.494667+00"
"1495","Regis High-payload Rocket Module Schematic","Medium Ornithopter rocket launcher with larger blast radius.","[""Items.Schematics.Deployables.VehicleExtra.MediumOrniCHOAM"",""LootTier.6"",""Rarity.Rare"",""LootPool.3"",""Items.ExcludeFromLootSystem""]","2026-02-25 21:38:24.494667+00"
"1496","Regis JABAL Spitdart","Rapid cycling scoped rifle that fires poison-laced darts.","[""Items.Holsters.RangedWeapons.Light.Rifle.SpitDart"",""LootTier.6"",""Loot.GreatHouse""]","2026-02-25 21:38:24.494667+00"
"1497","Regis Karpov 38","Gas powered assault rifle.","[""Items.Holsters.RangedWeapons.Light.Rifle.BattleRifle"",""LootTier.6"",""Loot.GreatHouse""]","2026-02-25 21:38:24.494667+00"
"1498","Regis Kindjal","Curved short blade used for close combat.","[""Items.Holsters.MeleeWeapons.Knife.Kindjal"",""LootTier.6"",""Loot.GreatHouse""]","2026-02-25 21:38:24.494667+00"
"1499","Regis Light Ornithopter Inventory","Adds inventory space to the Ornithopter.","[""Items.ExcludeFromExchange"",""Items.ExcludeFromPlayerSellingToVendor"",""Items.ExcludeFromPlayerBuyingFromVendor"",""Items.ExcludeFromLootSystem"",""Items.NotCustomizable""]","2026-02-25 21:38:24.494667+00"
"1500","Regis Light Ornithopter Scanner","Adds a scan ability to the Ornithopter.","[""Items.ExcludeFromExchange"",""Items.ExcludeFromPlayerSellingToVendor"",""Items.ExcludeFromPlayerBuyingFromVendor"",""Items.ExcludeFromLootSystem"",""Items.NotCustomizable""]","2026-02-25 21:38:24.494667+00"
"1501","Regis Maula Pistol","Lightweight Pistol.","[""Items.Holsters.RangedWeapons.Light.Pistol"",""LootTier.6"",""Loot.GreatHouse""]","2026-02-25 21:38:24.494667+00"
"1502","Regis Missile Launcher","Missile Launcher.","[""Items.Holsters.RangedWeapons.Heavy.RocketLauncher"",""LootTier.6"",""Loot.GreatHouse""]","2026-02-25 21:38:24.494667+00"
"1503","Regis Rafiq Snubnose","High caliber pistol.","[""Items.Holsters.RangedWeapons.Heavy.Pistol"",""LootTier.6"",""Loot.GreatHouse""]","2026-02-25 21:38:24.494667+00"
"1504","Regis Rapier","Long bladed melee weapon.","[""Items.Holsters.MeleeWeapons.Sword.Rapier"",""LootTier.6"",""Loot.GreatHouse""]","2026-02-25 21:38:24.494667+00"
"1505","Regis Sword","Long bladed melee weapon.","[""Items.Holsters.MeleeWeapons.Sword.Sword"",""LootTier.6"",""Loot.GreatHouse""]","2026-02-25 21:38:24.494667+00"
"1506","Regis Transport Ornithopter Shield Generator","Adds a shield ability to the Ornithopter.","[""Items.ExcludeFromExchange"",""Items.ExcludeFromPlayerSellingToVendor"",""Items.ExcludeFromPlayerBuyingFromVendor"",""Items.ExcludeFromLootSystem"",""Items.NotCustomizable""]","2026-02-25 21:38:24.494667+00"
"1507","Regis Tripleshot Repeating Rifle","A spitdart rifle that holds additional darts.","[""Items.Holsters.RangedWeapons.Light.Rifle.SpitDart"",""LootTier.6"",""Rarity.Rare""]","2026-02-25 21:38:24.494667+00"
"1508","Regis Tripleshot Repeating Rifle Schematic","Schematic for a non scoped Spitdart Rifle that fires tripleshots.","[""Items.Schematics.RangedWeapons.Light.Rifle"",""LootTier.6"",""Rarity.Rare"",""LootPool.2""]","2026-02-25 21:38:24.494667+00"
"1509","Regis Vulcan GAU-92","Light machinegun.","[""Items.Holsters.RangedWeapons.Heavy.LMG"",""LootTier.6"",""Loot.GreatHouse""]","2026-02-25 21:38:24.494667+00"
"1510","Reinforced Armor Plating","A fabrication component found in loot","[""Items.ExcludeFromExchange"",""Items.ExcludeFromPlayerSellingToVendor"",""Items.ExcludeFromPlayerBuyingFromVendor"",""Items.ExcludeFromLootSystem"",""Items.NotCustomizable""]","2026-02-25 21:38:24.494667+00"
"1511","Relentless","A high-capacity disruptor manufactured at Ironwatch.","[""Items.Holsters.RangedWeapons.Light.SMG"",""LootTier.5"",""Rarity.Rare""]","2026-02-25 21:38:24.494667+00"
"1512","Relentless Schematic","Schematic for a high-capacity disruptor manufactured at Ironwatch.","[""Items.Schematics.RangedWeapons.Light.Rifle"",""LootTier.5"",""Rarity.Rare"",""LootPool.2""]","2026-02-25 21:38:24.494667+00"
"1513","Repair Station Patent","A station for repairing gear","[""Items.Consumables.BuildableSets"",""LootTier.2"",""Items.ExcludeFromLootSystem"",""Items.ExcludeFromExchange""]","2026-02-25 21:38:24.494667+00"
"1514","Replica Pulse-knife","A knife styled after those used in the Butlerian Jihad.","[""Items.Holsters.MeleeWeapons.Knife.Kindjal"",""LootTier.6"",""Rarity.Rare""]","2026-02-25 21:38:24.494667+00"
"1515","Replica Pulse-knife Schematic","Schematic for a knife styled after those used in the Butlerian Jihad.","[""Items.Schematics.MeleeWeapons.Knife"",""LootTier.6"",""Rarity.Rare"",""LootPool.4""]","2026-02-25 21:38:24.494667+00"
"1516","Replica Pulse-sword","A sword styled after those used in the Butlerian Jihad.","[""Items.Holsters.MeleeWeapons.Sword.Sword"",""LootTier.6"",""Rarity.Rare""]","2026-02-25 21:38:24.494667+00"
"1517","Replica Pulse-sword Schematic","Schematic for a sword styled after those used in the Butlerian Jihad.","[""Items.Schematics.MeleeWeapons.Sword"",""LootTier.6"",""Rarity.Rare"",""LootPool.5""]","2026-02-25 21:38:24.494667+00"
"1518","Report on Testing Station No. 197","","[""Items.ExcludeFromExchange"",""Items.ExcludeFromPlayerSellingToVendor"",""Items.ExcludeFromPlayerBuyingFromVendor"",""Items.ExcludeFromLootSystem"",""Items.NotCustomizable""]","2026-02-25 21:38:24.494667+00"
"1519","Research Manual","A useful manual.","[""Items.ExcludeFromExchange"",""Items.ExcludeFromPlayerSellingToVendor"",""Items.ExcludeFromPlayerBuyingFromVendor"",""Items.ExcludeFromLootSystem"",""Items.NotCustomizable""]","2026-02-25 21:38:24.494667+00"
"1520","Respawn Beacon","Device for anchoring respawn position.","[""Items.Holsters.UtilityTools.Respawn"",""LootTier.0"",""Items.Holsters.Deployables"",""Items.NotCustomizable""]","2026-02-25 21:38:24.494667+00"
"1521","Respawn Beacon Schematic","Schematic for a Respawn Beacon","[""Items.ExcludeFromExchange"",""Items.ExcludeFromPlayerSellingToVendor"",""Items.ExcludeFromPlayerBuyingFromVendor"",""Items.ExcludeFromLootSystem"",""Items.NotCustomizable""]","2026-02-25 21:38:24.494667+00"
"1522","Responsive Planar Suspensor Belt","Stabilizes vertical movement. High control.","[""Items.Holsters.UtilityTools.Suspensor"",""LootTier.5"",""Loot.OldImperial"",""Items.NotCustomizable""]","2026-02-25 21:38:24.494667+00"
"1523","Responsive Planar Suspensor Belt Schematic","Float and move in any direction","[""Items.ExcludeFromExchange"",""Items.ExcludeFromPlayerSellingToVendor"",""Items.ExcludeFromPlayerBuyingFromVendor"",""Items.ExcludeFromLootSystem"",""Items.NotCustomizable""]","2026-02-25 21:38:24.494667+00"
"1524","Rifle - Explosive Barrel Schematic","Learnable Schematic","[""Items.ExcludeFromExchange"",""Items.ExcludeFromPlayerSellingToVendor"",""Items.ExcludeFromPlayerBuyingFromVendor"",""Items.ExcludeFromLootSystem"",""Items.NotCustomizable""]","2026-02-25 21:38:24.494667+00"
"1525","Rigged Suspensor Jacket","A jacket rigged with wires that aid suspensor usage.","[""Items.Clothes.ScoutArmor.Torso"",""LootTier.3"",""Rarity.Rare""]","2026-02-25 21:38:24.494667+00"
"1526","Rigged Suspensor Jacket Schematic","Schematic for a jacket rigged with wires that aid suspensor usage.","[""Items.Schematics.Clothes.ScoutArmor"",""LootTier.3"",""Rarity.Rare"",""LootPool.2""]","2026-02-25 21:38:24.494667+00"
"1527","Ripper","A modified scattergun that converts darts to shrapnel.","[""Items.Holsters.RangedWeapons.Light.Shotgun"",""LootTier.3"",""Rarity.Rare""]","2026-02-25 21:38:24.494667+00"
"1528","Ripper Schematic","Schematic for a modified scattergun that converts darts to shrapnel.","[""Items.Schematics.RangedWeapons.Light.Shotgun"",""LootTier.3"",""Rarity.Rare"",""LootPool.2""]","2026-02-25 21:38:24.494667+00"
"1529","Robe of the Sisterhood","A Unique Bene Gesserit Robe.","[""Items.ExcludeFromPlayerSellingToVendor"",""Items.ExcludeFromPlayerBuyingFromVendor"",""Items.ExcludeFromLootSystem"",""Items.ExcludeFromExchange""]","2026-02-25 21:38:24.494667+00"
"1530","Roc Carrier Wing","A 'thopter wing designed for faster flight speeds","[""Items.Holsters.Deployables.VehicleBase.TransportOrniCHOAM"",""LootTier.6"",""Rarity.Rare"",""Items.NotCustomizable""]","2026-02-25 21:38:24.494667+00"
"1531","Roc Carrier Wing Schematic","A schematic for a 'thopter wing designed for faster flight speeds.","[""Items.Schematics.Deployables.VehicleExtra.TransportOrniCHOAM"",""LootTier.6"",""Rarity.Rare""]","2026-02-25 21:38:24.494667+00"
"1532","Rocket","A rocket projectile typically utilized by vehicular rocket launchers.","[""Items.Ammo.Vehicle"",""LootTier.5"",""Items.ExcludeFromPlayerSellingToVendor"",""Items.NotCustomizable""]","2026-02-25 21:38:24.494667+00"
"1533","Run with Tarit!","A Kirab recruitment pamphlet","[""Contract.Target.Item"",""Items.ExcludeFromExchange"",""Items.Contract""]","2026-02-25 21:38:24.494667+00"
"1534","Rustic Craftsman Apron","A rustic craftsman's apron","[""Items.ExcludeFromExchange"",""Items.ExcludeFromPlayerSellingToVendor"",""Items.ExcludeFromPlayerBuyingFromVendor"",""Items.ExcludeFromLootSystem"",""Items.NotCustomizable""]","2026-02-25 21:38:24.494667+00"
"1535","Rustic Craftsman Boots","A rustic craftsman's boots","[""Items.ExcludeFromExchange"",""Items.ExcludeFromPlayerSellingToVendor"",""Items.ExcludeFromPlayerBuyingFromVendor"",""Items.ExcludeFromLootSystem"",""Items.NotCustomizable""]","2026-02-25 21:38:24.494667+00"
"1536","Rustic Craftsman Mask","A rustic craftsman's mask","[""Items.ExcludeFromExchange"",""Items.ExcludeFromPlayerSellingToVendor"",""Items.ExcludeFromPlayerBuyingFromVendor"",""Items.ExcludeFromLootSystem"",""Items.NotCustomizable""]","2026-02-25 21:38:24.494667+00"
"1537","Rustic Craftsman Pants","A rustic craftsman's pants","[""Items.ExcludeFromExchange"",""Items.ExcludeFromPlayerSellingToVendor"",""Items.ExcludeFromPlayerBuyingFromVendor"",""Items.ExcludeFromLootSystem"",""Items.NotCustomizable""]","2026-02-25 21:38:24.494667+00"
"1538","Rustic Craftsman Smithgloves","A rustic craftsman's gloves","[""Items.ExcludeFromExchange"",""Items.ExcludeFromPlayerSellingToVendor"",""Items.ExcludeFromPlayerBuyingFromVendor"",""Items.ExcludeFromLootSystem"",""Items.NotCustomizable""]","2026-02-25 21:38:24.494667+00"
"1539","RusticCraftsman Schematic","Learnable Schematic","[""Items.ExcludeFromExchange"",""Items.ExcludeFromPlayerSellingToVendor"",""Items.ExcludeFromPlayerBuyingFromVendor"",""Items.ExcludeFromLootSystem"",""Items.NotCustomizable""]","2026-02-25 21:38:24.494667+00"
"1540","Salusan Vengeance","A modified battle rifle that fires explosive darts.","[""Items.Holsters.RangedWeapons.Light.Rifle.BattleRifle"",""LootTier.6"",""Rarity.Rare""]","2026-02-25 21:38:24.494667+00"
"1541","Salusan Vengeance Schematic","Schematic for a modified battle rifle that fires explosive darts.","[""Items.Schematics.RangedWeapons.Light.Rifle"",""LootTier.6"",""Rarity.Rare"",""LootPool.2""]","2026-02-25 21:38:24.494667+00"
"1542","Salvaged Metal","Mixed metals, recovered from wreckage.","[""Items.RawResources.Metal"",""LootTier.0""]","2026-02-25 21:38:24.494667+00"
"1543","Sand Crawler Container Schematic","A container for the CHOAM Sand Crawler","[""Items.ExcludeFromExchange"",""Items.ExcludeFromPlayerSellingToVendor"",""Items.ExcludeFromPlayerBuyingFromVendor"",""Items.ExcludeFromLootSystem"",""Items.NotCustomizable""]","2026-02-25 21:38:24.494667+00"
"1544","Sand Crawler Frame Schematic","Learnable Schematic","[""Items.ExcludeFromExchange"",""Items.ExcludeFromPlayerSellingToVendor"",""Items.ExcludeFromPlayerBuyingFromVendor"",""Items.ExcludeFromLootSystem"",""Items.NotCustomizable""]","2026-02-25 21:38:24.494667+00"
"1545","Sand Crawler PSU Schematic","Learnable Schematic","[""Items.ExcludeFromExchange"",""Items.ExcludeFromPlayerSellingToVendor"",""Items.ExcludeFromPlayerBuyingFromVendor"",""Items.ExcludeFromLootSystem"",""Items.NotCustomizable""]","2026-02-25 21:38:24.494667+00"
"1546","Sandbike Armored Treads 2 Schematic","Armored treads for the CHOAM Sandbike","[""Items.ExcludeFromExchange"",""Items.ExcludeFromPlayerSellingToVendor"",""Items.ExcludeFromPlayerBuyingFromVendor"",""Items.ExcludeFromLootSystem"",""Items.NotCustomizable""]","2026-02-25 21:38:24.494667+00"
"1547","Sandbike Back Inventory 2 Schematic","An inventory module for the CHOAM Sandbike","[""Items.ExcludeFromExchange"",""Items.ExcludeFromPlayerSellingToVendor"",""Items.ExcludeFromPlayerBuyingFromVendor"",""Items.ExcludeFromLootSystem"",""Items.NotCustomizable""]","2026-02-25 21:38:24.494667+00"
"1548","Sandbike Backseat Mk1","Adds a passenger seat to the Sandbike.","[""Items.Holsters.Deployables.VehicleExtra.Sandbike"",""LootTier.1"",""Loot.OldImperial"",""Items.NotCustomizable""]","2026-02-25 21:38:24.494667+00"
"1549","Sandbike Booster Mk2","Adds a boost ability to the Sandbike.","[""Items.Holsters.Deployables.VehicleExtra.Sandbike"",""LootTier.2"",""Loot.OldImperial"",""Items.NotCustomizable""]","2026-02-25 21:38:24.494667+00"
"1550","Sandbike Booster Mk3","Adds a boost ability to the Sandbike.","[""Items.Holsters.Deployables.VehicleExtra.Sandbike"",""LootTier.3"",""Loot.OldImperial"",""Items.NotCustomizable""]","2026-02-25 21:38:24.494667+00"
"1551","Sandbike Booster Mk4","Adds a boost ability to the Sandbike.","[""Items.Holsters.Deployables.VehicleExtra.Sandbike"",""LootTier.4"",""Loot.OldImperial"",""Items.NotCustomizable""]","2026-02-25 21:38:24.494667+00"
"1552","Sandbike Booster Mk5","Adds a boost ability to the Sandbike.","[""Items.Holsters.Deployables.VehicleExtra.Sandbike"",""LootTier.5"",""Loot.OldImperial"",""Items.NotCustomizable""]","2026-02-25 21:38:24.494667+00"
"1553","Sandbike Booster Mk6","Adds a boost ability to the Sandbike.","[""Items.Holsters.Deployables.VehicleExtra.Sandbike"",""LootTier.6"",""Loot.OldImperial"",""Items.NotCustomizable""]","2026-02-25 21:38:24.494667+00"
"1554","Sandbike Booster Mk7","Adds a boost ability to the Sandbike.","[""Items.ExcludeFromExchange"",""Items.ExcludeFromPlayerSellingToVendor"",""Items.ExcludeFromPlayerBuyingFromVendor"",""Items.ExcludeFromLootSystem"",""Items.NotCustomizable""]","2026-02-25 21:38:24.494667+00"
"1555","Sandbike Booster Mk8","Adds a boost ability to the Sandbike.","[""Items.ExcludeFromExchange"",""Items.ExcludeFromPlayerSellingToVendor"",""Items.ExcludeFromPlayerBuyingFromVendor"",""Items.ExcludeFromLootSystem"",""Items.NotCustomizable""]","2026-02-25 21:38:24.494667+00"
"1556","Sandbike Booster Mk9","Adds a boost ability to the Sandbike.","[""Items.ExcludeFromExchange"",""Items.ExcludeFromPlayerSellingToVendor"",""Items.ExcludeFromPlayerBuyingFromVendor"",""Items.ExcludeFromLootSystem"",""Items.NotCustomizable""]","2026-02-25 21:38:24.494667+00"
"1557","Sandbike Chassis Mk1","Defines the fuel capacity of the vehicle.","[""Items.Holsters.Deployables.VehicleBase.Sandbike"",""LootTier.1"",""Loot.OldImperial"",""Items.ExcludeFromLootSystem"",""Items.NotCustomizable""]","2026-02-25 21:38:24.494667+00"
"1558","Sandbike Chassis Mk2","Defines the fuel capacity of the vehicle.","[""Items.Holsters.Deployables.VehicleBase.Sandbike"",""LootTier.2"",""Loot.OldImperial"",""Items.ExcludeFromLootSystem"",""Items.NotCustomizable""]","2026-02-25 21:38:24.494667+00"
"1559","Sandbike Chassis Mk3","Defines the fuel capacity of the vehicle.","[""Items.Holsters.Deployables.VehicleBase.Sandbike"",""LootTier.3"",""Loot.OldImperial"",""Items.ExcludeFromLootSystem"",""Items.NotCustomizable""]","2026-02-25 21:38:24.494667+00"
"1560","Sandbike Chassis Mk4","Defines the fuel capacity of the vehicle.","[""Items.Holsters.Deployables.VehicleBase.Sandbike"",""LootTier.4"",""Loot.OldImperial"",""Items.ExcludeFromLootSystem"",""Items.NotCustomizable""]","2026-02-25 21:38:24.494667+00"
"1561","Sandbike Chassis Mk5","Defines the fuel capacity of the vehicle.","[""Items.Holsters.Deployables.VehicleBase.Sandbike"",""LootTier.5"",""Loot.OldImperial"",""Items.ExcludeFromLootSystem"",""Items.NotCustomizable""]","2026-02-25 21:38:24.494667+00"
"1562","Sandbike Chassis Mk6","Defines the fuel capacity of the vehicle.","[""Items.Holsters.Deployables.VehicleBase.Sandbike"",""LootTier.6"",""Loot.OldImperial"",""Items.ExcludeFromLootSystem"",""Items.NotCustomizable""]","2026-02-25 21:38:24.494667+00"
"1563","Sandbike Chassis Mk7","Defines the fuel capacity of the vehicle.","[""Items.ExcludeFromExchange"",""Items.ExcludeFromPlayerSellingToVendor"",""Items.ExcludeFromPlayerBuyingFromVendor"",""Items.ExcludeFromLootSystem"",""Items.NotCustomizable""]","2026-02-25 21:38:24.494667+00"
"1564","Sandbike Chassis Mk8","Defines the fuel capacity of the vehicle.","[""Items.ExcludeFromExchange"",""Items.ExcludeFromPlayerSellingToVendor"",""Items.ExcludeFromPlayerBuyingFromVendor"",""Items.ExcludeFromLootSystem"",""Items.NotCustomizable""]","2026-02-25 21:38:24.494667+00"
"1565","Sandbike Chassis Mk9","Defines the fuel capacity of the vehicle.","[""Items.ExcludeFromExchange"",""Items.ExcludeFromPlayerSellingToVendor"",""Items.ExcludeFromPlayerBuyingFromVendor"",""Items.ExcludeFromLootSystem"",""Items.NotCustomizable""]","2026-02-25 21:38:24.494667+00"
"1566","Sandbike Chassis Schematic","Schematic for a Sandbike Chassis","[""Items.ExcludeFromExchange"",""Items.ExcludeFromPlayerSellingToVendor"",""Items.ExcludeFromPlayerBuyingFromVendor"",""Items.ExcludeFromLootSystem"",""Items.NotCustomizable""]","2026-02-25 21:38:24.494667+00"
"1567","Sandbike Engine Mk1","Defines the acceleration and speed of the Sandbike.","[""Items.Holsters.Deployables.VehicleBase.Sandbike"",""LootTier.1"",""Loot.OldImperial"",""Items.NotCustomizable""]","2026-02-25 21:38:24.494667+00"
"1568","Sandbike Engine Mk2","Defines the acceleration and speed of the Sandbike.","[""Items.Holsters.Deployables.VehicleBase.Sandbike"",""LootTier.2"",""Loot.OldImperial"",""Items.NotCustomizable""]","2026-02-25 21:38:24.494667+00"
"1569","Sandbike Engine Mk3","Defines the acceleration and speed of the Sandbike.","[""Items.Holsters.Deployables.VehicleBase.Sandbike"",""LootTier.3"",""Loot.OldImperial"",""Items.NotCustomizable""]","2026-02-25 21:38:24.494667+00"
"1570","Sandbike Engine Mk4","Defines the acceleration and speed of the Sandbike.","[""Items.Holsters.Deployables.VehicleBase.Sandbike"",""LootTier.4"",""Loot.OldImperial"",""Items.NotCustomizable""]","2026-02-25 21:38:24.494667+00"
"1571","Sandbike Engine Mk5","Defines the acceleration and speed of the Sandbike.","[""Items.Holsters.Deployables.VehicleBase.Sandbike"",""LootTier.5"",""Loot.OldImperial"",""Items.NotCustomizable""]","2026-02-25 21:38:24.494667+00"
"1572","Sandbike Engine Mk6","Defines the acceleration and speed of the Sandbike.","[""Items.Holsters.Deployables.VehicleBase.Sandbike"",""LootTier.6"",""Loot.OldImperial"",""Items.NotCustomizable""]","2026-02-25 21:38:24.494667+00"
"1573","Sandbike Engine Mk7","Defines the acceleration and speed of the Sandbike.","[""Items.ExcludeFromExchange"",""Items.ExcludeFromPlayerSellingToVendor"",""Items.ExcludeFromPlayerBuyingFromVendor"",""Items.ExcludeFromLootSystem"",""Items.NotCustomizable""]","2026-02-25 21:38:24.494667+00"
"1574","Sandbike Engine Mk8","Defines the acceleration and speed of the Sandbike.","[""Items.ExcludeFromExchange"",""Items.ExcludeFromPlayerSellingToVendor"",""Items.ExcludeFromPlayerBuyingFromVendor"",""Items.ExcludeFromLootSystem"",""Items.NotCustomizable""]","2026-02-25 21:38:24.494667+00"
"1575","Sandbike Engine Mk9","Defines the acceleration and speed of the Sandbike.","[""Items.ExcludeFromExchange"",""Items.ExcludeFromPlayerSellingToVendor"",""Items.ExcludeFromPlayerBuyingFromVendor"",""Items.ExcludeFromLootSystem"",""Items.NotCustomizable""]","2026-02-25 21:38:24.494667+00"
"1576","Sandbike Engine Schematic","Schematic for a Sandbike Engine","[""Items.ExcludeFromExchange"",""Items.ExcludeFromPlayerSellingToVendor"",""Items.ExcludeFromPlayerBuyingFromVendor"",""Items.ExcludeFromLootSystem"",""Items.NotCustomizable""]","2026-02-25 21:38:24.494667+00"
"1577","Sandbike Exploration Treads 2 Schematic","Specialized treads for the CHOAM Sandbike","[""Items.ExcludeFromExchange"",""Items.ExcludeFromPlayerSellingToVendor"",""Items.ExcludeFromPlayerBuyingFromVendor"",""Items.ExcludeFromLootSystem"",""Items.NotCustomizable""]","2026-02-25 21:38:24.494667+00"
"1578","Sandbike Exploration Treads 3 Schematic","Specialized treads for the CHOAM Sandbike","[""Items.ExcludeFromExchange"",""Items.ExcludeFromPlayerSellingToVendor"",""Items.ExcludeFromPlayerBuyingFromVendor"",""Items.ExcludeFromLootSystem"",""Items.NotCustomizable""]","2026-02-25 21:38:24.494667+00"
"1579","Sandbike Front Inventory","","[""Items.ExcludeFromExchange"",""Items.ExcludeFromPlayerSellingToVendor"",""Items.ExcludeFromPlayerBuyingFromVendor"",""Items.ExcludeFromLootSystem"",""Items.NotCustomizable""]","2026-02-25 21:38:24.494667+00"
"1580","Sandbike Fuel Chassis 2 Schematic","A specialized chassis for the CHOAM Sandbike","[""Items.ExcludeFromExchange"",""Items.ExcludeFromPlayerSellingToVendor"",""Items.ExcludeFromPlayerBuyingFromVendor"",""Items.ExcludeFromLootSystem"",""Items.NotCustomizable""]","2026-02-25 21:38:24.494667+00"
"1581","Sandbike Fuel Efficient Engine 2 Schematic","A fuel efficient engine for the CHOAM Sandbike","[""Items.ExcludeFromExchange"",""Items.ExcludeFromPlayerSellingToVendor"",""Items.ExcludeFromPlayerBuyingFromVendor"",""Items.ExcludeFromLootSystem"",""Items.NotCustomizable""]","2026-02-25 21:38:24.494667+00"
"1582","Sandbike Fuel Efficient Engine 3 Schematic","A fuel efficient engine for the CHOAM Sandbike","[""Items.ExcludeFromExchange"",""Items.ExcludeFromPlayerSellingToVendor"",""Items.ExcludeFromPlayerBuyingFromVendor"",""Items.ExcludeFromLootSystem"",""Items.NotCustomizable""]","2026-02-25 21:38:24.494667+00"
"1583","Sandbike Fuel Efficient PSU 3 Schematic","A fuel efficient PSU for the CHOAM Sandbike","[""Items.ExcludeFromExchange"",""Items.ExcludeFromPlayerSellingToVendor"",""Items.ExcludeFromPlayerBuyingFromVendor"",""Items.ExcludeFromLootSystem"",""Items.NotCustomizable""]","2026-02-25 21:38:24.494667+00"
"1584","Sandbike Hull Mk1","Comes with a driver seat and two utility slots.","[""Items.Holsters.Deployables.VehicleBase.Sandbike"",""LootTier.1"",""Loot.OldImperial"",""Items.ExcludeFromLootSystem"",""Items.NotCustomizable""]","2026-02-25 21:38:24.494667+00"
"1585","Sandbike Hull Mk2","Comes with a driver seat and two utility slots.","[""Items.Holsters.Deployables.VehicleBase.Sandbike"",""LootTier.2"",""Loot.OldImperial"",""Items.ExcludeFromLootSystem"",""Items.NotCustomizable""]","2026-02-25 21:38:24.494667+00"
"1586","Sandbike Hull Mk3","Comes with a driver seat and two utility slots.","[""Items.Holsters.Deployables.VehicleBase.Sandbike"",""LootTier.3"",""Loot.OldImperial"",""Items.ExcludeFromLootSystem"",""Items.NotCustomizable""]","2026-02-25 21:38:24.494667+00"
"1587","Sandbike Hull Mk4","Comes with a driver seat and two utility slots.","[""Items.Holsters.Deployables.VehicleBase.Sandbike"",""LootTier.4"",""Loot.OldImperial"",""Items.ExcludeFromLootSystem"",""Items.NotCustomizable""]","2026-02-25 21:38:24.494667+00"
"1588","Sandbike Hull Mk5","Comes with a driver seat and two utility slots.","[""Items.Holsters.Deployables.VehicleBase.Sandbike"",""LootTier.5"",""Loot.OldImperial"",""Items.ExcludeFromLootSystem"",""Items.NotCustomizable""]","2026-02-25 21:38:24.494667+00"
"1589","Sandbike Hull Mk6","Comes with a driver seat and two utility slots.","[""Items.Holsters.Deployables.VehicleBase.Sandbike"",""LootTier.6"",""Loot.OldImperial"",""Items.ExcludeFromLootSystem"",""Items.NotCustomizable""]","2026-02-25 21:38:24.494667+00"
"1590","Sandbike Hull Mk7","Comes with a driver seat and two utility slots.","[""Items.ExcludeFromExchange"",""Items.ExcludeFromPlayerSellingToVendor"",""Items.ExcludeFromPlayerBuyingFromVendor"",""Items.ExcludeFromLootSystem"",""Items.NotCustomizable""]","2026-02-25 21:38:24.494667+00"
"1591","Sandbike Hull Mk8","Comes with a driver seat and two utility slots.","[""Items.ExcludeFromExchange"",""Items.ExcludeFromPlayerSellingToVendor"",""Items.ExcludeFromPlayerBuyingFromVendor"",""Items.ExcludeFromLootSystem"",""Items.NotCustomizable""]","2026-02-25 21:38:24.494667+00"
"1592","Sandbike Hull Mk9","Comes with a driver seat and two utility slots.","[""Items.ExcludeFromExchange"",""Items.ExcludeFromPlayerSellingToVendor"",""Items.ExcludeFromPlayerBuyingFromVendor"",""Items.ExcludeFromLootSystem"",""Items.NotCustomizable""]","2026-02-25 21:38:24.494667+00"
"1593","Sandbike Inventory 7","Adds inventory space to the Sandbike.","[""Items.ExcludeFromExchange"",""Items.ExcludeFromPlayerSellingToVendor"",""Items.ExcludeFromPlayerBuyingFromVendor"",""Items.ExcludeFromLootSystem"",""Items.NotCustomizable""]","2026-02-25 21:38:24.494667+00"
"1594","Sandbike Inventory 8","Adds inventory space to the Sandbike.","[""Items.ExcludeFromExchange"",""Items.ExcludeFromPlayerSellingToVendor"",""Items.ExcludeFromPlayerBuyingFromVendor"",""Items.ExcludeFromLootSystem"",""Items.NotCustomizable""]","2026-02-25 21:38:24.494667+00"
"1595","Sandbike Inventory 9","Adds inventory space to the Sandbike.","[""Items.ExcludeFromExchange"",""Items.ExcludeFromPlayerSellingToVendor"",""Items.ExcludeFromPlayerBuyingFromVendor"",""Items.ExcludeFromLootSystem"",""Items.NotCustomizable""]","2026-02-25 21:38:24.494667+00"
"1596","Sandbike Inventory Mk1","Adds inventory space to the Sandbike.","[""Items.Holsters.Deployables.VehicleExtra.Sandbike"",""LootTier.1"",""Loot.OldImperial"",""Items.ExcludeFromLootSystem"",""Items.NotCustomizable""]","2026-02-25 21:38:24.494667+00"
"1597","Sandbike Inventory Mk2","Adds inventory space to the Sandbike.","[""Items.Holsters.Deployables.VehicleExtra.Sandbike"",""LootTier.2"",""Loot.OldImperial"",""Items.ExcludeFromLootSystem"",""Items.NotCustomizable""]","2026-02-25 21:38:24.494667+00"
"1598","Sandbike Inventory Mk6","Adds inventory space to the Sandbike.","[""Items.ExcludeFromExchange"",""Items.ExcludeFromPlayerSellingToVendor"",""Items.ExcludeFromPlayerBuyingFromVendor"",""Items.ExcludeFromLootSystem"",""Items.NotCustomizable""]","2026-02-25 21:38:24.494667+00"
"1599","Sandbike Miniature","","[""Items.Consumables.BuildableSets"",""Items.ExcludeFromLootSystem"",""Items.ExcludeFromExchange""]","2026-02-25 21:38:24.494667+00"
"1600","Sandbike Mounted Dart Gun","","[""Items.ExcludeFromExchange"",""Items.ExcludeFromPlayerSellingToVendor"",""Items.ExcludeFromPlayerBuyingFromVendor"",""Items.ExcludeFromLootSystem"",""Items.NotCustomizable""]","2026-02-25 21:38:24.494667+00"
"1601","Sandbike Painting","","[""Items.Consumables.BuildableSets"",""Items.ExcludeFromLootSystem"",""Items.ExcludeFromExchange""]","2026-02-25 21:38:24.494667+00"
"1602","Sandbike Passenger Seat Schematic","Schematic for a Sandbike Passenger Seat","[""Items.ExcludeFromExchange"",""Items.ExcludeFromPlayerSellingToVendor"",""Items.ExcludeFromPlayerBuyingFromVendor"",""Items.ExcludeFromLootSystem"",""Items.NotCustomizable""]","2026-02-25 21:38:24.494667+00"
"1603","Sandbike Performance Treads 2 Schematic","Specialized treads for the CHOAM Sandbike","[""Items.ExcludeFromExchange"",""Items.ExcludeFromPlayerSellingToVendor"",""Items.ExcludeFromPlayerBuyingFromVendor"",""Items.ExcludeFromLootSystem"",""Items.NotCustomizable""]","2026-02-25 21:38:24.494667+00"
"1604","Sandbike PSU Schematic","Schematic for a Sandbike  Power Supply Unit","[""Items.ExcludeFromExchange"",""Items.ExcludeFromPlayerSellingToVendor"",""Items.ExcludeFromPlayerBuyingFromVendor"",""Items.ExcludeFromLootSystem"",""Items.NotCustomizable""]","2026-02-25 21:38:24.494667+00"
"1605","Sandbike PSU Mk1","Defines power efficiency and controls temperature.","[""Items.Holsters.Deployables.VehicleBase.Sandbike"",""LootTier.1"",""Loot.OldImperial"",""Items.NotCustomizable""]","2026-02-25 21:38:24.494667+00"
"1606","Sandbike PSU Mk2","Defines power efficiency and controls temperature.","[""Items.Holsters.Deployables.VehicleBase.Sandbike"",""LootTier.2"",""Loot.OldImperial"",""Items.NotCustomizable""]","2026-02-25 21:38:24.494667+00"
"1607","Sandbike PSU Mk3","Defines power efficiency and controls temperature.","[""Items.Holsters.Deployables.VehicleBase.Sandbike"",""LootTier.3"",""Loot.OldImperial"",""Items.NotCustomizable""]","2026-02-25 21:38:24.494667+00"
"1608","Sandbike PSU Mk4","Defines power efficiency and controls temperature.","[""Items.Holsters.Deployables.VehicleBase.Sandbike"",""LootTier.4"",""Loot.OldImperial"",""Items.NotCustomizable""]","2026-02-25 21:38:24.494667+00"
"1609","Sandbike PSU Mk5","Defines power efficiency and controls temperature.","[""Items.Holsters.Deployables.VehicleBase.Sandbike"",""LootTier.5"",""Loot.OldImperial"",""Items.NotCustomizable""]","2026-02-25 21:38:24.494667+00"
"1610","Sandbike PSU Mk6","Defines power efficiency and controls temperature.","[""Items.Holsters.Deployables.VehicleBase.Sandbike"",""LootTier.6"",""Loot.OldImperial"",""Items.NotCustomizable""]","2026-02-25 21:38:24.494667+00"
"1611","Sandbike PSU Mk7","Defines power efficiency and controls temperature.","[""Items.ExcludeFromExchange"",""Items.ExcludeFromPlayerSellingToVendor"",""Items.ExcludeFromPlayerBuyingFromVendor"",""Items.ExcludeFromLootSystem"",""Items.NotCustomizable""]","2026-02-25 21:38:24.494667+00"
"1612","Sandbike PSU Mk8","Defines power efficiency and controls temperature.","[""Items.ExcludeFromExchange"",""Items.ExcludeFromPlayerSellingToVendor"",""Items.ExcludeFromPlayerBuyingFromVendor"",""Items.ExcludeFromLootSystem"",""Items.NotCustomizable""]","2026-02-25 21:38:24.494667+00"
"1613","Sandbike PSU Mk9","Defines power efficiency and controls temperature.","[""Items.ExcludeFromExchange"",""Items.ExcludeFromPlayerSellingToVendor"",""Items.ExcludeFromPlayerBuyingFromVendor"",""Items.ExcludeFromLootSystem"",""Items.NotCustomizable""]","2026-02-25 21:38:24.494667+00"
"1614","Sandbike Scanner Mk1","Adds a scan ability to the Sandbike.","[""Items.ExcludeFromExchange"",""Items.ExcludeFromPlayerSellingToVendor"",""Items.ExcludeFromPlayerBuyingFromVendor"",""Items.ExcludeFromLootSystem"",""Items.NotCustomizable""]","2026-02-25 21:38:24.494667+00"
"1615","Sandbike Scanner Mk2","Adds a scan ability to the Sandbike.","[""Items.Holsters.Deployables.VehicleExtra.Sandbike"",""LootTier.2"",""Loot.OldImperial"",""Items.NotCustomizable""]","2026-02-25 21:38:24.494667+00"
"1616","Sandbike Scanner Mk3","Adds a scan ability to the Sandbike.","[""Items.ExcludeFromExchange"",""Items.ExcludeFromPlayerSellingToVendor"",""Items.ExcludeFromPlayerBuyingFromVendor"",""Items.ExcludeFromLootSystem"",""Items.NotCustomizable""]","2026-02-25 21:38:24.494667+00"
"1617","Sandbike Scanner Mk4","Adds a scan ability to the Sandbike.","[""Items.ExcludeFromExchange"",""Items.ExcludeFromPlayerSellingToVendor"",""Items.ExcludeFromPlayerBuyingFromVendor"",""Items.ExcludeFromLootSystem"",""Items.NotCustomizable""]","2026-02-25 21:38:24.494667+00"
"1618","Sandbike Scanner Mk5","Adds a scan ability to the Sandbike.","[""Items.ExcludeFromExchange"",""Items.ExcludeFromPlayerSellingToVendor"",""Items.ExcludeFromPlayerBuyingFromVendor"",""Items.ExcludeFromLootSystem"",""Items.NotCustomizable""]","2026-02-25 21:38:24.494667+00"
"1619","Sandbike Scanner Mk6","Adds a scan ability to the Sandbike.","[""Items.ExcludeFromExchange"",""Items.ExcludeFromPlayerSellingToVendor"",""Items.ExcludeFromPlayerBuyingFromVendor"",""Items.ExcludeFromLootSystem"",""Items.NotCustomizable""]","2026-02-25 21:38:24.494667+00"
"1620","Sandbike Scanner Mk7","Adds a scan ability to the Sandbike.","[""Items.ExcludeFromExchange"",""Items.ExcludeFromPlayerSellingToVendor"",""Items.ExcludeFromPlayerBuyingFromVendor"",""Items.ExcludeFromLootSystem"",""Items.NotCustomizable""]","2026-02-25 21:38:24.494667+00"
"1621","Sandbike Scanner Mk8","Adds a scan ability to the Sandbike.","[""Items.ExcludeFromExchange"",""Items.ExcludeFromPlayerSellingToVendor"",""Items.ExcludeFromPlayerBuyingFromVendor"",""Items.ExcludeFromLootSystem"",""Items.NotCustomizable""]","2026-02-25 21:38:24.494667+00"
"1622","Sandbike Scanner Mk9","Adds a scan ability to the Sandbike.","[""Items.ExcludeFromExchange"",""Items.ExcludeFromPlayerSellingToVendor"",""Items.ExcludeFromPlayerBuyingFromVendor"",""Items.ExcludeFromLootSystem"",""Items.NotCustomizable""]","2026-02-25 21:38:24.494667+00"
"1623","Sandbike Scanner Schematic","A scanner module for the CHOAM Sandbike","[""Items.ExcludeFromExchange"",""Items.ExcludeFromPlayerSellingToVendor"",""Items.ExcludeFromPlayerBuyingFromVendor"",""Items.ExcludeFromLootSystem"",""Items.NotCustomizable""]","2026-02-25 21:38:24.494667+00"
"2025","Steady Carrier Boost Module Mk6 Schematic","Schematic for a modified boost that sacrifices speed for range.","[""Items.Schematics.Deployables.VehicleExtra.TransportOrniCHOAM"",""LootTier.6"",""Rarity.Rare"",""LootPool.3""]","2026-02-25 21:38:24.494667+00"
"1624","Sandbike Speed Engine 2 Schematic","A speed focused engine for the CHOAM Sandbike","[""Items.ExcludeFromExchange"",""Items.ExcludeFromPlayerSellingToVendor"",""Items.ExcludeFromPlayerBuyingFromVendor"",""Items.ExcludeFromLootSystem"",""Items.NotCustomizable""]","2026-02-25 21:38:24.494667+00"
"1625","Sandbike Stealth Chassis 2 Schematic","A specialized chassis for the CHOAM Sandbike","[""Items.ExcludeFromExchange"",""Items.ExcludeFromPlayerSellingToVendor"",""Items.ExcludeFromPlayerBuyingFromVendor"",""Items.ExcludeFromLootSystem"",""Items.NotCustomizable""]","2026-02-25 21:38:24.494667+00"
"1626","Sandbike Stealth Engine 2 Schematic","A specialized engine for the CHOAM Sandbike","[""Items.ExcludeFromExchange"",""Items.ExcludeFromPlayerSellingToVendor"",""Items.ExcludeFromPlayerBuyingFromVendor"",""Items.ExcludeFromLootSystem"",""Items.NotCustomizable""]","2026-02-25 21:38:24.494667+00"
"1627","Sandbike Storage Unit Schematic","Schematic for a Sandbike Storage Unit","[""Items.ExcludeFromExchange"",""Items.ExcludeFromPlayerSellingToVendor"",""Items.ExcludeFromPlayerBuyingFromVendor"",""Items.ExcludeFromLootSystem"",""Items.NotCustomizable""]","2026-02-25 21:38:24.494667+00"
"1628","Sandbike Tread 7","Defines the grip of the Sandbike.","[""Items.ExcludeFromExchange"",""Items.ExcludeFromPlayerSellingToVendor"",""Items.ExcludeFromPlayerBuyingFromVendor"",""Items.ExcludeFromLootSystem"",""Items.NotCustomizable""]","2026-02-25 21:38:24.494667+00"
"1629","Sandbike Tread 8","Defines the grip of the Sandbike.","[""Items.ExcludeFromExchange"",""Items.ExcludeFromPlayerSellingToVendor"",""Items.ExcludeFromPlayerBuyingFromVendor"",""Items.ExcludeFromLootSystem"",""Items.NotCustomizable""]","2026-02-25 21:38:24.494667+00"
"1630","Sandbike Tread 9","Defines the grip of the Sandbike.","[""Items.ExcludeFromExchange"",""Items.ExcludeFromPlayerSellingToVendor"",""Items.ExcludeFromPlayerBuyingFromVendor"",""Items.ExcludeFromLootSystem"",""Items.NotCustomizable""]","2026-02-25 21:38:24.494667+00"
"1631","Sandbike Tread Mk1","Defines the grip of the Sandbike.","[""Items.Holsters.Deployables.VehicleBase.Sandbike"",""LootTier.1"",""Loot.OldImperial"",""Items.NotCustomizable""]","2026-02-25 21:38:24.494667+00"
"1632","Sandbike Tread Mk2","Defines the grip of the Sandbike.","[""Items.Holsters.Deployables.VehicleBase.Sandbike"",""LootTier.2"",""Loot.OldImperial"",""Items.NotCustomizable""]","2026-02-25 21:38:24.494667+00"
"1633","Sandbike Tread Mk3","Defines the grip of the Sandbike.","[""Items.Holsters.Deployables.VehicleBase.Sandbike"",""LootTier.3"",""Loot.OldImperial"",""Items.NotCustomizable""]","2026-02-25 21:38:24.494667+00"
"1634","Sandbike Tread Mk4","Defines the grip of the Sandbike.","[""Items.Holsters.Deployables.VehicleBase.Sandbike"",""LootTier.4"",""Loot.OldImperial"",""Items.NotCustomizable""]","2026-02-25 21:38:24.494667+00"
"1635","Sandbike Tread Mk5","Defines the grip of the Sandbike.","[""Items.Holsters.Deployables.VehicleBase.Sandbike"",""LootTier.5"",""Loot.OldImperial"",""Items.NotCustomizable""]","2026-02-25 21:38:24.494667+00"
"1636","Sandbike Tread Mk6","Defines the grip of the Sandbike.","[""Items.Holsters.Deployables.VehicleBase.Sandbike"",""LootTier.6"",""Loot.OldImperial"",""Items.NotCustomizable""]","2026-02-25 21:38:24.494667+00"
"1637","Sandbike Windshield Schematic","A windshield for the CHOAM Sandbike","[""Items.ExcludeFromExchange"",""Items.ExcludeFromPlayerSellingToVendor"",""Items.ExcludeFromPlayerBuyingFromVendor"",""Items.ExcludeFromLootSystem"",""Items.NotCustomizable""]","2026-02-25 21:38:24.494667+00"
"1638","SandbikeChoamPSUFuelEfficient2 Schematic","Sandbike Tier 2 module","[""Items.ExcludeFromExchange"",""Items.ExcludeFromPlayerSellingToVendor"",""Items.ExcludeFromPlayerBuyingFromVendor"",""Items.ExcludeFromLootSystem"",""Items.NotCustomizable""]","2026-02-25 21:38:24.494667+00"
"1639","SandbikeLeathers Schematic","Learnable Schematic","[""Items.ExcludeFromExchange"",""Items.ExcludeFromPlayerSellingToVendor"",""Items.ExcludeFromPlayerBuyingFromVendor"",""Items.ExcludeFromLootSystem"",""Items.NotCustomizable""]","2026-02-25 21:38:24.494667+00"
"1640","Sandcrawler Body Schematic","Schematic for a Sandcrawler Body","[""Items.ExcludeFromExchange"",""Items.ExcludeFromPlayerSellingToVendor"",""Items.ExcludeFromPlayerBuyingFromVendor"",""Items.ExcludeFromLootSystem"",""Items.NotCustomizable""]","2026-02-25 21:38:24.494667+00"
"1641","Sandcrawler Cabin Mk6","Comes with a driver and a passenger seat.","[""Items.Holsters.Deployables.VehicleBase.SandcrawlerCHOAM"",""LootTier.6"",""Loot.OldImperial"",""Items.ExcludeFromLootSystem"",""Items.NotCustomizable""]","2026-02-25 21:38:24.494667+00"
"1642","Sandcrawler Cabin Mk7","Comes with a driver and a passenger seat.","[""Items.ExcludeFromExchange"",""Items.ExcludeFromPlayerSellingToVendor"",""Items.ExcludeFromPlayerBuyingFromVendor"",""Items.ExcludeFromLootSystem"",""Items.NotCustomizable""]","2026-02-25 21:38:24.494667+00"
"1643","Sandcrawler Centrifuge Mk6","Adds spice harvesting container to the Sandcrawler.","[""Items.Holsters.Deployables.VehicleBase.SandcrawlerCHOAM"",""LootTier.6"",""Loot.OldImperial"",""Items.ExcludeFromLootSystem"",""Items.NotCustomizable""]","2026-02-25 21:38:24.494667+00"
"1644","Sandcrawler Centrifuge Mk7","Adds spice harvesting container to the Sandcrawler.","[""Items.ExcludeFromExchange"",""Items.ExcludeFromPlayerSellingToVendor"",""Items.ExcludeFromPlayerBuyingFromVendor"",""Items.ExcludeFromLootSystem"",""Items.NotCustomizable""]","2026-02-25 21:38:24.494667+00"
"1645","Sandcrawler Chassis Mk6","Defines the fuel capacity of the vehicle.","[""Items.Holsters.Deployables.VehicleBase.SandcrawlerCHOAM"",""LootTier.6"",""Loot.OldImperial"",""Items.ExcludeFromLootSystem"",""Items.NotCustomizable""]","2026-02-25 21:38:24.494667+00"
"1646","Sandcrawler Chassis Mk7","Defines the fuel capacity of the vehicle.","[""Items.ExcludeFromExchange"",""Items.ExcludeFromPlayerSellingToVendor"",""Items.ExcludeFromPlayerBuyingFromVendor"",""Items.ExcludeFromLootSystem"",""Items.NotCustomizable""]","2026-02-25 21:38:24.494667+00"
"1647","Sandcrawler Engine Mk6","Defines the acceleration and speed of the Sandcrawler.","[""Items.Holsters.Deployables.VehicleBase.SandcrawlerCHOAM"",""LootTier.6"",""Loot.OldImperial"",""Items.NotCustomizable""]","2026-02-25 21:38:24.494667+00"
"1648","Sandcrawler Engine Mk7","Defines the acceleration and speed of the Sandcrawler.","[""Items.ExcludeFromExchange"",""Items.ExcludeFromPlayerSellingToVendor"",""Items.ExcludeFromPlayerBuyingFromVendor"",""Items.ExcludeFromLootSystem"",""Items.NotCustomizable""]","2026-02-25 21:38:24.494667+00"
"1649","Sandcrawler Engine Schematic","Schematic for a Sandcrawler Engine","[""Items.ExcludeFromExchange"",""Items.ExcludeFromPlayerSellingToVendor"",""Items.ExcludeFromPlayerBuyingFromVendor"",""Items.ExcludeFromLootSystem"",""Items.NotCustomizable""]","2026-02-25 21:38:24.494667+00"
"1650","Sandcrawler Harvesting Front Schematic","Schematic for a Sandcrawler Harvesting Front","[""Items.ExcludeFromExchange"",""Items.ExcludeFromPlayerSellingToVendor"",""Items.ExcludeFromPlayerBuyingFromVendor"",""Items.ExcludeFromLootSystem"",""Items.NotCustomizable""]","2026-02-25 21:38:24.494667+00"
"1651","Sandcrawler Passenger Cabin Schematic","Schematic for a Sandcrawler Passenger Cabin","[""Items.ExcludeFromExchange"",""Items.ExcludeFromPlayerSellingToVendor"",""Items.ExcludeFromPlayerBuyingFromVendor"",""Items.ExcludeFromLootSystem"",""Items.NotCustomizable""]","2026-02-25 21:38:24.494667+00"
"1652","Sandcrawler PSU Mk6","Defines power efficiency and controls temperature.","[""Items.Holsters.Deployables.VehicleBase.SandcrawlerCHOAM"",""LootTier.6"",""Loot.OldImperial"",""Items.NotCustomizable""]","2026-02-25 21:38:24.494667+00"
"1653","Sandcrawler PSU Mk7","Defines power efficiency and controls temperature.","[""Items.ExcludeFromExchange"",""Items.ExcludeFromPlayerSellingToVendor"",""Items.ExcludeFromPlayerBuyingFromVendor"",""Items.ExcludeFromLootSystem"",""Items.NotCustomizable""]","2026-02-25 21:38:24.494667+00"
"1654","Sandcrawler Tread Mk6","Defines the grip of the Sandcrawler.","[""Items.Holsters.Deployables.VehicleBase.SandcrawlerCHOAM"",""LootTier.6"",""Loot.OldImperial"",""Items.ExcludeFromLootSystem"",""Items.NotCustomizable""]","2026-02-25 21:38:24.494667+00"
"1655","Sandcrawler Tread Mk7","Defines the grip of the Sandcrawler.","[""Items.ExcludeFromExchange"",""Items.ExcludeFromPlayerSellingToVendor"",""Items.ExcludeFromPlayerBuyingFromVendor"",""Items.ExcludeFromLootSystem"",""Items.NotCustomizable""]","2026-02-25 21:38:24.494667+00"
"1656","Sandcrawler Treads  Schematic","Schematic for Sandcrawler Treads","[""Items.ExcludeFromExchange"",""Items.ExcludeFromPlayerSellingToVendor"",""Items.ExcludeFromPlayerBuyingFromVendor"",""Items.ExcludeFromLootSystem"",""Items.NotCustomizable""]","2026-02-25 21:38:24.494667+00"
"1657","Sandcrawler Vacuum Mk6","Adds a spice harvesting header to the Sandcrawler.","[""Items.Holsters.Deployables.VehicleBase.SandcrawlerCHOAM"",""LootTier.6"",""Loot.OldImperial"",""Items.ExcludeFromLootSystem"",""Items.NotCustomizable""]","2026-02-25 21:38:24.494667+00"
"1658","Sandcrawler Vacuum Mk6","Adds a spice harvesting header to the Sandcrawler.","[""Items.ExcludeFromExchange"",""Items.ExcludeFromPlayerSellingToVendor"",""Items.ExcludeFromPlayerBuyingFromVendor"",""Items.ExcludeFromLootSystem"",""Items.NotCustomizable""]","2026-02-25 21:38:24.494667+00"
"1659","Sandcrawler Schematic","Schematic for a Sandcrawler","[""Items.ExcludeFromExchange"",""Items.ExcludeFromPlayerSellingToVendor"",""Items.ExcludeFromPlayerBuyingFromVendor"",""Items.ExcludeFromLootSystem"",""Items.NotCustomizable""]","2026-02-25 21:38:24.494667+00"
"1660","Sandflies Carver","An industrial cutteray tuned for better aluminum yields.","[""Items.Holsters.GatheringTools.Cutteray"",""LootTier.4"",""Rarity.Rare"",""Items.NotCustomizable""]","2026-02-25 21:38:24.494667+00"
"1661","Sandflies Carver Schematic","Schematic for an industrial cutteray tuned for better aluminum yields.","[""Items.Schematics.GatheringTools.Cutteray"",""LootTier.4"",""Rarity.Rare"",""LootPool.4""]","2026-02-25 21:38:24.494667+00"
"1662","Sandflies Transponder","A Communinet transponder","[""Contract.Target.Item"",""Items.ExcludeFromExchange"",""Items.Contract""]","2026-02-25 21:38:24.494667+00"
"1663","Sandtrout Leathers","A fabrication component found in loot.","[""Items.CraftedResources"",""LootTier.4"",""Loot.Component"",""Items.ExcludeFromLootSystem""]","2026-02-25 21:38:24.494667+00"
"1664","Sandworm Miniature","","[""Items.Consumables.BuildableSets"",""Items.ExcludeFromLootSystem"",""Items.ExcludeFromExchange""]","2026-02-25 21:38:24.494667+00"
"1665","Sandworm Statue","","[""Items.Consumables.BuildableSets"",""Items.ExcludeFromLootSystem"",""Items.ExcludeFromExchange""]","2026-02-25 21:38:24.494667+00"
"1666","Sapho Juice","Increases mentat trance speed.","[""Items.Consumables.SaphoJuice"",""LootTier.0"",""Items.NotCustomizable""]","2026-02-25 21:38:24.494667+00"
"1667","Sardaukar Dagger","Sardaukar Dagger short desc","[""Items.Holsters.MeleeWeapons.Knife.Dirk"",""Items.ExcludeFromLootSystem"",""Items.ExcludeFromPlayerSellingToVendor"",""Items.ExcludeFromExchange"",""Items.ExcludeFromPlayerBuyingFromVendor""]","2026-02-25 21:38:24.494667+00"
"1668","Sardaukar Intimidator","A modified disruptor that uses heavy darts.","[""Items.Holsters.RangedWeapons.Light.SMG"",""LootTier.6"",""Rarity.Rare""]","2026-02-25 21:38:24.494667+00"
"1669","Sardaukar Intimidator Schematic","Schematic for a modified Disruptor that uses heavy darts.","[""Items.Schematics.RangedWeapons.Light.Rifle"",""LootTier.6"",""Rarity.Rare"",""LootPool.2""]","2026-02-25 21:38:24.494667+00"
"1670","Saturnine Stillsuit Boots","Stillsuit boots made of durable materials.","[""Items.Clothes.Stillsuit.Feet"",""LootTier.5"",""Rarity.Rare""]","2026-02-25 21:38:24.494667+00"
"1671","Saturnine Stillsuit Boots Schematic","Schematic for stillsuit boots made of durable materials.","[""Items.Schematics.Clothes.Stillsuit"",""LootTier.5"",""Rarity.Rare"",""LootPool.2""]","2026-02-25 21:38:24.494667+00"
"1672","Saturnine Stillsuit Garment","A stillsuit garment made of durable materials.","[""Items.Clothes.Stillsuit.Torso"",""LootTier.5"",""Rarity.Rare""]","2026-02-25 21:38:24.494667+00"
"1673","Saturnine Stillsuit Garment Schematic","Schematic for a stillsuit garment made of durable materials.","[""Items.Schematics.Clothes.Stillsuit"",""LootTier.5"",""Rarity.Rare"",""LootPool.2""]","2026-02-25 21:38:24.494667+00"
"1674","Saturnine Stillsuit Gloves","Stillsuit gloves made of durable materials.","[""Items.Clothes.Stillsuit.Hands"",""LootTier.5"",""Rarity.Rare""]","2026-02-25 21:38:24.494667+00"
"1675","Saturnine Stillsuit Gloves Schematic","Schematic for stillsuit gloves made of durable materials.","[""Items.Schematics.Clothes.Stillsuit"",""LootTier.5"",""Rarity.Rare"",""LootPool.2""]","2026-02-25 21:38:24.494667+00"
"1676","Saturnine Stillsuit Mask","Stillsuit mask made of durable materials.","[""Items.Clothes.Stillsuit.Head"",""LootTier.5"",""Rarity.Rare""]","2026-02-25 21:38:24.494667+00"
"1677","Saturnine Stillsuit Mask Schematic","Schematic for a stillsuit mask made of durable materials.","[""Items.Schematics.Clothes.Stillsuit"",""LootTier.5"",""Rarity.Rare"",""LootPool.2""]","2026-02-25 21:38:24.494667+00"
"1678","Savoy & Mirt M11 Burst Modifier Schematic","Schematic for a Savoy & Mirt M11 Burst Modifier","[""Items.ExcludeFromExchange"",""Items.ExcludeFromPlayerSellingToVendor"",""Items.ExcludeFromPlayerBuyingFromVendor"",""Items.ExcludeFromLootSystem"",""Items.NotCustomizable""]","2026-02-25 21:38:24.494667+00"
"1679","Savoy & Mirt M11 Combat Sight Schematic","Schematic for a Savoy & Mirt M11 Combat Sight","[""Items.ExcludeFromExchange"",""Items.ExcludeFromPlayerSellingToVendor"",""Items.ExcludeFromPlayerBuyingFromVendor"",""Items.ExcludeFromLootSystem"",""Items.NotCustomizable""]","2026-02-25 21:38:24.494667+00"
"1680","Savoy & Mirt M11 Disruptor Schematic","Schematic for a Savoy & Mirt M11 Disruptor","[""Items.ExcludeFromExchange"",""Items.ExcludeFromPlayerSellingToVendor"",""Items.ExcludeFromPlayerBuyingFromVendor"",""Items.ExcludeFromLootSystem"",""Items.NotCustomizable""]","2026-02-25 21:38:24.494667+00"
"1681","Savoy & Mirt M11 Fire Igniter Schematic","Fire igniter attachment for Savoy & Mirt M11","[""Items.ExcludeFromExchange"",""Items.ExcludeFromPlayerSellingToVendor"",""Items.ExcludeFromPlayerBuyingFromVendor"",""Items.ExcludeFromLootSystem"",""Items.NotCustomizable""]","2026-02-25 21:38:24.494667+00"
"1682","Savoy & Mirt M11 MK II Disruptor Schematic","Rapid fire disruptor","[""Items.ExcludeFromExchange"",""Items.ExcludeFromPlayerSellingToVendor"",""Items.ExcludeFromPlayerBuyingFromVendor"",""Items.ExcludeFromLootSystem"",""Items.NotCustomizable""]","2026-02-25 21:38:24.494667+00"
"1683","Savoy & Mirt M11 MK III Disruptor Schematic","Rapid fire disruptor","[""Items.ExcludeFromExchange"",""Items.ExcludeFromPlayerSellingToVendor"",""Items.ExcludeFromPlayerBuyingFromVendor"",""Items.ExcludeFromLootSystem"",""Items.NotCustomizable""]","2026-02-25 21:38:24.494667+00"
"1684","Savoy & Mirt M11 MK l Disruptor Schematic","Schematic for a rapid fire submachine gun","[""Items.ExcludeFromExchange"",""Items.ExcludeFromPlayerSellingToVendor"",""Items.ExcludeFromPlayerBuyingFromVendor"",""Items.ExcludeFromLootSystem"",""Items.NotCustomizable""]","2026-02-25 21:38:24.494667+00"
"1685","Savoy & Mirt M11 Poison Coater Schematic","Schematic for a Savoy & Mirt M11 Poison Coater","[""Items.ExcludeFromExchange"",""Items.ExcludeFromPlayerSellingToVendor"",""Items.ExcludeFromPlayerBuyingFromVendor"",""Items.ExcludeFromLootSystem"",""Items.NotCustomizable""]","2026-02-25 21:38:24.494667+00"
"1686","Savoy & Mirt M11 Quick Loader Schematic","Quick loader for the Savoy & Mirt M11","[""Items.ExcludeFromExchange"",""Items.ExcludeFromPlayerSellingToVendor"",""Items.ExcludeFromPlayerBuyingFromVendor"",""Items.ExcludeFromLootSystem"",""Items.NotCustomizable""]","2026-02-25 21:38:24.494667+00"
"1687","Scanner Analysis Mod Schematic","Allows analysis on modified scanners","[""Items.ExcludeFromExchange"",""Items.ExcludeFromPlayerSellingToVendor"",""Items.ExcludeFromPlayerBuyingFromVendor"",""Items.ExcludeFromLootSystem"",""Items.NotCustomizable""]","2026-02-25 21:38:24.494667+00"
"1688","Scanner Bio Mod (Ammo) Schematic","Scanner bio mod for the ammo slot","[""Items.ExcludeFromExchange"",""Items.ExcludeFromPlayerSellingToVendor"",""Items.ExcludeFromPlayerBuyingFromVendor"",""Items.ExcludeFromLootSystem"",""Items.NotCustomizable""]","2026-02-25 21:38:24.494667+00"
"1689","Scanner Bio Mod (Barrel) Schematic","Scanner bio mod for the barrel slot","[""Items.ExcludeFromExchange"",""Items.ExcludeFromPlayerSellingToVendor"",""Items.ExcludeFromPlayerBuyingFromVendor"",""Items.ExcludeFromLootSystem"",""Items.NotCustomizable""]","2026-02-25 21:38:24.494667+00"
"1690","Scanner Bio Mod (Scope) Schematic","Scanner bio mod for the scope slot","[""Items.ExcludeFromExchange"",""Items.ExcludeFromPlayerSellingToVendor"",""Items.ExcludeFromPlayerBuyingFromVendor"",""Items.ExcludeFromLootSystem"",""Items.NotCustomizable""]","2026-02-25 21:38:24.494667+00"
"1691","Scanner Chem Mod (Ammo) Schematic","Scanner chem mod for the ammo slot","[""Items.ExcludeFromExchange"",""Items.ExcludeFromPlayerSellingToVendor"",""Items.ExcludeFromPlayerBuyingFromVendor"",""Items.ExcludeFromLootSystem"",""Items.NotCustomizable""]","2026-02-25 21:38:24.494667+00"
"1692","Scanner Chem Mod (Barrel) Schematic","Scanner chem mod for the barrel slot","[""Items.ExcludeFromExchange"",""Items.ExcludeFromPlayerSellingToVendor"",""Items.ExcludeFromPlayerBuyingFromVendor"",""Items.ExcludeFromLootSystem"",""Items.NotCustomizable""]","2026-02-25 21:38:24.494667+00"
"1693","Scanner Chem Mod (Scope) Schematic","Scanner chem mod for the scope slot","[""Items.ExcludeFromExchange"",""Items.ExcludeFromPlayerSellingToVendor"",""Items.ExcludeFromPlayerBuyingFromVendor"",""Items.ExcludeFromLootSystem"",""Items.NotCustomizable""]","2026-02-25 21:38:24.494667+00"
"1694","Scanner Probe Launcher Schematic","Allows scanners to fire survey probes","[""Items.ExcludeFromExchange"",""Items.ExcludeFromPlayerSellingToVendor"",""Items.ExcludeFromPlayerBuyingFromVendor"",""Items.ExcludeFromLootSystem"",""Items.NotCustomizable""]","2026-02-25 21:38:24.494667+00"
"1695","Scanner Tech Mod (Ammo) Schematic","Scanner tech mod for the ammo slot","[""Items.ExcludeFromExchange"",""Items.ExcludeFromPlayerSellingToVendor"",""Items.ExcludeFromPlayerBuyingFromVendor"",""Items.ExcludeFromLootSystem"",""Items.NotCustomizable""]","2026-02-25 21:38:24.494667+00"
"1696","Scanner Tech Mod (Barrel) Schematic","Scanner tech mod for the barrel slot","[""Items.ExcludeFromExchange"",""Items.ExcludeFromPlayerSellingToVendor"",""Items.ExcludeFromPlayerBuyingFromVendor"",""Items.ExcludeFromLootSystem"",""Items.NotCustomizable""]","2026-02-25 21:38:24.494667+00"
"1697","Scanner Tech Mod (Scope) Schematic","Scanner tech mod for the scope slot","[""Items.ExcludeFromExchange"",""Items.ExcludeFromPlayerSellingToVendor"",""Items.ExcludeFromPlayerBuyingFromVendor"",""Items.ExcludeFromLootSystem"",""Items.NotCustomizable""]","2026-02-25 21:38:24.494667+00"
"1698","Scatter Gun - Explosive Barrel Schematic","Learnable Schematic","[""Items.ExcludeFromExchange"",""Items.ExcludeFromPlayerSellingToVendor"",""Items.ExcludeFromPlayerBuyingFromVendor"",""Items.ExcludeFromLootSystem"",""Items.NotCustomizable""]","2026-02-25 21:38:24.494667+00"
"1699","Scavenger Boots","A scavenger's shoes.","[""Items.Clothes.ScoutArmor.Feet"",""LootTier.1"",""Loot.GreatHouse""]","2026-02-25 21:38:24.494667+00"
"1700","Scavenger Chestpiece","A scavenger's robe.","[""Items.Clothes.ScoutArmor.Torso"",""LootTier.1"",""Loot.GreatHouse""]","2026-02-25 21:38:24.494667+00"
"1701","Scavenger Gloves","A scavenger's gloves.","[""Items.Clothes.ScoutArmor.Hands"",""LootTier.1"",""Loot.GreatHouse""]","2026-02-25 21:38:24.494667+00"
"1702","Scavenger Hood","A scavenger's hood.","[""Items.Clothes.ScoutArmor.Head"",""LootTier.1"",""Loot.GreatHouse""]","2026-02-25 21:38:24.494667+00"
"1703","Scavenger Pants","A scavenger's breeches.","[""Items.Clothes.ScoutArmor.Legs"",""LootTier.1"",""Loot.GreatHouse""]","2026-02-25 21:38:24.494667+00"
"1704","Scavenger Stillsuit Body","A full-body stillsuit with copper fittings.","[""Items.Clothes.Stillsuit.Torso"",""LootTier.1"",""Loot.Fremen"",""Items.ExcludeFromLootSystem""]","2026-02-25 21:38:24.494667+00"
"1705","Scavenger Stillsuit Boots","Stillsuit boots with copper actuator pumps.","[""Items.Clothes.Stillsuit.Feet"",""LootTier.1"",""Loot.Fremen"",""Items.ExcludeFromLootSystem""]","2026-02-25 21:38:24.494667+00"
"1706","Scavenger Stillsuit Gloves","Stillsuit gloves with copper fittings.","[""Items.Clothes.Stillsuit.Hands"",""LootTier.1"",""Loot.Fremen"",""Items.ExcludeFromLootSystem""]","2026-02-25 21:38:24.494667+00"
"1707","Scavenger Stillsuit Mask","A stillsuit mask with copper fittings.","[""Items.Clothes.Stillsuit.Head"",""LootTier.1"",""Loot.Fremen"",""Items.ExcludeFromLootSystem""]","2026-02-25 21:38:24.494667+00"
"1708","Scipio's Bloodbag","A bloodbag with an extra high capacity for blood.","[""Items.Holsters.HydrationTools"",""LootTier.2"",""Rarity.Rare"",""Items.NotCustomizable""]","2026-02-25 21:38:24.494667+00"
"1709","Scipio's Bloodbag Schematic","Schematic for a bloodbag with an extra high capacity.","[""Items.Schematics.HydrationTools"",""LootTier.2"",""Rarity.Rare"",""LootPool.4""]","2026-02-25 21:38:24.494667+00"
"1710","Scipio's Drinker","An exsanguinating kindjal design named for the torturer Scipio.","[""Items.Holsters.MeleeWeapons.Knife.Kindjal"",""LootTier.2"",""Rarity.Rare""]","2026-02-25 21:38:24.494667+00"
"1711","Scipio's Drinker Schematic","Schematic for an exasanguinating kindjal design named for the torturer Scipio.","[""Items.Schematics.MeleeWeapons.Knife"",""LootTier.2"",""Rarity.Rare"",""LootPool.4""]","2026-02-25 21:38:24.494667+00"
"1712","Scorchbolt","Portable flamethrower.","[""Items.Holsters.RangedWeapons.Heavy.Flamethrower"",""LootTier.5"",""Rarity.Rare""]","2026-02-25 21:38:24.494667+00"
"1713","Scorchbolt Schematic","Schematic for a Garoti Scorchbolt Flamegun.","[""Items.Schematics.RangedWeapons.Exotic"",""LootTier.5"",""Rarity.Rare"",""LootPool.5""]","2026-02-25 21:38:24.494667+00"
"1714","Scout Ornithopter Chassis Mk4","Defines the fuel capacity of the vehicle.","[""Items.Holsters.Deployables.VehicleBase.LightOrniCHOAM"",""LootTier.4"",""Loot.OldImperial"",""Items.ExcludeFromLootSystem"",""Items.NotCustomizable""]","2026-02-25 21:38:24.494667+00"
"1715","Scout Ornithopter Chassis Mk5","Defines the fuel capacity of the vehicle.","[""Items.Holsters.Deployables.VehicleBase.LightOrniCHOAM"",""LootTier.5"",""Loot.OldImperial"",""Items.ExcludeFromLootSystem"",""Items.NotCustomizable""]","2026-02-25 21:38:24.494667+00"
"1716","Scout Ornithopter Chassis Mk6","Defines the fuel capacity of the vehicle.","[""Items.Holsters.Deployables.VehicleBase.LightOrniCHOAM"",""LootTier.6"",""Loot.OldImperial"",""Items.ExcludeFromLootSystem"",""Items.NotCustomizable""]","2026-02-25 21:38:24.494667+00"
"1717","Scout Ornithopter Chassis Mk7","Defines the fuel capacity of the vehicle.","[""Items.ExcludeFromExchange"",""Items.ExcludeFromPlayerSellingToVendor"",""Items.ExcludeFromPlayerBuyingFromVendor"",""Items.ExcludeFromLootSystem"",""Items.NotCustomizable""]","2026-02-25 21:38:24.494667+00"
"1718","Scout Ornithopter Cockpit Mk4","Comes with a pilot seat and one utility slot.","[""Items.Holsters.Deployables.VehicleBase.LightOrniCHOAM"",""LootTier.4"",""Loot.OldImperial"",""Items.ExcludeFromLootSystem"",""Items.NotCustomizable""]","2026-02-25 21:38:24.494667+00"
"1719","Scout Ornithopter Cockpit Mk5","Comes with a pilot seat and one utility slot.","[""Items.Holsters.Deployables.VehicleBase.LightOrniCHOAM"",""LootTier.5"",""Loot.OldImperial"",""Items.ExcludeFromLootSystem"",""Items.NotCustomizable""]","2026-02-25 21:38:24.494667+00"
"2026","Steel Ingot","Refined Steel used in fabrication.","[""Items.RefinedResources.Metal"",""LootTier.3""]","2026-02-25 21:38:24.494667+00"
"1720","Scout Ornithopter Cockpit Mk6","Comes with a pilot seat and one utility slot.","[""Items.Holsters.Deployables.VehicleBase.LightOrniCHOAM"",""LootTier.6"",""Loot.OldImperial"",""Items.ExcludeFromLootSystem"",""Items.NotCustomizable""]","2026-02-25 21:38:24.494667+00"
"1721","Scout Ornithopter Cockpit Mk7","Comes with a pilot seat and one utility slot.","[""Items.ExcludeFromExchange"",""Items.ExcludeFromPlayerSellingToVendor"",""Items.ExcludeFromPlayerBuyingFromVendor"",""Items.ExcludeFromLootSystem"",""Items.NotCustomizable""]","2026-02-25 21:38:24.494667+00"
"1722","Scout Ornithopter Engine Mk4","Defines the maximum speed of the Ornithopter.","[""Items.Holsters.Deployables.VehicleBase.LightOrniCHOAM"",""LootTier.4"",""Loot.OldImperial"",""Items.NotCustomizable""]","2026-02-25 21:38:24.494667+00"
"1723","Scout Ornithopter Engine Mk5","Defines the maximum speed of the Ornithopter.","[""Items.Holsters.Deployables.VehicleBase.LightOrniCHOAM"",""LootTier.5"",""Loot.OldImperial"",""Items.NotCustomizable""]","2026-02-25 21:38:24.494667+00"
"1724","Scout Ornithopter Engine Mk6","Defines the maximum speed of the Ornithopter.","[""Items.Holsters.Deployables.VehicleBase.LightOrniCHOAM"",""LootTier.6"",""Loot.OldImperial"",""Items.NotCustomizable""]","2026-02-25 21:38:24.494667+00"
"1725","Scout Ornithopter Engine Mk7","Defines the maximum speed of the Ornithopter.","[""Items.ExcludeFromExchange"",""Items.ExcludeFromPlayerSellingToVendor"",""Items.ExcludeFromPlayerBuyingFromVendor"",""Items.ExcludeFromLootSystem"",""Items.NotCustomizable""]","2026-02-25 21:38:24.494667+00"
"1726","Scout Ornithopter Generator Mk4","Defines power efficiency and controls temperature.","[""Items.Holsters.Deployables.VehicleBase.LightOrniCHOAM"",""LootTier.4"",""Loot.OldImperial"",""Items.NotCustomizable""]","2026-02-25 21:38:24.494667+00"
"1727","Scout Ornithopter Generator Mk5","Defines power efficiency and controls temperature.","[""Items.Holsters.Deployables.VehicleBase.LightOrniCHOAM"",""LootTier.5"",""Loot.OldImperial"",""Items.NotCustomizable""]","2026-02-25 21:38:24.494667+00"
"1728","Scout Ornithopter Generator Mk6","Defines power efficiency and controls temperature.","[""Items.Holsters.Deployables.VehicleBase.LightOrniCHOAM"",""LootTier.6"",""Loot.OldImperial"",""Items.NotCustomizable""]","2026-02-25 21:38:24.494667+00"
"1729","Scout Ornithopter Generator Mk7","Defines power efficiency and controls temperature.","[""Items.ExcludeFromExchange"",""Items.ExcludeFromPlayerSellingToVendor"",""Items.ExcludeFromPlayerBuyingFromVendor"",""Items.ExcludeFromLootSystem"",""Items.NotCustomizable""]","2026-02-25 21:38:24.494667+00"
"1730","Scout Ornithopter Hull Mk4","Comes with one utility slot.","[""Items.Holsters.Deployables.VehicleBase.LightOrniCHOAM"",""LootTier.4"",""Loot.OldImperial"",""Items.ExcludeFromLootSystem"",""Items.NotCustomizable""]","2026-02-25 21:38:24.494667+00"
"1731","Scout Ornithopter Hull Mk5","Comes with one utility slot.","[""Items.Holsters.Deployables.VehicleBase.LightOrniCHOAM"",""LootTier.5"",""Loot.OldImperial"",""Items.ExcludeFromLootSystem"",""Items.NotCustomizable""]","2026-02-25 21:38:24.494667+00"
"1732","Scout Ornithopter Hull Mk6","Comes with one utility slot.","[""Items.Holsters.Deployables.VehicleBase.LightOrniCHOAM"",""LootTier.6"",""Loot.OldImperial"",""Items.ExcludeFromLootSystem"",""Items.NotCustomizable""]","2026-02-25 21:38:24.494667+00"
"1733","Scout Ornithopter Hull Mk7","Comes with one utility slot.","[""Items.ExcludeFromExchange"",""Items.ExcludeFromPlayerSellingToVendor"",""Items.ExcludeFromPlayerBuyingFromVendor"",""Items.ExcludeFromLootSystem"",""Items.NotCustomizable""]","2026-02-25 21:38:24.494667+00"
"1734","Scout Ornithopter Rocket Launcher Mk4","Adds a rocket launcher to the Ornithopter.","[""Items.ExcludeFromExchange"",""Items.ExcludeFromPlayerSellingToVendor"",""Items.ExcludeFromPlayerBuyingFromVendor"",""Items.ExcludeFromLootSystem"",""Items.NotCustomizable""]","2026-02-25 21:38:24.494667+00"
"1735","Scout Ornithopter Rocket Launcher Mk5","Adds a rocket launcher to the Ornithopter.","[""Items.Holsters.Deployables.VehicleExtra.LightOrniCHOAM"",""LootTier.5"",""Loot.OldImperial"",""Items.ExcludeFromLootSystem"",""Items.NotCustomizable""]","2026-02-25 21:38:24.494667+00"
"1736","Scout Ornithopter Rocket Launcher Mk6","Adds a rocket launcher to the Ornithopter.","[""Items.Holsters.Deployables.VehicleExtra.LightOrniCHOAM"",""LootTier.6"",""Loot.OldImperial"",""Items.ExcludeFromLootSystem"",""Items.NotCustomizable""]","2026-02-25 21:38:24.494667+00"
"1737","Scout Ornithopter Rocket Launcher Mk7","Adds a rocket launcher to the Ornithopter.","[""Items.ExcludeFromExchange"",""Items.ExcludeFromPlayerSellingToVendor"",""Items.ExcludeFromPlayerBuyingFromVendor"",""Items.ExcludeFromLootSystem"",""Items.NotCustomizable""]","2026-02-25 21:38:24.494667+00"
"1738","Scout Ornithopter Scan Module","Adds a scan ability to the Ornithopter.","[""Items.Holsters.Deployables.VehicleExtra.LightOrniCHOAM"",""LootTier.4"",""Loot.OldImperial"",""Items.NotCustomizable""]","2026-02-25 21:38:24.494667+00"
"1739","Scout Ornithopter Storage Mk4","Adds inventory space to the Ornithopter.","[""Items.Holsters.Deployables.VehicleExtra.LightOrniCHOAM"",""LootTier.4"",""Loot.OldImperial"",""Items.NotCustomizable""]","2026-02-25 21:38:24.494667+00"
"1740","Scout Ornithopter Thruster Mk1","Adds a thrust ability to the Ornithopter.","[""Items.ExcludeFromExchange"",""Items.ExcludeFromPlayerSellingToVendor"",""Items.ExcludeFromPlayerBuyingFromVendor"",""Items.ExcludeFromLootSystem"",""Items.NotCustomizable""]","2026-02-25 21:38:24.494667+00"
"1741","Scout Ornithopter Thruster Mk4","Adds a thrust ability to the Ornithopter.","[""Items.Holsters.Deployables.VehicleExtra.LightOrniCHOAM"",""LootTier.4"",""Loot.OldImperial"",""Items.NotCustomizable""]","2026-02-25 21:38:24.494667+00"
"1742","Scout Ornithopter Thruster Mk5","Adds a thrust ability to the Ornithopter.","[""Items.Holsters.Deployables.VehicleExtra.LightOrniCHOAM"",""LootTier.5"",""Loot.OldImperial"",""Items.NotCustomizable""]","2026-02-25 21:38:24.494667+00"
"1743","Scout Ornithopter Thruster Mk6","Adds a thrust ability to the Ornithopter.","[""Items.Holsters.Deployables.VehicleExtra.LightOrniCHOAM"",""LootTier.6"",""Loot.OldImperial"",""Items.NotCustomizable""]","2026-02-25 21:38:24.494667+00"
"1744","Scout Ornithopter Thruster Mk7","Adds a thrust ability to the Ornithopter.","[""Items.ExcludeFromExchange"",""Items.ExcludeFromPlayerSellingToVendor"",""Items.ExcludeFromPlayerBuyingFromVendor"",""Items.ExcludeFromLootSystem"",""Items.NotCustomizable""]","2026-02-25 21:38:24.494667+00"
"1745","Scout Ornithopter Wing Mk4","Influences the flying capabilities of the Ornithopter.","[""Items.Holsters.Deployables.VehicleBase.LightOrniCHOAM"",""LootTier.4"",""Loot.OldImperial"",""Items.NotCustomizable""]","2026-02-25 21:38:24.494667+00"
"1746","Scout Ornithopter Wing Mk5","Influences the flying capabilities of the Ornithopter.","[""Items.Holsters.Deployables.VehicleBase.LightOrniCHOAM"",""LootTier.5"",""Loot.OldImperial"",""Items.NotCustomizable""]","2026-02-25 21:38:24.494667+00"
"1747","Scout Ornithopter Wing Mk6","Influences the flying capabilities of the Ornithopter.","[""Items.Holsters.Deployables.VehicleBase.LightOrniCHOAM"",""LootTier.6"",""Loot.OldImperial"",""Items.NotCustomizable""]","2026-02-25 21:38:24.494667+00"
"1748","Scout Ornithopter Wing Mk7","Influences the flying capabilities of the Ornithopter.","[""Items.ExcludeFromExchange"",""Items.ExcludeFromPlayerSellingToVendor"",""Items.ExcludeFromPlayerBuyingFromVendor"",""Items.ExcludeFromLootSystem"",""Items.NotCustomizable""]","2026-02-25 21:38:24.494667+00"
"1749","Scrap Buggy Booster","Adds a boost ability to the Buggy.","[""Items.Holsters.Deployables.VehicleExtra.BuggyChoam"",""Items.ExcludeFromExchange"",""Items.ExcludeFromPlayerBuyingFromVendor"",""Items.NotCustomizable""]","2026-02-25 21:38:24.494667+00"
"1750","Scrap Buggy Chassis","Defines the fuel capacity of the vehicle.","[""Items.Holsters.Deployables.VehicleBase.BuggyChoam"",""Items.ExcludeFromExchange"",""LootTier.0"",""Items.NotCustomizable""]","2026-02-25 21:38:24.494667+00"
"1751","Scrap Buggy Engine","Defines the acceleration and speed of the Buggy.","[""Items.Holsters.Deployables.VehicleBase.BuggyChoam"",""Items.ExcludeFromExchange"",""LootTier.0"",""Items.NotCustomizable""]","2026-02-25 21:38:24.494667+00"
"1752","Scrap Buggy Front Hull","Comes with a driver and a passenger seat.","[""Items.Holsters.Deployables.VehicleBase.BuggyChoam"",""Items.ExcludeFromExchange"",""LootTier.0"",""Items.ExcludeFromLootSystem"",""Items.NotCustomizable""]","2026-02-25 21:38:24.494667+00"
"1753","Scrap Buggy Inventory","Adds inventory space to the Buggy.","[""Items.Holsters.Deployables.VehicleExtra.BuggyChoam"",""Items.ExcludeFromExchange"",""Items.NotCustomizable""]","2026-02-25 21:38:24.494667+00"
"1754","Scrap Buggy Mining Laser","Adds a mining turret to the Buggy.","[""Items.Holsters.Deployables.VehicleExtra.BuggyChoam"",""Items.ExcludeFromExchange"",""LootTier.0"",""Items.NotCustomizable""]","2026-02-25 21:38:24.494667+00"
"1755","Scrap Buggy PSU","Defines power efficiency and controls temperature.","[""Items.Holsters.Deployables.VehicleBase.BuggyChoam"",""Items.ExcludeFromExchange"",""LootTier.0"",""Items.NotCustomizable""]","2026-02-25 21:38:24.494667+00"
"1756","Scrap Buggy Rear Hull","Comes with two passenger seats and one utility slot.","[""Items.Holsters.Deployables.VehicleBase.BuggyChoam"",""Items.ExcludeFromExchange"",""LootTier.0"",""Items.ExcludeFromLootSystem"",""Items.NotCustomizable""]","2026-02-25 21:38:24.494667+00"
"1757","Scrap Buggy Rocket Launcher","Adds a rocket launcher to the Buggy.","[""Items.Holsters.Deployables.VehicleExtra.BuggyChoam"",""Items.ExcludeFromExchange"",""LootTier.0"",""Items.ExcludeFromLootSystem"",""Items.NotCustomizable""]","2026-02-25 21:38:24.494667+00"
"1758","Scrap Buggy Tread","Defines the grip of the Buggy.","[""Items.Holsters.Deployables.VehicleBase.BuggyChoam"",""Items.ExcludeFromExchange"",""LootTier.0"",""Items.NotCustomizable""]","2026-02-25 21:38:24.494667+00"
"1759","Scrap Buggy Utility Rear","Comes with a turret seat and two utility slots.","[""Items.Holsters.Deployables.VehicleBase.BuggyChoam"",""Items.ExcludeFromExchange"",""LootTier.0"",""Items.ExcludeFromLootSystem"",""Items.NotCustomizable""]","2026-02-25 21:38:24.494667+00"
"1760","Scrap Light Ornithopter Body Hull","Comes with one utility slot.","[""Items.ExcludeFromExchange"",""Items.ExcludeFromPlayerSellingToVendor"",""Items.ExcludeFromPlayerBuyingFromVendor"",""Items.ExcludeFromLootSystem"",""Items.NotCustomizable""]","2026-02-25 21:38:24.494667+00"
"1761","Scrap Light Ornithopter Chassis","Defines the fuel capacity of the vehicle.","[""Items.Holsters.Deployables.VehicleBase.LightOrniCHOAM"",""Items.ExcludeFromExchange"",""LootTier.0"",""Items.ExcludeFromLootSystem"",""Items.NotCustomizable""]","2026-02-25 21:38:24.494667+00"
"1762","Scrap Light Ornithopter Cockpit","Comes with a pilot seat and one utility slot.","[""Items.Holsters.Deployables.VehicleBase.LightOrniCHOAM"",""Items.ExcludeFromExchange"",""LootTier.0"",""Items.ExcludeFromLootSystem"",""Items.NotCustomizable""]","2026-02-25 21:38:24.494667+00"
"1763","Scrap Light Ornithopter Engine","Defines the max speed of the Ornithopter.","[""Items.Holsters.Deployables.VehicleBase.LightOrniCHOAM"",""Items.ExcludeFromExchange"",""LootTier.0"",""Items.NotCustomizable""]","2026-02-25 21:38:24.494667+00"
"1764","Scrap Light Ornithopter Generator","Defines power efficiency and controls temperature.","[""Items.Holsters.Deployables.VehicleBase.LightOrniCHOAM"",""Items.ExcludeFromExchange"",""LootTier.0"",""Items.NotCustomizable""]","2026-02-25 21:38:24.494667+00"
"1765","Scrap Light Ornithopter Inventory","Adds inventory space to the Ornithopter.","[""Items.ExcludeFromExchange"",""Items.ExcludeFromPlayerSellingToVendor"",""Items.ExcludeFromPlayerBuyingFromVendor"",""Items.ExcludeFromLootSystem"",""Items.NotCustomizable""]","2026-02-25 21:38:24.494667+00"
"1766","Scrap Light Ornithopter Rocket Launcher","Adds a rocket launcher to the Ornithopter.","[""Items.ExcludeFromExchange"",""Items.ExcludeFromPlayerSellingToVendor"",""Items.ExcludeFromPlayerBuyingFromVendor"",""Items.ExcludeFromLootSystem"",""Items.NotCustomizable""]","2026-02-25 21:38:24.494667+00"
"1767","Scrap Light Ornithopter Scanner","Adds a scan ability to the Ornithopter.","[""Items.ExcludeFromExchange"",""Items.ExcludeFromPlayerSellingToVendor"",""Items.ExcludeFromPlayerBuyingFromVendor"",""Items.ExcludeFromLootSystem"",""Items.NotCustomizable""]","2026-02-25 21:38:24.494667+00"
"1768","Scrap Light Ornithopter Wing","Influences the flying capabilities of the Ornithopter.","[""Items.Holsters.Deployables.VehicleBase.LightOrniCHOAM"",""Items.ExcludeFromExchange"",""LootTier.0"",""Items.NotCustomizable""]","2026-02-25 21:38:24.494667+00"
"1769","Scrap Medium Ornithopter Cabin","Comes with two passenger seats and two utility slots.","[""Items.ExcludeFromExchange"",""Items.ExcludeFromPlayerSellingToVendor"",""Items.ExcludeFromPlayerBuyingFromVendor"",""Items.ExcludeFromLootSystem"",""Items.NotCustomizable""]","2026-02-25 21:38:24.494667+00"
"1770","Scrap Medium Ornithopter Chassis","Defines the fuel capacity of the vehicle.","[""Items.ExcludeFromExchange"",""Items.ExcludeFromPlayerSellingToVendor"",""Items.ExcludeFromPlayerBuyingFromVendor"",""Items.ExcludeFromLootSystem"",""Items.NotCustomizable""]","2026-02-25 21:38:24.494667+00"
"1771","Scrap Medium Ornithopter Cockpit","Comes with pilot and co-pilot seats.","[""Items.ExcludeFromExchange"",""Items.ExcludeFromPlayerSellingToVendor"",""Items.ExcludeFromPlayerBuyingFromVendor"",""Items.ExcludeFromLootSystem"",""Items.NotCustomizable""]","2026-02-25 21:38:24.494667+00"
"1772","Scrap Medium Ornithopter Engine","Defines the max speed of the Ornithopter.","[""Items.ExcludeFromExchange"",""Items.ExcludeFromPlayerSellingToVendor"",""Items.ExcludeFromPlayerBuyingFromVendor"",""Items.ExcludeFromLootSystem"",""Items.NotCustomizable""]","2026-02-25 21:38:24.494667+00"
"1773","Scrap Medium Ornithopter Generator","Defines power efficiency and controls temperature.","[""Items.ExcludeFromExchange"",""Items.ExcludeFromPlayerSellingToVendor"",""Items.ExcludeFromPlayerBuyingFromVendor"",""Items.ExcludeFromLootSystem"",""Items.NotCustomizable""]","2026-02-25 21:38:24.494667+00"
"1774","Scrap Medium Ornithopter Inventory","","[""Items.ExcludeFromExchange"",""Items.ExcludeFromPlayerSellingToVendor"",""Items.ExcludeFromPlayerBuyingFromVendor"",""Items.ExcludeFromLootSystem"",""Items.NotCustomizable""]","2026-02-25 21:38:24.494667+00"
"1775","Scrap Medium Ornithopter Rocket Launcher","Adds a rocket launcher to the Ornithopter.","[""Items.ExcludeFromExchange"",""Items.ExcludeFromPlayerSellingToVendor"",""Items.ExcludeFromPlayerBuyingFromVendor"",""Items.ExcludeFromLootSystem"",""Items.NotCustomizable""]","2026-02-25 21:38:24.494667+00"
"1776","Scrap Medium Ornithopter Tail","Adds a protective layer to the rear of the Ornithopter.","[""Items.ExcludeFromExchange"",""Items.ExcludeFromPlayerSellingToVendor"",""Items.ExcludeFromPlayerBuyingFromVendor"",""Items.ExcludeFromLootSystem"",""Items.NotCustomizable""]","2026-02-25 21:38:24.494667+00"
"1777","Scrap Medium Ornithopter Thruster","Adds a thrust ability to the Ornithopter.","[""Items.ExcludeFromExchange"",""Items.ExcludeFromPlayerSellingToVendor"",""Items.ExcludeFromPlayerBuyingFromVendor"",""Items.ExcludeFromLootSystem"",""Items.NotCustomizable""]","2026-02-25 21:38:24.494667+00"
"1778","Scrap Medium Ornithopter Wing","Influences the flying capabilities of the Ornithopter.","[""Items.ExcludeFromExchange"",""Items.ExcludeFromPlayerSellingToVendor"",""Items.ExcludeFromPlayerBuyingFromVendor"",""Items.ExcludeFromLootSystem"",""Items.NotCustomizable""]","2026-02-25 21:38:24.494667+00"
"1779","Scrap Metal Delivery","","[""Items.ExcludeFromExchange"",""Items.Contract""]","2026-02-25 21:38:24.494667+00"
"1780","Scrap Metal Knife","Makeshift edged weapon.","[""Items.Holsters.MeleeWeapons.Knife.ScrapKnife"",""LootTier.0""]","2026-02-25 21:38:24.494667+00"
"1781","Scrap Metal Knife","Makeshift edged weapon.","[""Items.Holsters.MeleeWeapons.Knife.ScrapKnife"",""LootTier.0"",""Items.ExcludeFromExchange"",""Items.ExcludeFromPlayerSellingToVendor"",""Items.ExcludeFromPlayerBuyingFromVendor"",""Items.ExcludeFromLootSystem"",""Items.NotCustomizable""]","2026-02-25 21:38:24.494667+00"
"1782","Scrap Metal Knife","Makeshift edged weapon.","[""Items.Holsters.MeleeWeapons.Knife.ScrapKnife"",""LootTier.0"",""Items.ExcludeFromExchange"",""Items.ExcludeFromPlayerSellingToVendor"",""Items.ExcludeFromPlayerBuyingFromVendor"",""Items.ExcludeFromLootSystem"",""Items.NotCustomizable""]","2026-02-25 21:38:24.494667+00"
"1783","Scrap Metal Knife Schematic","Schematic for a Scrap Metal Knife","[""Items.ExcludeFromExchange"",""Items.ExcludeFromPlayerSellingToVendor"",""Items.ExcludeFromPlayerBuyingFromVendor"",""Items.ExcludeFromLootSystem"",""Items.NotCustomizable""]","2026-02-25 21:38:24.494667+00"
"1784","Scrap Sandbike Booster","Adds a boost ability to the Sandbike.","[""Items.Holsters.Deployables.VehicleExtra.Sandbike"",""Items.ExcludeFromExchange"",""LootTier.0"",""Items.NotCustomizable""]","2026-02-25 21:38:24.494667+00"
"1785","Scrap Sandbike Chassis","Defines the fuel capacity of the vehicle.","[""Items.Holsters.Deployables.VehicleBase.Sandbike"",""Items.ExcludeFromExchange"",""LootTier.0"",""Items.NotCustomizable""]","2026-02-25 21:38:24.494667+00"
"1786","Scrap Sandbike Engine","Defines the acceleration and speed of the Sandbike.","[""Items.Holsters.Deployables.VehicleBase.Sandbike"",""Items.ExcludeFromExchange"",""LootTier.0"",""Items.NotCustomizable""]","2026-02-25 21:38:24.494667+00"
"1787","Scrap Sandbike Extra Seat","Adds a passenger seat to the Sandbike.","[""Items.Holsters.Deployables.VehicleExtra.Sandbike"",""Items.ExcludeFromExchange"",""LootTier.0"",""Items.NotCustomizable""]","2026-02-25 21:38:24.494667+00"
"1788","Scrap Sandbike Hull","Comes with a driver seat and two utility slots.","[""Items.Holsters.Deployables.VehicleBase.Sandbike"",""Items.ExcludeFromExchange"",""LootTier.0"",""Items.ExcludeFromLootSystem"",""Items.NotCustomizable""]","2026-02-25 21:38:24.494667+00"
"1789","Scrap Sandbike Inventory","Adds inventory space to the Sandbike.","[""Items.Holsters.Deployables.VehicleExtra.Sandbike"",""Items.ExcludeFromExchange"",""LootTier.0"",""Items.NotCustomizable""]","2026-02-25 21:38:24.494667+00"
"1790","Scrap Sandbike Power Supply Unit","Defines power efficiency and controls temperature.","[""Items.Holsters.Deployables.VehicleBase.Sandbike"",""LootTier.0"",""Items.NotCustomizable""]","2026-02-25 21:38:24.494667+00"
"1791","Scrap Sandbike Scanner","Adds a scan ability to the Sandbike.","[""Items.ExcludeFromExchange"",""Items.ExcludeFromPlayerSellingToVendor"",""Items.ExcludeFromPlayerBuyingFromVendor"",""Items.ExcludeFromLootSystem"",""Items.NotCustomizable""]","2026-02-25 21:38:24.494667+00"
"1792","Scrap Sandbike Tread","Defines the grip of the Sandbike.","[""Items.Holsters.Deployables.VehicleBase.Sandbike"",""Items.ExcludeFromExchange"",""LootTier.0"",""Items.NotCustomizable""]","2026-02-25 21:38:24.494667+00"
"1793","Scrap Sandcrawler Cabin","Comes with a driver and a passenger seat.","[""Items.ExcludeFromExchange"",""Items.ExcludeFromPlayerSellingToVendor"",""Items.ExcludeFromPlayerBuyingFromVendor"",""Items.ExcludeFromLootSystem"",""Items.NotCustomizable""]","2026-02-25 21:38:24.494667+00"
"1794","Scrap Sandcrawler Centrifuge","Adds spice harvesting container to the Sandcrawler.","[""Items.ExcludeFromExchange"",""Items.ExcludeFromPlayerSellingToVendor"",""Items.ExcludeFromPlayerBuyingFromVendor"",""Items.ExcludeFromLootSystem"",""Items.NotCustomizable""]","2026-02-25 21:38:24.494667+00"
"1795","Scrap Sandcrawler Chassis","Defines the fuel capacity of the vehicle.","[""Items.ExcludeFromExchange"",""Items.ExcludeFromPlayerSellingToVendor"",""Items.ExcludeFromPlayerBuyingFromVendor"",""Items.ExcludeFromLootSystem"",""Items.NotCustomizable""]","2026-02-25 21:38:24.494667+00"
"1796","Scrap Sandcrawler Engine","Defines the acceleration and speed of the Sandcrawler.","[""Items.ExcludeFromExchange"",""Items.ExcludeFromPlayerSellingToVendor"",""Items.ExcludeFromPlayerBuyingFromVendor"",""Items.ExcludeFromLootSystem"",""Items.NotCustomizable""]","2026-02-25 21:38:24.494667+00"
"1797","Scrap Sandcrawler PSU","Defines power efficiency and controls temperature.","[""Items.ExcludeFromExchange"",""Items.ExcludeFromPlayerSellingToVendor"",""Items.ExcludeFromPlayerBuyingFromVendor"",""Items.ExcludeFromLootSystem"",""Items.NotCustomizable""]","2026-02-25 21:38:24.494667+00"
"1798","Scrap Sandcrawler Tread","Defines the grip of the Sandcrawler.","[""Items.ExcludeFromExchange"",""Items.ExcludeFromPlayerSellingToVendor"",""Items.ExcludeFromPlayerBuyingFromVendor"",""Items.ExcludeFromLootSystem"",""Items.NotCustomizable""]","2026-02-25 21:38:24.494667+00"
"1799","Scrap Sandcrawler Vacuum","Adds a spice harvesting header to the Sandcrawler.","[""Items.ExcludeFromExchange"",""Items.ExcludeFromPlayerSellingToVendor"",""Items.ExcludeFromPlayerBuyingFromVendor"",""Items.ExcludeFromLootSystem"",""Items.NotCustomizable""]","2026-02-25 21:38:24.494667+00"
"1800","Scrap Tank Chassis","Defines the fuel capacity of the vehicle.","[""Items.ExcludeFromExchange"",""Items.ExcludeFromPlayerSellingToVendor"",""Items.ExcludeFromPlayerBuyingFromVendor"",""Items.ExcludeFromLootSystem"",""Items.NotCustomizable""]","2026-02-25 21:38:24.494667+00"
"1801","Scrap Tank Cockpit","Comes with a driver seat.","[""Items.ExcludeFromExchange"",""Items.ExcludeFromPlayerSellingToVendor"",""Items.ExcludeFromPlayerBuyingFromVendor"",""Items.ExcludeFromLootSystem"",""Items.NotCustomizable""]","2026-02-25 21:38:24.494667+00"
"1802","Scrap Tank Dart Gun","Adds a projectile weapon to the Tank.","[""Items.ExcludeFromExchange"",""Items.ExcludeFromPlayerSellingToVendor"",""Items.ExcludeFromPlayerBuyingFromVendor"",""Items.ExcludeFromLootSystem"",""Items.NotCustomizable""]","2026-02-25 21:38:24.494667+00"
"1803","Scrap Tank Engine","Defines the acceleration and speed of the Tank.","[""Items.ExcludeFromExchange"",""Items.ExcludeFromPlayerSellingToVendor"",""Items.ExcludeFromPlayerBuyingFromVendor"",""Items.ExcludeFromLootSystem"",""Items.NotCustomizable""]","2026-02-25 21:38:24.494667+00"
"1804","Scrap Tank Flamethrower","Adds a flamethrower to the Tank.","[""Items.ExcludeFromExchange"",""Items.ExcludeFromPlayerSellingToVendor"",""Items.ExcludeFromPlayerBuyingFromVendor"",""Items.ExcludeFromLootSystem"",""Items.NotCustomizable""]","2026-02-25 21:38:24.494667+00"
"1805","Scrap Tank Hull","Comes with a gunner seat and two passenger seats.","[""Items.ExcludeFromExchange"",""Items.ExcludeFromPlayerSellingToVendor"",""Items.ExcludeFromPlayerBuyingFromVendor"",""Items.ExcludeFromLootSystem"",""Items.NotCustomizable""]","2026-02-25 21:38:24.494667+00"
"1806","Scrap Tank Inventory","Adds inventory space to the Tank.","[""Items.ExcludeFromExchange"",""Items.ExcludeFromPlayerSellingToVendor"",""Items.ExcludeFromPlayerBuyingFromVendor"",""Items.ExcludeFromLootSystem"",""Items.NotCustomizable""]","2026-02-25 21:38:24.494667+00"
"1807","Scrap Tank Power Supply Unit","Defines power efficiency and controls temperature.","[""Items.ExcludeFromExchange"",""Items.ExcludeFromPlayerSellingToVendor"",""Items.ExcludeFromPlayerBuyingFromVendor"",""Items.ExcludeFromLootSystem"",""Items.NotCustomizable""]","2026-02-25 21:38:24.494667+00"
"1808","Scrap Tank Tread","Defines the grip of the Tank.","[""Items.ExcludeFromExchange"",""Items.ExcludeFromPlayerSellingToVendor"",""Items.ExcludeFromPlayerBuyingFromVendor"",""Items.ExcludeFromLootSystem"",""Items.NotCustomizable""]","2026-02-25 21:38:24.494667+00"
"1809","Scrap Tank Turbo Boost","Adds a turbo boost ability to the Tank.","[""Items.ExcludeFromExchange"",""Items.ExcludeFromPlayerSellingToVendor"",""Items.ExcludeFromPlayerBuyingFromVendor"",""Items.ExcludeFromLootSystem"",""Items.NotCustomizable""]","2026-02-25 21:38:24.494667+00"
"1810","Scrap Transport Ornithopter Chassis","Defines the fuel capacity of the vehicle.","[""Items.ExcludeFromExchange"",""Items.ExcludeFromPlayerSellingToVendor"",""Items.ExcludeFromPlayerBuyingFromVendor"",""Items.ExcludeFromLootSystem"",""Items.NotCustomizable""]","2026-02-25 21:38:24.494667+00"
"1811","Scrap Transport Ornithopter Engine","Defines the max speed of the Ornithopter.","[""Items.ExcludeFromExchange"",""Items.ExcludeFromPlayerSellingToVendor"",""Items.ExcludeFromPlayerBuyingFromVendor"",""Items.ExcludeFromLootSystem"",""Items.NotCustomizable""]","2026-02-25 21:38:24.494667+00"
"1812","Scrap Transport Ornithopter Generator","Defines power efficiency and controls temperature.","[""Items.ExcludeFromExchange"",""Items.ExcludeFromPlayerSellingToVendor"",""Items.ExcludeFromPlayerBuyingFromVendor"",""Items.ExcludeFromLootSystem"",""Items.NotCustomizable""]","2026-02-25 21:38:24.494667+00"
"1813","Scrap Transport Ornithopter Main Hull","Comes with seats for the pilot and five passengers.","[""Items.ExcludeFromExchange"",""Items.ExcludeFromPlayerSellingToVendor"",""Items.ExcludeFromPlayerBuyingFromVendor"",""Items.ExcludeFromLootSystem"",""Items.NotCustomizable""]","2026-02-25 21:38:24.494667+00"
"1814","Scrap Transport Ornithopter Shield  Generator","Adds a shield ability to the Ornithopter.","[""Items.ExcludeFromExchange"",""Items.ExcludeFromPlayerSellingToVendor"",""Items.ExcludeFromPlayerBuyingFromVendor"",""Items.ExcludeFromLootSystem"",""Items.NotCustomizable""]","2026-02-25 21:38:24.494667+00"
"1815","Scrap Transport Ornithopter Side Hull","Adds a protective layer to the sides of the Ornithopter.","[""Items.ExcludeFromExchange"",""Items.ExcludeFromPlayerSellingToVendor"",""Items.ExcludeFromPlayerBuyingFromVendor"",""Items.ExcludeFromLootSystem"",""Items.NotCustomizable""]","2026-02-25 21:38:24.494667+00"
"1816","Scrap Transport Ornithopter Tail Hull","Adds a protective layer to the rear of the Ornithopter.","[""Items.ExcludeFromExchange"",""Items.ExcludeFromPlayerSellingToVendor"",""Items.ExcludeFromPlayerBuyingFromVendor"",""Items.ExcludeFromLootSystem"",""Items.NotCustomizable""]","2026-02-25 21:38:24.494667+00"
"1817","Scrap Transport Ornithopter Thruster","Adds a thrust ability to the Ornithopter.","[""Items.ExcludeFromExchange"",""Items.ExcludeFromPlayerSellingToVendor"",""Items.ExcludeFromPlayerBuyingFromVendor"",""Items.ExcludeFromLootSystem"",""Items.NotCustomizable""]","2026-02-25 21:38:24.494667+00"
"1818","Scrap Transport Ornithopter Wing","Influences the flying capabilities of the Ornithopter.","[""Items.ExcludeFromExchange"",""Items.ExcludeFromPlayerSellingToVendor"",""Items.ExcludeFromPlayerBuyingFromVendor"",""Items.ExcludeFromLootSystem"",""Items.NotCustomizable""]","2026-02-25 21:38:24.494667+00"
"1819","Scrubber","A modified battle rifle that fires explosive darts.","[""Items.Holsters.RangedWeapons.Light.Rifle.BattleRifle"",""LootTier.5"",""Rarity.Rare""]","2026-02-25 21:38:24.494667+00"
"1820","Scrubber Schematic","Schematic for a modified battle rifle that fires explosive darts.","[""Items.Schematics.RangedWeapons.Light.Rifle"",""LootTier.5"",""Rarity.Rare"",""LootPool.2""]","2026-02-25 21:38:24.494667+00"
"1821","Sealed Spice Package","A small package marked with the Harkonnen seal.","[""Contract.Target.Item"",""Items.ExcludeFromExchange"",""Items.Contract""]","2026-02-25 21:38:24.494667+00"
"1822","Searing Shiv","A modified dirk that burns as it cuts.","[""Items.Holsters.MeleeWeapons.Knife.Dirk"",""LootTier.3"",""Rarity.Rare""]","2026-02-25 21:38:24.494667+00"
"1823","Searing Shiv Schematic","Schematic for a modified dirk that burns as it cuts.","[""Items.Schematics.MeleeWeapons.Knife"",""LootTier.3"",""Rarity.Rare"",""LootPool.4""]","2026-02-25 21:38:24.494667+00"
"1824","Seb's Kisser","A high-capacity disruptor that the slavers have learned to fear.","[""Items.Holsters.RangedWeapons.Light.SMG"",""LootTier.3"",""Rarity.Rare""]","2026-02-25 21:38:24.494667+00"
"1825","Seb's Kisser Schematic","Schematic for a high-capacity disruptor that the slavers have learned to fear.","[""Items.Schematics.RangedWeapons.Light.Rifle"",""LootTier.3"",""Rarity.Rare"",""LootPool.2""]","2026-02-25 21:38:24.494667+00"
"1826","Seeker Chassis","","[""Items.NotCustomizable""]","2026-02-25 21:38:24.494667+00"
"1827","Seeker Helmet","Seeker Helmet temp short desc","[""Items.ExcludeFromPlayerSellingToVendor"",""Items.ExcludeFromPlayerBuyingFromVendor"",""Items.ExcludeFromLootSystem"",""Items.ExcludeFromExchange""]","2026-02-25 21:38:24.494667+00"
"1828","Seeker Helmet Schematic","A unique schematic.","[""Items.Schematics.Clothes.ScoutArmor"",""LootTier.6"",""Rarity.Rare""]","2026-02-25 21:38:24.494667+00"
"1829","Seethe","A precision pistol for those who prioritize aim.","[""Items.Holsters.RangedWeapons.Heavy.Pistol"",""LootTier.6"",""Rarity.Rare""]","2026-02-25 21:38:24.494667+00"
"1830","Seethe Schematic","Schematic for a precision pistol for those who prioritize aim.","[""Items.Schematics.RangedWeapons.Heavy.Pistol"",""LootTier.6"",""Rarity.Rare"",""LootPool.2""]","2026-02-25 21:38:24.494667+00"
"1831","Seismic Probe","Device for detecting sandworms","[""Items.ExcludeFromExchange"",""Items.ExcludeFromPlayerSellingToVendor"",""Items.ExcludeFromPlayerBuyingFromVendor"",""Items.ExcludeFromLootSystem"",""Items.NotCustomizable""]","2026-02-25 21:38:24.494667+00"
"1832","SeismicProbe Schematic","Learnable Schematic","[""Items.ExcludeFromExchange"",""Items.ExcludeFromPlayerSellingToVendor"",""Items.ExcludeFromPlayerBuyingFromVendor"",""Items.ExcludeFromLootSystem"",""Items.NotCustomizable""]","2026-02-25 21:38:24.494667+00"
"1833","Semuta Notes","A set of notes about Semuta production.","[""Items.ExcludeFromExchange"",""Items.ExcludeFromPlayerSellingToVendor"",""Items.ExcludeFromPlayerBuyingFromVendor"",""Items.ExcludeFromLootSystem"",""Items.NotCustomizable""]","2026-02-25 21:38:24.494667+00"
"1834","Semuta Notes","A hand-written set of notes on Semuta production","[""Items.ExcludeFromExchange"",""Items.ExcludeFromPlayerSellingToVendor"",""Items.ExcludeFromPlayerBuyingFromVendor"",""Items.ExcludeFromLootSystem"",""Items.NotCustomizable""]","2026-02-25 21:38:24.494667+00"
"1835","Semuta Trade Logs","","[""Contract.Target.Item"",""Items.ExcludeFromExchange"",""Items.Contract""]","2026-02-25 21:38:24.494667+00"
"1836","Sentinel Belt","Sentinel Belt temp short desc","[""Items.Holsters.UtilityTools.Suspensor"",""LootTier.6"",""Rarity.Rare"",""Items.NotCustomizable""]","2026-02-25 21:38:24.494667+00"
"1837","Sentinel Belt Schematic","A unique schematic.","[""Items.Schematics.UtilityTools.Suspensor"",""LootTier.6"",""Rarity.Rare""]","2026-02-25 21:38:24.494667+00"
"1838","Sentinel Boots","Heavy boots worn by the Sandflies, built for endurance and pursuit.","[""Items.Clothes.HeavyArmor.Feet"",""LootTier.4"",""Rarity.Rare""]","2026-02-25 21:38:24.494667+00"
"1839","Sentinel Boots Schematic","Schematic for heavy boots worn by the Sandflies.","[""Items.Schematics.Clothes.AssaultArmor"",""LootTier.4"",""Rarity.Rare"",""LootPool.2""]","2026-02-25 21:38:24.494667+00"
"1840","Sentinel Gauntlets","Heavy gauntlets used by the Sandflies, reinforced for both labor and combat.","[""Items.Clothes.HeavyArmor.Hands"",""LootTier.4"",""Rarity.Rare""]","2026-02-25 21:38:24.494667+00"
"1841","Sentinel Gauntlets Schematic","Schematic for heavy gauntlets used by the Sandflies.","[""Items.Schematics.Clothes.AssaultArmor"",""LootTier.4"",""Rarity.Rare"",""LootPool.2""]","2026-02-25 21:38:24.494667+00"
"1842","Sentinel Helmet","A rugged helmet worn by Sandflies to shield their identities.","[""Items.Clothes.HeavyArmor.Head"",""LootTier.4"",""Rarity.Rare""]","2026-02-25 21:38:24.494667+00"
"1843","Sentinel Helmet Schematic","Schematic for a rugged helmet worn by Sandflies.","[""Items.Schematics.Clothes.AssaultArmor"",""LootTier.4"",""Rarity.Rare"",""LootPool.2""]","2026-02-25 21:38:24.494667+00"
"1844","Sentinel Jacket","A heavy jacket worn by Sandfly sentinels, marked by stolen insignias.","[""Items.Clothes.HeavyArmor.Torso"",""LootTier.4"",""Rarity.Rare""]","2026-02-25 21:38:24.494667+00"
"1845","Sentinel Jacket Schematic","Schematic for a heavy jacket worn by Sandfly sentinels.","[""Items.Schematics.Clothes.AssaultArmor"",""LootTier.4"",""Rarity.Rare"",""LootPool.2""]","2026-02-25 21:38:24.494667+00"
"1846","Sentinel Pants","Reinforced pants worn by the Sandflies, designed for rough terrain.","[""Items.Clothes.HeavyArmor.Legs"",""LootTier.4"",""Rarity.Rare""]","2026-02-25 21:38:24.494667+00"
"1847","Sentinel Pants Schematic","Schematic for reinforced pants worn by the Sandflies.","[""Items.Schematics.Clothes.AssaultArmor"",""LootTier.4"",""Rarity.Rare"",""LootPool.2""]","2026-02-25 21:38:24.494667+00"
"1848","Seron's Challenge","Addressed to Count Hasimir Fenring, invoking the laws of Kanly.","[""Contract.Target.Item"",""Items.ExcludeFromExchange"",""Items.Contract""]","2026-02-25 21:38:24.494667+00"
"1849","Seron's Sword Hilt","","[""Items.ExcludeFromExchange"",""Items.ExcludeFromPlayerSellingToVendor"",""Items.ExcludeFromPlayerBuyingFromVendor"",""Items.ExcludeFromLootSystem"",""Items.NotCustomizable""]","2026-02-25 21:38:24.494667+00"
"1850","Seron's Sword Hilt","Contract Item","[""Contract.Target.Item"",""Items.ExcludeFromExchange"",""Items.Contract""]","2026-02-25 21:38:24.494667+00"
"1851","Serrated Blade Parts","A fabrication component found in loot","[""Items.ExcludeFromExchange"",""Items.ExcludeFromPlayerSellingToVendor"",""Items.ExcludeFromPlayerBuyingFromVendor"",""Items.ExcludeFromLootSystem"",""Items.NotCustomizable""]","2026-02-25 21:38:24.494667+00"
"1852","Servo-Stim Transmitter","Contract Item","[""Items.ExcludeFromExchange"",""Items.Contract"",""Items.ActorBoundItem""]","2026-02-25 21:38:24.494667+00"
"1853","Servo-Stim Transmitter","Contract Item","[""Contract.Target.Item"",""Items.ExcludeFromExchange"",""Items.Contract""]","2026-02-25 21:38:24.494667+00"
"1854","Servo-Stimulator Transmitter","A master transmitter, able to access any servo-stimulator implant.","[""Items.ExcludeFromExchange"",""Items.Contract"",""Items.ActorBoundItem""]","2026-02-25 21:38:24.494667+00"
"1855","Servoks","An Old Imperial component used in fabrication","[""Items.ExcludeFromExchange"",""Items.ExcludeFromPlayerSellingToVendor"",""Items.ExcludeFromPlayerBuyingFromVendor"",""Items.ExcludeFromLootSystem"",""Items.NotCustomizable""]","2026-02-25 21:38:24.494667+00"
"1856","Shaddam IV Portraits","A set of Paintings of His Imperial Excellency","[""Items.Consumables.BuildableSets"",""LootTier.1"",""Items.ExcludeFromLootSystem"",""Items.ExcludeFromExchange""]","2026-02-25 21:38:24.494667+00"
"1857","Shaddam's Bladder","A stillsuit garment that boats additional water storage.","[""Items.Clothes.Stillsuit.Torso"",""LootTier.6"",""Rarity.Rare"",""Items.ExcludeFromLootSystem""]","2026-02-25 21:38:24.494667+00"
"1858","Shaddam's Bladder Schematic","A schematic for a stillsuit garment that boats additional water storage.","[""Items.Schematics.Clothes.Stillsuit"",""LootTier.6"",""Rarity.Rare"",""LootPool.2""]","2026-02-25 21:38:24.494667+00"
"1859","Shaded Hood","A stillsuit hood of heat protective material.","[""Items.Clothes.Stillsuit.Head"",""LootTier.5"",""Rarity.Rare"",""Items.ExcludeFromLootSystem""]","2026-02-25 21:38:24.494667+00"
"1860","Shaded Hood Schematic","Schematic for a stillsuit hood of heat protective material.","[""Items.Schematics.Clothes.Stillsuit"",""LootTier.5"",""Rarity.Rare"",""LootPool.2""]","2026-02-25 21:38:24.494667+00"
"1861","Shadow Hood","A stillsuit hood of heat protective material.","[""Items.Clothes.Stillsuit.Head"",""LootTier.4"",""Rarity.Rare"",""Items.ExcludeFromLootSystem""]","2026-02-25 21:38:24.494667+00"
"1862","Shadow Hood Schematic","Schematic for a stillsuit hood of heat protective material.","[""Items.Schematics.Clothes.Stillsuit"",""LootTier.4"",""Rarity.Rare"",""LootPool.2""]","2026-02-25 21:38:24.494667+00"
"1863","Shadrath's Drinker","An exsanguinating kindjal used by the fremen warrior, Shadrath.","[""Items.Holsters.MeleeWeapons.Knife.Kindjal"",""LootTier.4"",""Rarity.Rare""]","2026-02-25 21:38:24.494667+00"
"1864","Shadrath's Drinker Schematic","Schematic for an exasanguinating kindjal used by the fremen warrior, Shadrath.","[""Items.Schematics.MeleeWeapons.Knife"",""LootTier.4"",""Rarity.Rare"",""LootPool.4""]","2026-02-25 21:38:24.494667+00"
"1865","Shadrath's Edge","A modified maula pistol that shoots two darts at once.","[""Items.Holsters.RangedWeapons.Light.Pistol"",""LootTier.4"",""Rarity.Rare""]","2026-02-25 21:38:24.494667+00"
"1866","Shadrath's Edge Schematic","Schematic for a modified Maula Pistol that shoots two darts at once in bursts.","[""Items.Schematics.RangedWeapons.Light.Pistol"",""LootTier.4"",""Rarity.Rare"",""LootPool.2""]","2026-02-25 21:38:24.494667+00"
"1867","Shadrath's Stillsuit Boots","Stillsuit boots made in imitation of Shadrath the Fremen.","[""Items.Clothes.Stillsuit.Feet"",""LootTier.4"",""Rarity.Rare""]","2026-02-25 21:38:24.494667+00"
"1868","Shadrath's Stillsuit Boots Schematic","Schematic for stillsuit boots made in imitation of Shadrath the Fremen.","[""Items.Schematics.Clothes.Stillsuit"",""LootTier.4"",""Rarity.Rare"",""LootPool.2""]","2026-02-25 21:38:24.494667+00"
"1869","Shadrath's Stillsuit Garment","Stillsuit garment made in imitation of Shadrath the Fremen.","[""Items.Clothes.Stillsuit.Torso"",""LootTier.4"",""Rarity.Rare""]","2026-02-25 21:38:24.494667+00"
"1870","Shadrath's Stillsuit Garment Schematic","Schematic for a stillsuit garment made in imitation of Shadrath the Fremen.","[""Items.Schematics.Clothes.Stillsuit"",""LootTier.4"",""Rarity.Rare"",""LootPool.2""]","2026-02-25 21:38:24.494667+00"
"1871","Shadrath's Stillsuit Gloves","Stillsuit gloves made in imitation of Shadrath the Fremen.","[""Items.Clothes.Stillsuit.Hands"",""LootTier.4"",""Rarity.Rare""]","2026-02-25 21:38:24.494667+00"
"1872","Shadrath's Stillsuit Gloves Schematic","Schematic for stillsuit gloves made in imitation of Shadrath the Fremen.","[""Items.Schematics.Clothes.Stillsuit"",""LootTier.4"",""Rarity.Rare"",""LootPool.2""]","2026-02-25 21:38:24.494667+00"
"1873","Shadrath's Stillsuit Mask","Stillsuit mask made in imitation of Shadrath the Fremen.","[""Items.Clothes.Stillsuit.Head"",""LootTier.4"",""Rarity.Rare""]","2026-02-25 21:38:24.494667+00"
"1874","Shadrath's Stillsuit Mask Schematic","Schematic for stillsuit mask made in imitation of Shadrath the Fremen.","[""Items.Schematics.Clothes.Stillsuit"",""LootTier.4"",""Rarity.Rare"",""LootPool.2""]","2026-02-25 21:38:24.494667+00"
"1875","Shaitan's Tongue","An advanced flamethrower with a large nozzle.","[""Items.Holsters.RangedWeapons.Heavy.Flamethrower"",""LootTier.5"",""Rarity.Rare""]","2026-02-25 21:38:24.494667+00"
"1876","Shaitan's Tongue Schematic","Schematic for an advanced flamethrower with a large nozzle.","[""Items.Schematics.RangedWeapons.Exotic"",""LootTier.5"",""Rarity.Rare"",""LootPool.2""]","2026-02-25 21:38:24.494667+00"
"1877","Sharpened Blade Parts","A fabrication component found in loot","[""Items.ExcludeFromExchange"",""Items.ExcludeFromPlayerSellingToVendor"",""Items.ExcludeFromPlayerBuyingFromVendor"",""Items.ExcludeFromLootSystem"",""Items.NotCustomizable""]","2026-02-25 21:38:24.494667+00"
"1878","Shellburster","A modified scattergun that fires molten darts.","[""Items.Holsters.RangedWeapons.Light.Shotgun"",""LootTier.6"",""Rarity.Rare""]","2026-02-25 21:38:24.494667+00"
"1879","Shellburster Schematic","Schematic for a modified scattergun that fires molten darts.","[""Items.Schematics.RangedWeapons.Light.Shotgun"",""LootTier.6"",""Rarity.Rare"",""LootPool.2""]","2026-02-25 21:38:24.494667+00"
"1880","Shield Dissembler","Shield Dissembler","[""Items.ExcludeFromExchange"",""Items.ExcludeFromLootSystem"",""Items.Contract""]","2026-02-25 21:38:24.494667+00"
"1881","Shield Dissembler","Shield Dissembler .","[""Items.ExcludeFromExchange"",""Items.ExcludeFromPlayerSellingToVendor"",""Items.ExcludeFromPlayerBuyingFromVendor"",""Items.ExcludeFromLootSystem"",""Items.NotCustomizable""]","2026-02-25 21:38:24.494667+00"
"2027","Stillsuit Tubing","A fabrication component found in loot.","[""Items.CraftedResources"",""LootTier.4"",""Loot.Component"",""Items.ExcludeFromLootSystem""]","2026-02-25 21:38:24.494667+00"
"1882","Shield Dissembler","Shield Dissembler .","[""Items.ExcludeFromExchange"",""Items.ExcludeFromPlayerSellingToVendor"",""Items.ExcludeFromPlayerBuyingFromVendor"",""Items.ExcludeFromLootSystem"",""Items.NotCustomizable""]","2026-02-25 21:38:24.494667+00"
"1883","Shigawire Garotte","Shigawire Garotte.","[""Items.ExcludeFromExchange"",""Items.ExcludeFromPlayerSellingToVendor"",""Items.ExcludeFromPlayerBuyingFromVendor"",""Items.ExcludeFromLootSystem"",""Items.NotCustomizable""]","2026-02-25 21:38:24.494667+00"
"1884","Shigawire Garotte","Shigawire Garotte.","[""Items.Contract"",""Items.ExcludeFromExchange""]","2026-02-25 21:38:24.494667+00"
"1885","Shigawire Garrote","Shigawire Garrote","[""Items.ExcludeFromExchange"",""Items.ExcludeFromLootSystem"",""Items.Contract""]","2026-02-25 21:38:24.494667+00"
"1886","Ship Manifest","Detailed records of cargo, crew, and routes.","[""Items.CraftedResources"",""LootTier.6"",""Loot.Component"",""Items.ExcludeFromLootSystem""]","2026-02-25 21:38:24.494667+00"
"1887","Shishakli's Bite","A modified maula pistol that shoots two darts at once.","[""Items.Holsters.RangedWeapons.Light.Pistol"",""LootTier.6"",""Rarity.Rare""]","2026-02-25 21:38:24.494667+00"
"1888","Shishakli's Bite Schematic","Schematic for a modified Maula Pistol that shoots two darts at once in bursts.","[""Items.Schematics.RangedWeapons.Light.Pistol"",""LootTier.6"",""Rarity.Rare"",""LootPool.2""]","2026-02-25 21:38:24.494667+00"
"1889","Shock Gauntlets","A pair of gauntlets that increase power efficiency.","[""Items.Clothes.HeavyArmor.Hands"",""LootTier.3"",""Rarity.Rare""]","2026-02-25 21:38:24.494667+00"
"1890","Shock Gauntlets Schematic","Schematic for a pair of gauntlets that increase power efficiency.","[""Items.Schematics.Clothes.HeavyArmor"",""LootTier.3"",""Rarity.Rare"",""LootPool.2""]","2026-02-25 21:38:24.494667+00"
"1891","Shock-Knife","A knife styled after those used in the Butlerian Jihad.","[""Items.Holsters.MeleeWeapons.Knife.Kindjal"",""LootTier.3"",""Rarity.Rare""]","2026-02-25 21:38:24.494667+00"
"1892","Shock-Knife Schematic","Schematic for a knife styled after those used in the Butlerian Jihad.","[""Items.Schematics.MeleeWeapons.Knife"",""LootTier.3"",""Rarity.Rare"",""LootPool.4""]","2026-02-25 21:38:24.494667+00"
"1893","Shock-sword","A sword styled after those used in the Butlerian Jihad.","[""Items.Holsters.MeleeWeapons.Sword.Sword"",""LootTier.3"",""Rarity.Rare""]","2026-02-25 21:38:24.494667+00"
"1894","Shock-sword  Schematic","Schematic for a sword styled after those used in the Butlerian Jihad.","[""Items.Schematics.MeleeWeapons.Sword"",""LootTier.3"",""Rarity.Rare"",""LootPool.5""]","2026-02-25 21:38:24.494667+00"
"1895","Shotgun","","[]","2026-02-25 21:38:24.494667+00"
"1896","Shotgun1 Schematic","Learnable Schematic","[""Items.ExcludeFromExchange"",""Items.ExcludeFromPlayerSellingToVendor"",""Items.ExcludeFromPlayerBuyingFromVendor"",""Items.ExcludeFromLootSystem"",""Items.NotCustomizable""]","2026-02-25 21:38:24.494667+00"
"1897","Shotgun2 Schematic","Learnable Schematic","[""Items.ExcludeFromExchange"",""Items.ExcludeFromPlayerSellingToVendor"",""Items.ExcludeFromPlayerBuyingFromVendor"",""Items.ExcludeFromLootSystem"",""Items.NotCustomizable""]","2026-02-25 21:38:24.494667+00"
"1898","Shredder","A modified scattergun that converts darts to shrapnel.","[""Items.Holsters.RangedWeapons.Light.Shotgun"",""LootTier.2"",""Rarity.Rare""]","2026-02-25 21:38:24.494667+00"
"1899","Shredder Schematic","Schematic for a modified scattergun that converts darts to shrapnel.","[""Items.Schematics.RangedWeapons.Light.Shotgun"",""LootTier.2"",""Rarity.Rare"",""LootPool.2""]","2026-02-25 21:38:24.494667+00"
"1900","Silicone Block","Flour sand refined into plastic.","[""Items.RefinedResources.Support"",""LootTier.2""]","2026-02-25 21:38:24.494667+00"
"1901","Sim's Cutter","A cutteray that mines with increased efficiency.","[""Items.Holsters.GatheringTools.Cutteray"",""LootTier.1"",""Rarity.Rare"",""Items.NotCustomizable""]","2026-02-25 21:38:24.494667+00"
"1902","Sim's Cutter Schematic","Schematic for a cutteray that mines with increased efficiency.","[""Items.Schematics.GatheringTools.Cutteray"",""LootTier.1"",""Rarity.Rare"",""LootPool.1""]","2026-02-25 21:38:24.494667+00"
"1903","Sinkchart","A blank sinkchart.","[""Items.Maps""]","2026-02-25 21:38:24.494667+00"
"1904","Sinner's Bloodbag","A bloodbag with an extra high capacity for blood.","[""Items.Holsters.HydrationTools"",""LootTier.4"",""Rarity.Rare"",""Items.NotCustomizable""]","2026-02-25 21:38:24.494667+00"
"1905","Sinner's Bloodbag Schematic","Schematic for a bloodbag with an extra high capacity.","[""Items.Schematics.HydrationTools"",""LootTier.4"",""Rarity.Rare"",""LootPool.4""]","2026-02-25 21:38:24.494667+00"
"1906","Skin-lined Jacket","A jacket made from a pale, breathable leather.","[""Items.Clothes.ScoutArmor.Torso"",""LootTier.3"",""Rarity.Rare""]","2026-02-25 21:38:24.494667+00"
"1907","Skin-lined Jacket Schematic","Schematic for a jacket made from a pale, breathable leather.","[""Items.Schematics.Clothes.ScoutArmor"",""LootTier.3"",""Rarity.Rare"",""LootPool.2""]","2026-02-25 21:38:24.494667+00"
"1908","Slave Shipping Ledger","A ledger of numbers and descriptions","[""Contract.Target.Item"",""Items.ExcludeFromExchange"",""Items.Contract""]","2026-02-25 21:38:24.494667+00"
"1909","Slaver Heavy Boots","Heavy boots made from steel.","[""Items.Clothes.HeavyArmor.Feet"",""LootTier.3"",""Loot.GreatHouse""]","2026-02-25 21:38:24.494667+00"
"1910","Slaver Heavy Gloves","Heavy hand armor made from steel.","[""Items.Clothes.HeavyArmor.Hands"",""LootTier.3"",""Loot.GreatHouse""]","2026-02-25 21:38:24.494667+00"
"1911","Slaver Heavy Helmet","Heavy combat helmet made from steel.","[""Items.Clothes.HeavyArmor.Head"",""LootTier.3"",""Loot.GreatHouse""]","2026-02-25 21:38:24.494667+00"
"1912","Slaver Heavy Jerkin","Heavy chest armor made from steel.","[""Items.Clothes.HeavyArmor.Torso"",""LootTier.3"",""Loot.GreatHouse""]","2026-02-25 21:38:24.494667+00"
"1913","Slaver Heavy Pants","Heavy leg armor made from steel.","[""Items.Clothes.HeavyArmor.Legs"",""LootTier.3"",""Loot.GreatHouse""]","2026-02-25 21:38:24.494667+00"
"1914","Slaver Records","A ledger of numbers and descriptions","[""Contract.Target.Item"",""Items.ExcludeFromExchange"",""Items.Contract""]","2026-02-25 21:38:24.494667+00"
"1915","Slaver Scout Boots","Light armor boots made from steel.","[""Items.Clothes.ScoutArmor.Feet"",""LootTier.3"",""Loot.GreatHouse""]","2026-02-25 21:38:24.494667+00"
"1916","Slaver Scout Gloves","Light armor gloves made from steel.","[""Items.Clothes.ScoutArmor.Hands"",""LootTier.3"",""Loot.GreatHouse""]","2026-02-25 21:38:24.494667+00"
"1917","Slaver Scout Jacket","Light armor top made from steel.","[""Items.Clothes.ScoutArmor.Torso"",""LootTier.3"",""Loot.GreatHouse""]","2026-02-25 21:38:24.494667+00"
"1918","Slaver Scout Mask","Light armor helmet made from steel.","[""Items.Clothes.ScoutArmor.Head"",""LootTier.3"",""Loot.GreatHouse""]","2026-02-25 21:38:24.494667+00"
"1919","Slaver Scout Pants","Light armor leggings made from steel.","[""Items.Clothes.ScoutArmor.Legs"",""LootTier.3"",""Loot.GreatHouse""]","2026-02-25 21:38:24.494667+00"
"1920","Slaver Stillsuit Body","A full-body stillsuit with steel fittings.","[""Items.Clothes.Stillsuit.Torso"",""LootTier.3"",""Loot.Fremen"",""Items.ExcludeFromLootSystem""]","2026-02-25 21:38:24.494667+00"
"1921","Slaver Stillsuit Boots","Stillsuit boots with steel actuator pumps.","[""Items.Clothes.Stillsuit.Feet"",""LootTier.3"",""Loot.Fremen"",""Items.ExcludeFromLootSystem""]","2026-02-25 21:38:24.494667+00"
"1922","Slaver Stillsuit Golves","Stillsuit gloves with steel fittings.","[""Items.Clothes.Stillsuit.Hands"",""LootTier.3"",""Loot.Fremen"",""Items.ExcludeFromLootSystem""]","2026-02-25 21:38:24.494667+00"
"1923","Slaver Stillsuit Mask","A stillsuit mask with steel fittings.","[""Items.Clothes.Stillsuit.Head"",""LootTier.3"",""Loot.Fremen"",""Items.ExcludeFromLootSystem""]","2026-02-25 21:38:24.494667+00"
"1924","Small Blood Sack","Portable container used for carrying extracted blood.","[""Items.Holsters.HydrationTools"",""LootTier.0"",""Items.NotCustomizable""]","2026-02-25 21:38:24.494667+00"
"1925","Small Blood Sack Schematic","Used to store blood extracted via exsanguination","[""Items.ExcludeFromExchange"",""Items.ExcludeFromPlayerSellingToVendor"",""Items.ExcludeFromPlayerBuyingFromVendor"",""Items.ExcludeFromLootSystem"",""Items.NotCustomizable""]","2026-02-25 21:38:24.494667+00"
"1926","Small Carpet","","[""Items.Consumables.BuildableSets"",""Items.ExcludeFromLootSystem"",""Items.ExcludeFromExchange""]","2026-02-25 21:38:24.494667+00"
"1927","Small Cistern Patent","A small cistern for storing water","[""Items.ExcludeFromExchange"",""Items.ExcludeFromPlayerSellingToVendor"",""Items.ExcludeFromPlayerBuyingFromVendor"",""Items.ExcludeFromLootSystem"",""Items.NotCustomizable""]","2026-02-25 21:38:24.494667+00"
"1928","Small Insulated Water Cistern","Robust, but stores little water","[""Items.ExcludeFromExchange"",""Items.ExcludeFromPlayerSellingToVendor"",""Items.ExcludeFromPlayerBuyingFromVendor"",""Items.ExcludeFromLootSystem"",""Items.NotCustomizable""]","2026-02-25 21:38:24.494667+00"
"1929","Small Spice Refinery Patent","A small refinery for refining spice","[""Items.Consumables.BuildableSets"",""LootTier.3"",""Items.ExcludeFromLootSystem"",""Items.ExcludeFromExchange""]","2026-02-25 21:38:24.494667+00"
"1930","Small Storage Container Patent","Small Storage Container","[""Items.Consumables.BuildableSets"",""LootTier.0"",""Items.ExcludeFromLootSystem"",""Items.ExcludeFromExchange""]","2026-02-25 21:38:24.494667+00"
"1931","Small Vehicle Fuel Cell","Refined Fuel Cells used to power vehicles.","[""Items.RefinedResources.Fuel"",""LootTier.1""]","2026-02-25 21:38:24.494667+00"
"1932","Smuggler Assault Boots","A smuggler's Assault boots","[""Items.ExcludeFromExchange"",""Items.ExcludeFromPlayerSellingToVendor"",""Items.ExcludeFromPlayerBuyingFromVendor"",""Items.ExcludeFromLootSystem"",""Items.NotCustomizable""]","2026-02-25 21:38:24.494667+00"
"1933","Smuggler Assault Chestpiece","A smuggler's Assault chestpiece","[""Items.ExcludeFromExchange"",""Items.ExcludeFromPlayerSellingToVendor"",""Items.ExcludeFromPlayerBuyingFromVendor"",""Items.ExcludeFromLootSystem"",""Items.NotCustomizable""]","2026-02-25 21:38:24.494667+00"
"1934","Smuggler Assault Gauntlets","A smuggler's Assault gauntlets","[""Items.ExcludeFromExchange"",""Items.ExcludeFromPlayerSellingToVendor"",""Items.ExcludeFromPlayerBuyingFromVendor"",""Items.ExcludeFromLootSystem"",""Items.NotCustomizable""]","2026-02-25 21:38:24.494667+00"
"1935","Smuggler Assault Helmet","A smuggler's Assault helmet","[""Items.ExcludeFromExchange"",""Items.ExcludeFromPlayerSellingToVendor"",""Items.ExcludeFromPlayerBuyingFromVendor"",""Items.ExcludeFromLootSystem"",""Items.NotCustomizable""]","2026-02-25 21:38:24.494667+00"
"1936","Smuggler Assault Pants","A smuggler's Assault pants","[""Items.ExcludeFromExchange"",""Items.ExcludeFromPlayerSellingToVendor"",""Items.ExcludeFromPlayerBuyingFromVendor"",""Items.ExcludeFromLootSystem"",""Items.NotCustomizable""]","2026-02-25 21:38:24.494667+00"
"1937","Smuggler Caparison Boots","Shoes favored by wealthy smugglers on Arrakis","[""Items.ExcludeFromExchange"",""Items.ExcludeFromPlayerSellingToVendor"",""Items.ExcludeFromPlayerBuyingFromVendor"",""Items.ExcludeFromLootSystem"",""Items.NotCustomizable""]","2026-02-25 21:38:24.494667+00"
"1938","Smuggler Caparison Coat","Coat favored by wealthy smugglers on Arrakis","[""Items.ExcludeFromExchange"",""Items.ExcludeFromPlayerSellingToVendor"",""Items.ExcludeFromPlayerBuyingFromVendor"",""Items.ExcludeFromLootSystem"",""Items.NotCustomizable""]","2026-02-25 21:38:24.494667+00"
"1939","Smuggler Caparison Gloves","Gloves favored by wealthy smugglers on Arrakis","[""Items.ExcludeFromExchange"",""Items.ExcludeFromPlayerSellingToVendor"",""Items.ExcludeFromPlayerBuyingFromVendor"",""Items.ExcludeFromLootSystem"",""Items.NotCustomizable""]","2026-02-25 21:38:24.494667+00"
"1940","Smuggler Caparison Pants","Pants favored by wealthy smugglers on Arrakis","[""Items.ExcludeFromExchange"",""Items.ExcludeFromPlayerSellingToVendor"",""Items.ExcludeFromPlayerBuyingFromVendor"",""Items.ExcludeFromLootSystem"",""Items.NotCustomizable""]","2026-02-25 21:38:24.494667+00"
"1941","Smuggler Documents","A set of ledgers and tables.","[""Items.ExcludeFromExchange"",""Items.ExcludeFromPlayerSellingToVendor"",""Items.ExcludeFromPlayerBuyingFromVendor"",""Items.ExcludeFromLootSystem"",""Items.NotCustomizable""]","2026-02-25 21:38:24.494667+00"
"1942","Smuggler Elephant Gun","Double barrel ""anti-shield"" shotgun","[""Items.ExcludeFromExchange"",""Items.ExcludeFromPlayerSellingToVendor"",""Items.ExcludeFromPlayerBuyingFromVendor"",""Items.ExcludeFromLootSystem"",""Items.NotCustomizable""]","2026-02-25 21:38:24.494667+00"
"1943","Smuggler Elephant Gun MK I","Double barrel ""anti-shield"" shotgun","[""Items.ExcludeFromExchange"",""Items.ExcludeFromPlayerSellingToVendor"",""Items.ExcludeFromPlayerBuyingFromVendor"",""Items.ExcludeFromLootSystem"",""Items.NotCustomizable""]","2026-02-25 21:38:24.494667+00"
"1944","Smuggler Notes","A hand-written ledger","[""Contract.Target.Item"",""Items.ExcludeFromExchange"",""Items.Contract""]","2026-02-25 21:38:24.494667+00"
"1945","Smuggler Pathfinder Boots","Boots for the smuggler pathfinder","[""Items.ExcludeFromExchange"",""Items.ExcludeFromPlayerSellingToVendor"",""Items.ExcludeFromPlayerBuyingFromVendor"",""Items.ExcludeFromLootSystem"",""Items.NotCustomizable""]","2026-02-25 21:38:24.494667+00"
"1946","Smuggler Pathfinder Chest","Top for the smuggler pathfinder","[""Items.ExcludeFromExchange"",""Items.ExcludeFromPlayerSellingToVendor"",""Items.ExcludeFromPlayerBuyingFromVendor"",""Items.ExcludeFromLootSystem"",""Items.NotCustomizable""]","2026-02-25 21:38:24.494667+00"
"1947","Smuggler Pathfinder Gloves","Gloves for the smuggler pathfinder","[""Items.ExcludeFromExchange"",""Items.ExcludeFromPlayerSellingToVendor"",""Items.ExcludeFromPlayerBuyingFromVendor"",""Items.ExcludeFromLootSystem"",""Items.NotCustomizable""]","2026-02-25 21:38:24.494667+00"
"1948","Smuggler Pathfinder Helmet","Helmet for the smuggler pathfinder","[""Items.ExcludeFromExchange"",""Items.ExcludeFromPlayerSellingToVendor"",""Items.ExcludeFromPlayerBuyingFromVendor"",""Items.ExcludeFromLootSystem"",""Items.NotCustomizable""]","2026-02-25 21:38:24.494667+00"
"1949","Smuggler Pathfinder Legs","Bottom for the smuggler pathfinder","[""Items.ExcludeFromExchange"",""Items.ExcludeFromPlayerSellingToVendor"",""Items.ExcludeFromPlayerBuyingFromVendor"",""Items.ExcludeFromLootSystem"",""Items.NotCustomizable""]","2026-02-25 21:38:24.494667+00"
"1950","Smuggler Renegade Boots","A renegade smuggler's boots","[""Items.ExcludeFromExchange"",""Items.ExcludeFromPlayerSellingToVendor"",""Items.ExcludeFromPlayerBuyingFromVendor"",""Items.ExcludeFromLootSystem"",""Items.NotCustomizable""]","2026-02-25 21:38:24.494667+00"
"1951","Smuggler Renegade Chestpiece","A renegade smuggler's chestpiece","[""Items.ExcludeFromExchange"",""Items.ExcludeFromPlayerSellingToVendor"",""Items.ExcludeFromPlayerBuyingFromVendor"",""Items.ExcludeFromLootSystem"",""Items.NotCustomizable""]","2026-02-25 21:38:24.494667+00"
"1952","Smuggler Renegade Gauntlets","A renegade smuggler's gloves","[""Items.ExcludeFromExchange"",""Items.ExcludeFromPlayerSellingToVendor"",""Items.ExcludeFromPlayerBuyingFromVendor"",""Items.ExcludeFromLootSystem"",""Items.NotCustomizable""]","2026-02-25 21:38:24.494667+00"
"1953","Smuggler Renegade Hood","A renegade smuggler's goggles","[""Items.ExcludeFromExchange"",""Items.ExcludeFromPlayerSellingToVendor"",""Items.ExcludeFromPlayerBuyingFromVendor"",""Items.ExcludeFromLootSystem"",""Items.NotCustomizable""]","2026-02-25 21:38:24.494667+00"
"2028","Stim-Leggings","Light leggings with reduced stamina drain while sprinting.","[""Items.Clothes.ScoutArmor.Legs"",""LootTier.5"",""Rarity.Rare""]","2026-02-25 21:38:24.494667+00"
"1954","Smuggler Renegade Pants","A renegade smuggler's pants","[""Items.ExcludeFromExchange"",""Items.ExcludeFromPlayerSellingToVendor"",""Items.ExcludeFromPlayerBuyingFromVendor"",""Items.ExcludeFromLootSystem"",""Items.NotCustomizable""]","2026-02-25 21:38:24.494667+00"
"1955","Smuggler Scout Boots","A smuggler's Scout boots","[""Items.ExcludeFromExchange"",""Items.ExcludeFromPlayerSellingToVendor"",""Items.ExcludeFromPlayerBuyingFromVendor"",""Items.ExcludeFromLootSystem"",""Items.NotCustomizable""]","2026-02-25 21:38:24.494667+00"
"1956","Smuggler Scout Chestpiece","A smuggler's Scout chestpiece","[""Items.ExcludeFromExchange"",""Items.ExcludeFromPlayerSellingToVendor"",""Items.ExcludeFromPlayerBuyingFromVendor"",""Items.ExcludeFromLootSystem"",""Items.NotCustomizable""]","2026-02-25 21:38:24.494667+00"
"1957","Smuggler Scout Gauntlets","A smuggler's Scout gauntlets","[""Items.ExcludeFromExchange"",""Items.ExcludeFromPlayerSellingToVendor"",""Items.ExcludeFromPlayerBuyingFromVendor"",""Items.ExcludeFromLootSystem"",""Items.NotCustomizable""]","2026-02-25 21:38:24.494667+00"
"1958","Smuggler Scout Helmet","A smuggler's Scout helmet","[""Items.ExcludeFromExchange"",""Items.ExcludeFromPlayerSellingToVendor"",""Items.ExcludeFromPlayerBuyingFromVendor"",""Items.ExcludeFromLootSystem"",""Items.NotCustomizable""]","2026-02-25 21:38:24.494667+00"
"1959","Smuggler Scout Pants","A smuggler's Scout pants","[""Items.ExcludeFromExchange"",""Items.ExcludeFromPlayerSellingToVendor"",""Items.ExcludeFromPlayerBuyingFromVendor"",""Items.ExcludeFromLootSystem"",""Items.NotCustomizable""]","2026-02-25 21:38:24.494667+00"
"1960","SmugglerAssault Schematic","Learnable Schematic","[""Items.ExcludeFromExchange"",""Items.ExcludeFromPlayerSellingToVendor"",""Items.ExcludeFromPlayerBuyingFromVendor"",""Items.ExcludeFromLootSystem"",""Items.NotCustomizable""]","2026-02-25 21:38:24.494667+00"
"1961","SmugglerCaparison Schematic","Learnable Schematic","[""Items.ExcludeFromExchange"",""Items.ExcludeFromPlayerSellingToVendor"",""Items.ExcludeFromPlayerBuyingFromVendor"",""Items.ExcludeFromLootSystem"",""Items.NotCustomizable""]","2026-02-25 21:38:24.494667+00"
"1962","SmugglerRenegade Schematic","Learnable Schematic","[""Items.ExcludeFromExchange"",""Items.ExcludeFromPlayerSellingToVendor"",""Items.ExcludeFromPlayerBuyingFromVendor"",""Items.ExcludeFromLootSystem"",""Items.NotCustomizable""]","2026-02-25 21:38:24.494667+00"
"1963","SmugglerScout Schematic","Learnable Schematic","[""Items.ExcludeFromExchange"",""Items.ExcludeFromPlayerSellingToVendor"",""Items.ExcludeFromPlayerBuyingFromVendor"",""Items.ExcludeFromLootSystem"",""Items.NotCustomizable""]","2026-02-25 21:38:24.494667+00"
"1964","Softstep Boots","A pair of boots that decrease vibrations.","[""Items.Clothes.ScoutArmor.Feet"",""LootTier.2"",""Rarity.Rare""]","2026-02-25 21:38:24.494667+00"
"1965","Softstep Boots Schematic","Schematic for a pair of boots that decrease vibrations.","[""Items.Schematics.Clothes.ScoutArmor"",""LootTier.2"",""Rarity.Rare"",""LootPool.2""]","2026-02-25 21:38:24.494667+00"
"1966","Solido Construction Projector Schematic","Schematic for a Solido Construction Projector","[""Items.ExcludeFromExchange"",""Items.ExcludeFromPlayerSellingToVendor"",""Items.ExcludeFromPlayerBuyingFromVendor"",""Items.ExcludeFromLootSystem"",""Items.NotCustomizable""]","2026-02-25 21:38:24.494667+00"
"1967","Solido Replicator","Use to copy and reproduce the layout of a base","[""Items.Holsters.BuildingTools.CopyTool"",""LootTier.0"",""Items.NotCustomizable""]","2026-02-25 21:38:24.494667+00"
"1968","Solido Replicator Schematic","Tool used for building blueprints","[""Items.ExcludeFromExchange"",""Items.ExcludeFromPlayerSellingToVendor"",""Items.ExcludeFromPlayerBuyingFromVendor"",""Items.ExcludeFromLootSystem"",""Items.NotCustomizable""]","2026-02-25 21:38:24.494667+00"
"1969","Spark-Knife","A knife styled after those used in the Butlerian Jihad.","[""Items.Holsters.MeleeWeapons.Knife.Kindjal"",""LootTier.4"",""Rarity.Rare""]","2026-02-25 21:38:24.494667+00"
"1970","Spark-Knife Schematic","Schematic for a knife styled after those used in the Butlerian Jihad.","[""Items.Schematics.MeleeWeapons.Knife"",""LootTier.4"",""Rarity.Rare"",""LootPool.4""]","2026-02-25 21:38:24.494667+00"
"1971","Spark-sword","A sword styled after those used in the Butlerian Jihad.","[""Items.Holsters.MeleeWeapons.Sword.Sword"",""LootTier.4"",""Rarity.Rare""]","2026-02-25 21:38:24.494667+00"
"1972","Spark-sword Schematic","Schematic for a sword styled after those used in the Butlerian Jihad.","[""Items.Schematics.MeleeWeapons.Sword"",""LootTier.4"",""Rarity.Rare"",""LootPool.5""]","2026-02-25 21:38:24.494667+00"
"1973","Spice Blow Miniature","","[""Items.Consumables.BuildableSets"",""Items.ExcludeFromLootSystem"",""Items.ExcludeFromExchange""]","2026-02-25 21:38:24.494667+00"
"1974","Spice Field Records","A crude map depicting some local landmarks.","[""Contract.Target.Item"",""Items.ExcludeFromExchange"",""Items.Contract""]","2026-02-25 21:38:24.494667+00"
"1975","Spice Generator Patent","A patent for a spice-powered generator","[""Items.Consumables.BuildableSets"",""LootTier.6"",""Items.ExcludeFromLootSystem"",""Items.ExcludeFromExchange""]","2026-02-25 21:38:24.494667+00"
"1976","Spice Mask","A mask that filters out spice.","[""Items.Clothes.ScoutArmor.Head"",""LootTier.4"",""Items.ExcludeFromLootSystem""]","2026-02-25 21:38:24.494667+00"
"1977","Spice Melange","Nothing is worth more.","[""Items.RefinedResources.Spice"",""LootTier.3"",""Items.ExcludeFromLootSystem""]","2026-02-25 21:38:24.494667+00"
"1978","Spice Residue","Leftovers, more valuable than gold.","[""Items.RawResources.Spice"",""LootTier.2""]","2026-02-25 21:38:24.494667+00"
"1979","Spice Residue Sample","","[""Contract.Target.Item"",""Items.ExcludeFromExchange"",""Items.Contract""]","2026-02-25 21:38:24.494667+00"
"1980","Spice Trader Finery Breeches","Pants favored by spice traders on Arrakis","[""Items.ExcludeFromExchange"",""Items.ExcludeFromPlayerSellingToVendor"",""Items.ExcludeFromPlayerBuyingFromVendor"",""Items.ExcludeFromLootSystem"",""Items.NotCustomizable""]","2026-02-25 21:38:24.494667+00"
"1981","Spice Trader Finery Coat","Coat favored by spice traders on Arrakis","[""Items.ExcludeFromExchange"",""Items.ExcludeFromPlayerSellingToVendor"",""Items.ExcludeFromPlayerBuyingFromVendor"",""Items.ExcludeFromLootSystem"",""Items.NotCustomizable""]","2026-02-25 21:38:24.494667+00"
"1982","Spice Trader Finery Hat","Hat favored by spice traders on Arrakis","[""Items.ExcludeFromExchange"",""Items.ExcludeFromPlayerSellingToVendor"",""Items.ExcludeFromPlayerBuyingFromVendor"",""Items.ExcludeFromLootSystem"",""Items.NotCustomizable""]","2026-02-25 21:38:24.494667+00"
"1983","Spice Trader Finery Shoes","Shoes favored by spice traders on Arrakis","[""Items.ExcludeFromExchange"",""Items.ExcludeFromPlayerSellingToVendor"",""Items.ExcludeFromPlayerBuyingFromVendor"",""Items.ExcludeFromLootSystem"",""Items.NotCustomizable""]","2026-02-25 21:38:24.494667+00"
"1984","Spice Trader Finery Shoes","Shoes favored by spice traders on Arrakis","[""Items.ExcludeFromExchange"",""Items.ExcludeFromPlayerSellingToVendor"",""Items.ExcludeFromPlayerBuyingFromVendor"",""Items.ExcludeFromLootSystem"",""Items.NotCustomizable""]","2026-02-25 21:38:24.494667+00"
"1985","Spice-infused Aluminum Dust","A fabrication component used in unique items.","[""Items.CraftedResources"",""LootTier.4"",""Loot.Component"",""Rarity.Rare""]","2026-02-25 21:38:24.494667+00"
"1986","Spice-infused Copper Dust","A fabrication component used in unique items.","[""Items.CraftedResources"",""LootTier.1"",""Loot.Component"",""Rarity.Rare""]","2026-02-25 21:38:24.494667+00"
"1987","Spice-infused Duraluminum Dust","A fabrication component used in unique items.","[""Items.CraftedResources"",""LootTier.5"",""Loot.Component"",""Rarity.Rare""]","2026-02-25 21:38:24.494667+00"
"1988","Spice-infused Fuel Cell","A fuel made from spice residue in a Medium Chemical Refinery.","[""Items.RefinedResources.Fuel"",""LootTier.6"",""Items.ExcludeFromLootSystem""]","2026-02-25 21:38:24.494667+00"
"1989","Spice-infused Iron Dust","A fabrication component used in unique items.","[""Items.CraftedResources"",""LootTier.2"",""Loot.Component"",""Rarity.Rare""]","2026-02-25 21:38:24.494667+00"
"1990","Spice-infused Plastanium Dust","A fabrication component used in unique items.","[""Items.CraftedResources"",""LootTier.6"",""Loot.Component"",""Rarity.Rare""]","2026-02-25 21:38:24.494667+00"
"1991","Spice-infused Steel Dust","A fabrication component used in unique items.","[""Items.CraftedResources"",""LootTier.3"",""Loot.Component"",""Rarity.Rare""]","2026-02-25 21:38:24.494667+00"
"1992","Spiced Drink Schematic","Drink infused with spice.","[""Items.ExcludeFromExchange"",""Items.ExcludeFromPlayerSellingToVendor"",""Items.ExcludeFromPlayerBuyingFromVendor"",""Items.ExcludeFromLootSystem"",""Items.NotCustomizable""]","2026-02-25 21:38:24.494667+00"
"1993","Spiced Food Schematic","Food infused with spice.","[""Items.ExcludeFromExchange"",""Items.ExcludeFromPlayerSellingToVendor"",""Items.ExcludeFromPlayerBuyingFromVendor"",""Items.ExcludeFromLootSystem"",""Items.NotCustomizable""]","2026-02-25 21:38:24.494667+00"
"1994","SpiceGatherersGarb Schematic","Learnable Schematic","[""Items.ExcludeFromExchange"",""Items.ExcludeFromPlayerSellingToVendor"",""Items.ExcludeFromPlayerBuyingFromVendor"",""Items.ExcludeFromLootSystem"",""Items.NotCustomizable""]","2026-02-25 21:38:24.494667+00"
"1995","SpiceResidue Schematic","Learnable Schematic","[""Items.ExcludeFromExchange"",""Items.ExcludeFromPlayerSellingToVendor"",""Items.ExcludeFromPlayerBuyingFromVendor"",""Items.ExcludeFromLootSystem"",""Items.NotCustomizable""]","2026-02-25 21:38:24.494667+00"
"1996","SpiceTraderFinery Schematic","Learnable Schematic","[""Items.ExcludeFromExchange"",""Items.ExcludeFromPlayerSellingToVendor"",""Items.ExcludeFromPlayerBuyingFromVendor"",""Items.ExcludeFromLootSystem"",""Items.NotCustomizable""]","2026-02-25 21:38:24.494667+00"
"1997","Staking Unit","Device for staking out more land for bases.","[""Items.Holsters.BuildingTools"",""LootTier.3"",""Items.NotCustomizable"",""Items.NotCustomizable""]","2026-02-25 21:38:24.494667+00"
"1998","Staking Unit Schematic","Schematic for a Staking Unit","[""Items.ExcludeFromExchange"",""Items.ExcludeFromPlayerSellingToVendor"",""Items.ExcludeFromPlayerBuyingFromVendor"",""Items.ExcludeFromLootSystem"",""Items.NotCustomizable""]","2026-02-25 21:38:24.494667+00"
"1999","Stammershot","A modified battle rifle that fires bursts of darts.","[""Items.Holsters.RangedWeapons.Light.Rifle.BattleRifle"",""LootTier.4"",""Rarity.Rare""]","2026-02-25 21:38:24.494667+00"
"2000","Stammershot Schematic","Schematic for a modified battle rifle that fires bursts of darts.","[""Items.Schematics.RangedWeapons.Light.Rifle"",""LootTier.4"",""Rarity.Rare"",""LootPool.2""]","2026-02-25 21:38:24.494667+00"
"2001","Standard Disruptor M11","Rapid fire disruptor.","[""Items.Holsters.RangedWeapons.Light.SMG"",""LootTier.2"",""Loot.GreatHouse""]","2026-02-25 21:38:24.494667+00"
"2002","Standard Filter","A standard filter crafted in a Survival Fabricator.","[""Items.RefinedResources.Fuel"",""LootTier.4"",""Items.ExcludeFromLootSystem""]","2026-02-25 21:38:24.494667+00"
"2003","Standard GRDA 44","Wide range scattergun.","[""Items.Holsters.RangedWeapons.Light.Shotgun"",""LootTier.2"",""Loot.GreatHouse""]","2026-02-25 21:38:24.494667+00"
"2004","Standard Karpov 38","Gas powered assault rifle.","[""Items.Holsters.RangedWeapons.Light.Rifle.BattleRifle"",""LootTier.2"",""Loot.GreatHouse""]","2026-02-25 21:38:24.494667+00"
"2005","Standard Karpov 38","Gas powered assault rifle.","[""Items.ExcludeFromExchange"",""Items.ExcludeFromPlayerSellingToVendor"",""Items.ExcludeFromPlayerBuyingFromVendor"",""Items.ExcludeFromLootSystem"",""Items.NotCustomizable""]","2026-02-25 21:38:24.494667+00"
"2006","Standard Kindjal","Curved short blade used for close combat.","[""Items.Holsters.MeleeWeapons.Knife.Kindjal"",""LootTier.2"",""Loot.GreatHouse""]","2026-02-25 21:38:24.494667+00"
"2007","Standard Maula Pistol","Lightweight Pistol.","[""Items.Holsters.RangedWeapons.Light.Pistol"",""LootTier.2"",""Loot.GreatHouse""]","2026-02-25 21:38:24.494667+00"
"2008","Standard Sword","Long bladed melee weapon.","[""Items.Holsters.MeleeWeapons.Sword.Sword"",""LootTier.2"",""Loot.GreatHouse""]","2026-02-25 21:38:24.494667+00"
"2009","Starburst","A modified scattergun that fires molten darts.","[""Items.Holsters.RangedWeapons.Light.Shotgun"",""LootTier.5"",""Rarity.Rare""]","2026-02-25 21:38:24.494667+00"
"2010","Starburst Schematic","Schematic for a modified scattergun that fires molten darts.","[""Items.Schematics.RangedWeapons.Light.Shotgun"",""LootTier.5"",""Rarity.Rare"",""LootPool.2""]","2026-02-25 21:38:24.494667+00"
"2011","Starting Set Patent","Starting building set","[""Items.ExcludeFromExchange"",""Items.ExcludeFromPlayerSellingToVendor"",""Items.ExcludeFromPlayerBuyingFromVendor"",""Items.ExcludeFromLootSystem"",""Items.NotCustomizable""]","2026-02-25 21:38:24.494667+00"
"2012","Static Compactor","Tool for compacting flour sand and spice sand for gathering.","[""Items.Holsters.GatheringTools.Compactor"",""LootTier.2"",""Loot.Fremen"",""Items.ExcludeFromLootSystem"",""Items.ExcludeFromPlayerBuyingFromVendor"",""Items.NotCustomizable""]","2026-02-25 21:38:24.494667+00"
"2013","Static Needle","Rapier that disrupts power supply of opponents.","[""Items.Holsters.MeleeWeapons.Sword.Rapier"",""LootTier.6"",""Rarity.Rare""]","2026-02-25 21:38:24.494667+00"
"2014","Static Needle Schematic","Rapier that disrupts power supply of opponents.","[""Items.Schematics.MeleeWeapons.Sword"",""LootTier.6"",""Rarity.Rare"",""LootPool.5""]","2026-02-25 21:38:24.494667+00"
"2015","Station 15 Component","A component found in Station 15","[""Items.ExcludeFromExchange"",""Items.ExcludeFromPlayerSellingToVendor"",""Items.ExcludeFromPlayerBuyingFromVendor"",""Items.ExcludeFromLootSystem"",""Items.NotCustomizable""]","2026-02-25 21:38:24.494667+00"
"2016","Station Garb","A jacket made from breathable materials.","[""Items.Clothes.ScoutArmor.Torso"",""LootTier.5"",""Rarity.Rare""]","2026-02-25 21:38:24.494667+00"
"2017","Station Garb Schematic","Schematic for a jacket made from breathable materials.","[""Items.Schematics.Clothes.ScoutArmor"",""LootTier.5"",""Rarity.Rare"",""LootPool.2""]","2026-02-25 21:38:24.494667+00"
"2018","Station Gauntlets","A pair of gauntlets that increase power efficiency.","[""Items.Clothes.HeavyArmor.Hands"",""LootTier.5"",""Rarity.Rare""]","2026-02-25 21:38:24.494667+00"
"2019","Station Gauntlets Schematic","Schematic for a pair of gauntlets that increase power efficiency.","[""Items.Schematics.Clothes.HeavyArmor"",""LootTier.5"",""Rarity.Rare"",""LootPool.2""]","2026-02-25 21:38:24.494667+00"
"2020","Steady Assault Boost Module Mk5","A modified boost that sacrifices speed for range","[""Items.Holsters.Deployables.VehicleExtra.MediumOrniCHOAM"",""LootTier.5"",""Rarity.Rare"",""Items.NotCustomizable""]","2026-02-25 21:38:24.494667+00"
"2021","Steady Assault Boost Module Mk5 Schematic","Schematic for a modified boost that sacrifices speed for range.","[""Items.Schematics.Deployables.VehicleExtra.MediumOrniCHOAM"",""LootTier.5"",""Rarity.Rare""]","2026-02-25 21:38:24.494667+00"
"2022","Steady Assault Boost Module Mk6","A modified boost that sacrifices speed for range","[""Items.Holsters.Deployables.VehicleExtra.MediumOrniCHOAM"",""LootTier.6"",""Rarity.Rare"",""Items.NotCustomizable""]","2026-02-25 21:38:24.494667+00"
"2023","Steady Assault Boost Module Mk6 Schematic","Schematic for a modified boost that sacrifices speed for range.","[""Items.Schematics.Deployables.VehicleExtra.MediumOrniCHOAM"",""LootTier.6"",""Rarity.Rare""]","2026-02-25 21:38:24.494667+00"
"2024","Steady Carrier Boost Module Mk6","A modified boost that sacrifices speed for range","[""Items.Holsters.Deployables.VehicleExtra.TransportOrniCHOAM"",""LootTier.6"",""Rarity.Rare"",""Items.ExcludeFromExchange"",""Items.NotCustomizable""]","2026-02-25 21:38:24.494667+00"
"2030","Stormrider Boost Module Mk4","A 'thopter boost module designed for Arrakis conditions","[""Items.Holsters.Deployables.VehicleExtra.LightOrniCHOAM"",""LootTier.4"",""Rarity.Rare"",""Items.NotCustomizable""]","2026-02-25 21:38:24.494667+00"
"2031","Stormrider Boost Module Mk4 Schematic","A schematic for a boost module designed for Arrakis conditions.","[""Items.Schematics.Deployables.VehicleExtra.LightOrniChoam"",""LootTier.4"",""Rarity.Rare"",""LootPool.3""]","2026-02-25 21:38:24.494667+00"
"2032","Stormrider Boost Module Mk5","A 'thopter boost module designed for Arrakis conditions","[""Items.Holsters.Deployables.VehicleExtra.LightOrniCHOAM"",""LootTier.5"",""Rarity.Rare"",""Items.NotCustomizable""]","2026-02-25 21:38:24.494667+00"
"2033","Stormrider Boost Module Mk5 Schematic","A schematic for a boost module designed for Arrakis conditions.","[""Items.Schematics.Deployables.VehicleExtra.LightOrniCHOAM"",""LootTier.5"",""Rarity.Rare"",""LootPool.3""]","2026-02-25 21:38:24.494667+00"
"2034","Stormrider Boost Module Mk6","A 'thopter boost module designed for Arrakis conditions","[""Items.Holsters.Deployables.VehicleExtra.LightOrniCHOAM"",""LootTier.6"",""Rarity.Rare"",""Items.NotCustomizable""]","2026-02-25 21:38:24.494667+00"
"2035","Stormrider Boost Module Mk6 Schematic","A schematic for a boost module designed for Arrakis conditions.","[""Items.Schematics.Deployables.VehicleExtra.LightOrniCHOAM"",""LootTier.6"",""Rarity.Rare"",""LootPool.3""]","2026-02-25 21:38:24.494667+00"
"2036","Strategy Room Large Carpet","","[""Items.Consumables.BuildableSets"",""Items.ExcludeFromLootSystem"",""Items.ExcludeFromExchange""]","2026-02-25 21:38:24.494667+00"
"2037","Strategy Room Sign","","[""Items.Consumables.BuildableSets"",""Items.ExcludeFromLootSystem"",""Items.ExcludeFromExchange""]","2026-02-25 21:38:24.494667+00"
"2038","Strategy Table","","[""Items.Consumables.BuildableSets"",""LootTier.6"",""Items.ExcludeFromLootSystem"",""Items.ExcludeFromExchange""]","2026-02-25 21:38:24.494667+00"
"2039","Stravidium Fiber","Refined from stravidium mass.","[""Items.RefinedResources.Support"",""LootTier.6""]","2026-02-25 21:38:24.494667+00"
"2040","Stravidium Mass","Refine in a Chemical Refinery.","[""Items.RawResources.Support"",""LootTier.6""]","2026-02-25 21:38:24.494667+00"
"2041","Stress Test","","[""Items.ExcludeFromExchange"",""Items.ExcludeFromPlayerSellingToVendor"",""Items.ExcludeFromPlayerBuyingFromVendor"",""Items.ExcludeFromLootSystem"",""Items.NotCustomizable""]","2026-02-25 21:38:24.494667+00"
"2042","Sub-Leader Key","Sub-Leader Key","[""Items.ExcludeFromExchange"",""Items.Contract""]","2026-02-25 21:38:24.494667+00"
"2043","Sub-Leader Key","Sub-Leader Key.","[""Items.ExcludeFromExchange"",""Items.ExcludeFromPlayerSellingToVendor"",""Items.ExcludeFromPlayerBuyingFromVendor"",""Items.ExcludeFromLootSystem"",""Items.NotCustomizable""]","2026-02-25 21:38:24.494667+00"
"2044","Surveillance Report","A hand-written set of notes on Harkonnen battle phrases","[""Contract.Target.Item"",""Items.ExcludeFromExchange"",""Items.Contract""]","2026-02-25 21:38:24.494667+00"
"2045","Survey Probe","Probe to load the Survey Probe Launcher with.","[""Items.Holsters.CartographyTools"",""LootTier.1"",""Loot.Fremen"",""Items.NotCustomizable""]","2026-02-25 21:38:24.494667+00"
"2046","Survey Probe (Tier 1) Schematic","Survey Probe Short Desc","[""Items.ExcludeFromExchange"",""Items.ExcludeFromPlayerSellingToVendor"",""Items.ExcludeFromPlayerBuyingFromVendor"",""Items.ExcludeFromLootSystem"",""Items.NotCustomizable""]","2026-02-25 21:38:24.494667+00"
"2047","Survey Probe Launcher","Launches Survey Probe to map an area.","[""Items.Holsters.CartographyTools"",""LootTier.1"",""Loot.Fremen"",""Items.NotCustomizable""]","2026-02-25 21:38:24.494667+00"
"2048","Survey Probe Launcher Schematic","Survey Probe Launcher Short Desc","[""Items.ExcludeFromExchange"",""Items.ExcludeFromPlayerSellingToVendor"",""Items.ExcludeFromPlayerBuyingFromVendor"",""Items.ExcludeFromLootSystem"",""Items.NotCustomizable""]","2026-02-25 21:38:24.494667+00"
"2049","Suspensor Belt Schematic","Schematic for aSuspensor Belt","[""Items.ExcludeFromExchange"",""Items.ExcludeFromPlayerSellingToVendor"",""Items.ExcludeFromPlayerBuyingFromVendor"",""Items.ExcludeFromLootSystem"",""Items.NotCustomizable""]","2026-02-25 21:38:24.494667+00"
"2051","Suspicious Message","A message bearing the Harkonnen Seal.","[""Contract.Target.Item"",""Items.ExcludeFromExchange"",""Items.Contract""]","2026-02-25 21:38:24.494667+00"
"2052","Swordmaster Armor Set","Armor Container.","[""Items.ExcludeFromExchange""]","2026-02-25 21:38:24.494667+00"
"2053","Swordmaster Heavy Armor Set Schematic","A schematic set for the Swordmaster Unique Armor","[""Items.ExcludeFromExchange"",""Items.ExcludeFromPlayerSellingToVendor"",""Items.ExcludeFromPlayerBuyingFromVendor"",""Items.ExcludeFromLootSystem"",""Items.NotCustomizable""]","2026-02-25 21:38:24.494667+00"
"2054","Swordmasters Boots","A Unique Swordmaster Armor Boots.","[""Items.ExcludeFromPlayerSellingToVendor"",""Items.ExcludeFromPlayerBuyingFromVendor"",""Items.ExcludeFromLootSystem"",""Items.ExcludeFromExchange""]","2026-02-25 21:38:24.494667+00"
"2055","Swordmasters Gauntlets","A Unique Swordmaster Armor Gauntlets.","[""Items.ExcludeFromPlayerSellingToVendor"",""Items.ExcludeFromPlayerBuyingFromVendor"",""Items.ExcludeFromLootSystem"",""Items.ExcludeFromExchange""]","2026-02-25 21:38:24.494667+00"
"2056","Swordmasters Helm","A Unique Swordmaster Armor Helmet.","[""Items.ExcludeFromPlayerSellingToVendor"",""Items.ExcludeFromPlayerBuyingFromVendor"",""Items.ExcludeFromLootSystem"",""Items.ExcludeFromExchange""]","2026-02-25 21:38:24.494667+00"
"2057","Swordmasters Leggings","A Unique Swordmaster Armor Leggings.","[""Items.ExcludeFromPlayerSellingToVendor"",""Items.ExcludeFromPlayerBuyingFromVendor"",""Items.ExcludeFromLootSystem"",""Items.ExcludeFromExchange""]","2026-02-25 21:38:24.494667+00"
"2058","Swordmasters Tunic","A Unique Swordmaster Armor Chest.","[""Items.ExcludeFromPlayerSellingToVendor"",""Items.ExcludeFromPlayerBuyingFromVendor"",""Items.ExcludeFromLootSystem"",""Items.ExcludeFromExchange""]","2026-02-25 21:38:24.494667+00"
"2059","Syndicate Boots","Boots worn by Syndicate Mercenaries.","[""Items.Clothes.ScoutArmor.Feet"",""LootTier.5"",""Rarity.Rare""]","2026-02-25 21:38:24.494667+00"
"2060","Syndicate Boots Schematic","Schematic for boots worn by Syndicate Mercenaries.","[""Items.Schematics.Clothes.AssaultArmor"",""LootTier.5"",""Rarity.Rare"",""LootPool.2""]","2026-02-25 21:38:24.494667+00"
"2061","Syndicate Chestplate","A chestplate worn by Syndicate Mercenaries.","[""Items.Clothes.ScoutArmor.Torso"",""LootTier.5"",""Rarity.Rare""]","2026-02-25 21:38:24.494667+00"
"2062","Syndicate Chestplate Schematic","Schematic for a chestplate worn by Syndicate Mercenaries.","[""Items.Schematics.Clothes.AssaultArmor"",""LootTier.5"",""Rarity.Rare"",""LootPool.2""]","2026-02-25 21:38:24.494667+00"
"2063","Syndicate Contract","A note ordering a hit on 'a person of interest'.","[""Items.ExcludeFromExchange"",""Items.Contract""]","2026-02-25 21:38:24.494667+00"
"2064","Syndicate Gauntlets","Gauntlets worn by Syndicate Mercenaries.","[""Items.Clothes.ScoutArmor.Hands"",""LootTier.5"",""Rarity.Rare""]","2026-02-25 21:38:24.494667+00"
"2065","Syndicate Gauntlets Schematic","Schematic for gauntlets worn by Syndicate Mercenaries.","[""Items.Schematics.Clothes.AssaultArmor"",""LootTier.5"",""Rarity.Rare"",""LootPool.2""]","2026-02-25 21:38:24.494667+00"
"2066","Syndicate Helmet","A helmet worn by Syndicate Mercenaries.","[""Items.Clothes.ScoutArmor.Head"",""LootTier.5"",""Rarity.Rare""]","2026-02-25 21:38:24.494667+00"
"2067","Syndicate Helmet Schematic","Schematic for a helmet worn by Syndicate Mercenaries.","[""Items.Schematics.Clothes.AssaultArmor"",""LootTier.5"",""Rarity.Rare"",""LootPool.2""]","2026-02-25 21:38:24.494667+00"
"2068","Syndicate Impaler","A modified scattergun that converts darts to shrapnel.","[""Items.Holsters.RangedWeapons.Light.Shotgun"",""LootTier.5"",""Rarity.Rare""]","2026-02-25 21:38:24.494667+00"
"2069","Syndicate Impaler Schematic","Schematic for a modified scattergun that converts darts to shrapnel.","[""Items.Schematics.RangedWeapons.Light.Shotgun"",""LootTier.5"",""Rarity.Rare"",""LootPool.2""]","2026-02-25 21:38:24.494667+00"
"2070","Syndicate Pants","Pants worn by Syndicate Mercenaries.","[""Items.Clothes.ScoutArmor.Legs"",""LootTier.5"",""Rarity.Rare""]","2026-02-25 21:38:24.494667+00"
"2071","Syndicate Pants Schematic","Schematic for pants worn by Syndicate Mercenaries.","[""Items.Schematics.Clothes.AssaultArmor"",""LootTier.5"",""Rarity.Rare"",""LootPool.2""]","2026-02-25 21:38:24.494667+00"
"2072","Ta'lab Softstep Boots","A pair of boots that decrease vibrations.","[""Items.Clothes.ScoutArmor.Feet"",""LootTier.3"",""Rarity.Rare""]","2026-02-25 21:38:24.494667+00"
"2073","Ta'lab Softstep Boots Schematic","Schematic for a pair of boots that decrease vibrations.","[""Items.Schematics.Clothes.ScoutArmor"",""LootTier.3"",""Rarity.Rare"",""LootPool.2""]","2026-02-25 21:38:24.494667+00"
"2074","Table","","[""Items.Consumables.BuildableSets"",""Items.ExcludeFromLootSystem"",""Items.ExcludeFromExchange""]","2026-02-25 21:38:24.494667+00"
"2075","Tabr Softstep Boots","A pair of boots that decrease vibrations.","[""Items.Clothes.ScoutArmor.Feet"",""LootTier.6"",""Rarity.Rare""]","2026-02-25 21:38:24.494667+00"
"2076","Tabr Softstep Boots Schematic","Schematic for a pair of boots that decrease vibrations.","[""Items.Schematics.Clothes.ScoutArmor"",""LootTier.6"",""Rarity.Rare"",""LootPool.2""]","2026-02-25 21:38:24.494667+00"
"2077","Tainted Spice","","[""Contract.Target.Item"",""Items.ExcludeFromExchange"",""Items.Contract""]","2026-02-25 21:38:24.494667+00"
"2078","Tank Booster Schematic","Schematic for a Tank Booster","[""Items.ExcludeFromExchange"",""Items.ExcludeFromPlayerSellingToVendor"",""Items.ExcludeFromPlayerBuyingFromVendor"",""Items.ExcludeFromLootSystem"",""Items.NotCustomizable""]","2026-02-25 21:38:24.494667+00"
"2079","Tank Chassis 7","Defines the fuel capacity of the vehicle.","[""Items.ExcludeFromExchange"",""Items.ExcludeFromPlayerSellingToVendor"",""Items.ExcludeFromPlayerBuyingFromVendor"",""Items.ExcludeFromLootSystem"",""Items.NotCustomizable""]","2026-02-25 21:38:24.494667+00"
"2080","Tank Cockpit 7","Comes with a driver seat.","[""Items.ExcludeFromExchange"",""Items.ExcludeFromPlayerSellingToVendor"",""Items.ExcludeFromPlayerBuyingFromVendor"",""Items.ExcludeFromLootSystem"",""Items.NotCustomizable""]","2026-02-25 21:38:24.494667+00"
"2081","Tank Cockpit Schematic","Cockpit for the CHOAM Tank","[""Items.ExcludeFromExchange"",""Items.ExcludeFromPlayerSellingToVendor"",""Items.ExcludeFromPlayerBuyingFromVendor"",""Items.ExcludeFromLootSystem"",""Items.NotCustomizable""]","2026-02-25 21:38:24.494667+00"
"2082","Tank Dart Gun 7","Adds a projectile weapon to the Tank.","[""Items.ExcludeFromExchange"",""Items.ExcludeFromPlayerSellingToVendor"",""Items.ExcludeFromPlayerBuyingFromVendor"",""Items.ExcludeFromLootSystem"",""Items.NotCustomizable""]","2026-02-25 21:38:24.494667+00"
"2083","Tank Engine 7","Defines the acceleration and speed of the Tank.","[""Items.ExcludeFromExchange"",""Items.ExcludeFromPlayerSellingToVendor"",""Items.ExcludeFromPlayerBuyingFromVendor"",""Items.ExcludeFromLootSystem"",""Items.NotCustomizable""]","2026-02-25 21:38:24.494667+00"
"2084","Tank Engine Schematic","Schematic for a Tank Engine","[""Items.ExcludeFromExchange"",""Items.ExcludeFromPlayerSellingToVendor"",""Items.ExcludeFromPlayerBuyingFromVendor"",""Items.ExcludeFromLootSystem"",""Items.NotCustomizable""]","2026-02-25 21:38:24.494667+00"
"2085","Tank Flamethrower 7","Adds a flamethrower to the Tank.","[""Items.ExcludeFromExchange"",""Items.ExcludeFromPlayerSellingToVendor"",""Items.ExcludeFromPlayerBuyingFromVendor"",""Items.ExcludeFromLootSystem"",""Items.NotCustomizable""]","2026-02-25 21:38:24.494667+00"
"2086","Tank Flamethrower Schematic","Flamethrower for the CHOAM Tank","[""Items.ExcludeFromExchange"",""Items.ExcludeFromPlayerSellingToVendor"",""Items.ExcludeFromPlayerBuyingFromVendor"",""Items.ExcludeFromLootSystem"",""Items.NotCustomizable""]","2026-02-25 21:38:24.494667+00"
"2087","Tank Heavy Dart Cannon Schematic","Heavy dart cannon for the CHOAM Tank","[""Items.ExcludeFromExchange"",""Items.ExcludeFromPlayerSellingToVendor"",""Items.ExcludeFromPlayerBuyingFromVendor"",""Items.ExcludeFromLootSystem"",""Items.NotCustomizable""]","2026-02-25 21:38:24.494667+00"
"2088","Tank Hull 7","Comes with a gunner seat and two passenger seats.","[""Items.ExcludeFromExchange"",""Items.ExcludeFromPlayerSellingToVendor"",""Items.ExcludeFromPlayerBuyingFromVendor"",""Items.ExcludeFromLootSystem"",""Items.NotCustomizable""]","2026-02-25 21:38:24.494667+00"
"2089","Tank Inventory 7","Adds inventory space to the Tank.","[""Items.ExcludeFromExchange"",""Items.ExcludeFromPlayerSellingToVendor"",""Items.ExcludeFromPlayerBuyingFromVendor"",""Items.ExcludeFromLootSystem"",""Items.NotCustomizable""]","2026-02-25 21:38:24.494667+00"
"2090","Tank Light Dart Repeater Schematic","Light dart repeater for the CHOAM Tank","[""Items.ExcludeFromExchange"",""Items.ExcludeFromPlayerSellingToVendor"",""Items.ExcludeFromPlayerBuyingFromVendor"",""Items.ExcludeFromLootSystem"",""Items.NotCustomizable""]","2026-02-25 21:38:24.494667+00"
"2091","Tank Miniature","","[""Items.Consumables.BuildableSets"",""Items.ExcludeFromLootSystem"",""Items.ExcludeFromExchange""]","2026-02-25 21:38:24.494667+00"
"2092","Tank Power Supply Unit 7","Defines power efficiency and controls temperature.","[""Items.ExcludeFromExchange"",""Items.ExcludeFromPlayerSellingToVendor"",""Items.ExcludeFromPlayerBuyingFromVendor"",""Items.ExcludeFromLootSystem"",""Items.NotCustomizable""]","2026-02-25 21:38:24.494667+00"
"2093","Tank PSU Schematic","Schematic for a Tank Power Supply Unit","[""Items.ExcludeFromExchange"",""Items.ExcludeFromPlayerSellingToVendor"",""Items.ExcludeFromPlayerBuyingFromVendor"",""Items.ExcludeFromLootSystem"",""Items.NotCustomizable""]","2026-02-25 21:38:24.494667+00"
"2094","Tank Shield","","[""Items.ExcludeFromExchange"",""Items.ExcludeFromPlayerSellingToVendor"",""Items.ExcludeFromPlayerBuyingFromVendor"",""Items.ExcludeFromLootSystem"",""Items.NotCustomizable""]","2026-02-25 21:38:24.494667+00"
"2095","Tank Storage Unit Schematic","Schematic for a Tank Storage Unit","[""Items.ExcludeFromExchange"",""Items.ExcludeFromPlayerSellingToVendor"",""Items.ExcludeFromPlayerBuyingFromVendor"",""Items.ExcludeFromLootSystem"",""Items.NotCustomizable""]","2026-02-25 21:38:24.494667+00"
"2096","Tank Tread 7","Defines the grip of the Tank.","[""Items.ExcludeFromExchange"",""Items.ExcludeFromPlayerSellingToVendor"",""Items.ExcludeFromPlayerBuyingFromVendor"",""Items.ExcludeFromLootSystem"",""Items.NotCustomizable""]","2026-02-25 21:38:24.494667+00"
"2097","Tank Turbo Boost 7","Adds a turbo boost ability to the Tank.","[""Items.ExcludeFromExchange"",""Items.ExcludeFromPlayerSellingToVendor"",""Items.ExcludeFromPlayerBuyingFromVendor"",""Items.ExcludeFromLootSystem"",""Items.NotCustomizable""]","2026-02-25 21:38:24.494667+00"
"2098","Tank Turret Hull Schematic","Turret hull for the CHOAM Tank","[""Items.ExcludeFromExchange"",""Items.ExcludeFromPlayerSellingToVendor"",""Items.ExcludeFromPlayerBuyingFromVendor"",""Items.ExcludeFromLootSystem"",""Items.NotCustomizable""]","2026-02-25 21:38:24.494667+00"
"2099","Tank Turret Module Schematic","Learnable Schematic","[""Items.ExcludeFromExchange"",""Items.ExcludeFromPlayerSellingToVendor"",""Items.ExcludeFromPlayerBuyingFromVendor"",""Items.ExcludeFromLootSystem"",""Items.NotCustomizable""]","2026-02-25 21:38:24.494667+00"
"2100","Tank Schematic","Schematic for a Tank","[""Items.ExcludeFromExchange"",""Items.ExcludeFromPlayerSellingToVendor"",""Items.ExcludeFromPlayerBuyingFromVendor"",""Items.ExcludeFromLootSystem"",""Items.NotCustomizable""]","2026-02-25 21:38:24.494667+00"
"2101","Taqwa's Double","A modified maula pistol that shoots two darts at once.","[""Items.Holsters.RangedWeapons.Light.Pistol"",""LootTier.5"",""Rarity.Rare""]","2026-02-25 21:38:24.494667+00"
"2102","Taqwa's Double Schematic","Schematic for a modified Maula Pistol that shoots two darts at once in bursts.","[""Items.Schematics.RangedWeapons.Light.Pistol"",""LootTier.5"",""Rarity.Rare"",""LootPool.2""]","2026-02-25 21:38:24.494667+00"
"2103","Tarl Cutteray","An industrial cutteray tuned for better yields.","[""Items.Holsters.GatheringTools.Cutteray"",""LootTier.5"",""Rarity.Rare"",""Items.NotCustomizable""]","2026-02-25 21:38:24.494667+00"
"2104","Tarl Cutteray Schematic","Schematic for an industrial cutteray tuned for better yields.","[""Items.Schematics.GatheringTools.Cutteray"",""LootTier.5"",""Rarity.Rare"",""LootPool.4""]","2026-02-25 21:38:24.494667+00"
"2105","Tarl Softstep Boots","A pair of boots that decrease vibrations.","[""Items.Clothes.ScoutArmor.Feet"",""LootTier.5"",""Rarity.Rare""]","2026-02-25 21:38:24.494667+00"
"2106","Tarl Softstep Boots Schematic","Schematic for a pair of boots that decrease vibrations.","[""Items.Schematics.Clothes.ScoutArmor"",""LootTier.5"",""Rarity.Rare"",""LootPool.2""]","2026-02-25 21:38:24.494667+00"
"2107","Terrarium of Muad’dib","A terrarium containing a live muad'dib","[""Items.Consumables.BuildableSets"",""LootTier.1"",""Items.ExcludeFromLootSystem"",""Items.ExcludeFromExchange""]","2026-02-25 21:38:24.494667+00"
"2108","Test Contract","Test Short Description","[""Items.ExcludeFromExchange"",""Items.ExcludeFromPlayerSellingToVendor"",""Items.ExcludeFromPlayerBuyingFromVendor"",""Items.ExcludeFromLootSystem"",""Items.NotCustomizable""]","2026-02-25 21:38:24.494667+00"
"2109","TEST Phase3 Item Schematic","Item to craft for Phase 3 of March playtest","[""Items.ExcludeFromExchange"",""Items.ExcludeFromPlayerSellingToVendor"",""Items.ExcludeFromPlayerBuyingFromVendor"",""Items.ExcludeFromLootSystem"",""Items.NotCustomizable""]","2026-02-25 21:38:24.494667+00"
"2110","The Ancient Way","An ancient missile launcher with tracking missiles.","[""Items.Holsters.RangedWeapons.Heavy.RocketLauncher"",""LootTier.6"",""Rarity.Rare""]","2026-02-25 21:38:24.494667+00"
"2111","The Ancient Way Schematic","Schematic for an ancient missile launcher with tracking missiles.","[""Items.Schematics.RangedWeapons.Exotic"",""LootTier.6"",""Rarity.Rare"",""LootPool.5""]","2026-02-25 21:38:24.494667+00"
"2112","The Baron's Bloodbag","A bloodbag with an extra high capacity for blood.","[""Items.Holsters.HydrationTools"",""LootTier.6"",""Rarity.Rare"",""Items.NotCustomizable""]","2026-02-25 21:38:24.494667+00"
"2113","The Baron's Bloodbag Schematic","Schematic for a bloodbag with an extra high capacity.","[""Items.Schematics.HydrationTools"",""LootTier.6"",""Rarity.Rare"",""LootPool.4""]","2026-02-25 21:38:24.494667+00"
"2114","The Emperor's Wings Mk1","A suspensor belt that allows temporary gravity negation.","[""Items.Holsters.UtilityTools.Suspensor"",""LootTier.1"",""Rarity.Rare"",""Items.NotCustomizable""]","2026-02-25 21:38:24.494667+00"
"2115","The Emperor's Wings Mk1 Schematic","Schematic for a suspensor belt that allows temporary gravity negation.","[""Items.Schematics.UtilityTools.Suspensor"",""LootTier.1"",""Rarity.Rare"",""LootPool.3""]","2026-02-25 21:38:24.494667+00"
"2116","The Emperor's Wings Mk2","A suspensor belt that allows temporary gravity negation.","[""Items.Holsters.UtilityTools.Suspensor"",""LootTier.2"",""Rarity.Rare"",""Items.NotCustomizable""]","2026-02-25 21:38:24.494667+00"
"2117","The Emperor's Wings Mk2 Schematic","Cruise smoothly through the air.","[""Items.Schematics.UtilityTools.Suspensor"",""LootTier.2"",""Rarity.Rare"",""LootPool.3""]","2026-02-25 21:38:24.494667+00"
"2118","The Emperor's Wings Mk3","A suspensor belt that allows temporary gravity negation.","[""Items.Holsters.UtilityTools.Suspensor"",""LootTier.3"",""Rarity.Rare"",""Items.NotCustomizable""]","2026-02-25 21:38:24.494667+00"
"2119","The Emperor's Wings Mk3 Schematic","Cruise smoothly through the air.","[""Items.Schematics.UtilityTools.Suspensor"",""LootTier.3"",""Rarity.Rare"",""LootPool.3""]","2026-02-25 21:38:24.494667+00"
"2120","The Emperor's Wings Mk4","A suspensor belt that allows temporary gravity negation.","[""Items.Holsters.UtilityTools.Suspensor"",""LootTier.4"",""Rarity.Rare"",""Items.NotCustomizable""]","2026-02-25 21:38:24.494667+00"
"2121","The Emperor's Wings Mk4 Schematic","Cruise smoothly through the air.","[""Items.Schematics.UtilityTools.Suspensor"",""LootTier.4"",""Rarity.Rare"",""LootPool.3""]","2026-02-25 21:38:24.494667+00"
"2122","The Emperor's Wings Mk5","A suspensor belt that allows temporary gravity negation.","[""Items.Holsters.UtilityTools.Suspensor"",""LootTier.5"",""Rarity.Rare"",""Items.NotCustomizable""]","2026-02-25 21:38:24.494667+00"
"2123","The Emperor's Wings Mk5 Schematic","Cruise smoothly through the air.","[""Items.Schematics.UtilityTools.Suspensor"",""LootTier.5"",""Rarity.Rare"",""LootPool.3""]","2026-02-25 21:38:24.494667+00"
"2124","The Emperor's Wings Mk6","A suspensor belt that allows temporary gravity negation.","[""Items.Holsters.UtilityTools.Suspensor"",""LootTier.6"",""Rarity.Rare"",""Items.NotCustomizable""]","2026-02-25 21:38:24.494667+00"
"2125","The Emperor's Wings Mk6 Schematic","Cruise smoothly through the air.","[""Items.Schematics.UtilityTools.Suspensor"",""LootTier.6"",""Rarity.Rare"",""LootPool.3""]","2026-02-25 21:38:24.494667+00"
"2126","The First Knife","","[]","2026-02-25 21:38:24.494667+00"
"2127","Pre-Beta Rapier","","[]","2026-02-25 21:38:24.494667+00"
"2128","The Forge Boots","A pair of boots hardened against heat.","[""Items.Clothes.ScoutArmor.Feet"",""LootTier.6"",""Rarity.Rare""]","2026-02-25 21:38:24.494667+00"
"2129","The Forge Boots Schematic","Schematic for a pair of boots hardened against heat.","[""Items.Schematics.Clothes.AssaultArmor"",""LootTier.6"",""Rarity.Rare"",""LootPool.2""]","2026-02-25 21:38:24.494667+00"
"2130","The Forge Chestpiece","A chestpiece hardened against heat.","[""Items.Clothes.ScoutArmor.Torso"",""LootTier.6"",""Rarity.Rare""]","2026-02-25 21:38:24.494667+00"
"2131","The Forge Chestpiece Schematic","Schematic for a chestpiece hardened against heat.","[""Items.Schematics.Clothes.AssaultArmor"",""LootTier.6"",""Rarity.Rare"",""LootPool.2""]","2026-02-25 21:38:24.494667+00"
"2132","The Forge Gloves","A pair of gloves hardened against heat.","[""Items.Clothes.ScoutArmor.Hands"",""LootTier.6"",""Rarity.Rare""]","2026-02-25 21:38:24.494667+00"
"2133","The Forge Gloves Schematic","Schematic for a pair of gloves hardened against heat.","[""Items.Schematics.Clothes.AssaultArmor"",""LootTier.6"",""Rarity.Rare"",""LootPool.2""]","2026-02-25 21:38:24.494667+00"
"2134","The Forge Helmet","A helmet hardened against heat.","[""Items.Clothes.ScoutArmor.Head"",""LootTier.6"",""Rarity.Rare""]","2026-02-25 21:38:24.494667+00"
"2135","The Forge Helmet Schematic","Schematic for a helmet hardened against heat.","[""Items.Schematics.Clothes.AssaultArmor"",""LootTier.6"",""Rarity.Rare"",""LootPool.2""]","2026-02-25 21:38:24.494667+00"
"2136","The Forge Pants","A pair of pants hardened against heat.","[""Items.Clothes.ScoutArmor.Legs"",""LootTier.6"",""Rarity.Rare""]","2026-02-25 21:38:24.494667+00"
"2137","The Forge Pants Schematic","Schematic for a pair of pants hardened against heat.","[""Items.Schematics.Clothes.AssaultArmor"",""LootTier.6"",""Rarity.Rare"",""LootPool.2""]","2026-02-25 21:38:24.494667+00"
"2138","The Glutton's Hook","A blade in the shape of a hook.","[""Items.Holsters.MeleeWeapons.Knife"",""Items.ExcludeFromLootSystem"",""Items.ExcludeFromLootSystem"",""Items.ExcludeFromExchange"",""Items.ExcludeFromPlayerBuyingFromVendor"",""Rarity.Memento""]","2026-02-25 21:38:24.494667+00"
"2139","The Guerilla in the Desert","A Sandflies Training Manual","[""Contract.Target.Item"",""Items.ExcludeFromExchange"",""Items.Contract""]","2026-02-25 21:38:24.494667+00"
"2140","The Jackal's Blindfold","Light-weight armor.","[""Items.Clothes.ScoutArmor.Head"",""Rarity.Memento"",""Items.ExcludeFromLootSystem"",""Items.ExcludeFromPlayerBuyingFromVendor"",""Items.ExcludeFromExchange""]","2026-02-25 21:38:24.494667+00"
"2141","The Mahdi's Blade","Fremen religious text found in the Hagga Basin","[""Items.ExcludeFromExchange"",""Items.ExcludeFromLootSystem"",""Items.Contract"",""Contract.Target.Item""]","2026-02-25 21:38:24.494667+00"
"2142","The Mahdi's Blade","Religious text found in the Imperial Basin.","[""Items.ExcludeFromExchange"",""Items.ExcludeFromPlayerSellingToVendor"",""Items.ExcludeFromPlayerBuyingFromVendor"",""Items.ExcludeFromLootSystem"",""Items.NotCustomizable""]","2026-02-25 21:38:24.494667+00"
"2143","The Man in the Shadows","Gavril Shigov","[""Items.ExcludeFromExchange"",""Items.Contract""]","2026-02-25 21:38:24.494667+00"
"2144","The Red Scorpion","A propaganda pamphlet.","[""Contract.Target.Item"",""Items.ExcludeFromExchange"",""Items.Contract""]","2026-02-25 21:38:24.494667+00"
"2145","The Tapper","A modified battle rifle that fires explosive darts.","[""Items.Holsters.RangedWeapons.Light.Rifle.BattleRifle"",""LootTier.3"",""Rarity.Rare""]","2026-02-25 21:38:24.494667+00"
"2146","The Tapper Schematic","Schematic for a modified battle rifle that fires explosive darts.","[""Items.Schematics.RangedWeapons.Light.Rifle"",""LootTier.3"",""Rarity.Rare"",""LootPool.2""]","2026-02-25 21:38:24.494667+00"
"2147","Thermo-Responsive Ray Amplifier","A crafting component found in the Deep Desert.","[""Items.CraftedResources"",""LootTier.6"",""Loot.Component"",""Items.ExcludeFromLootSystem""]","2026-02-25 21:38:24.494667+00"
"2148","Thermo-Responsive Ray Amplifier Schematic","N/A","[""Items.ExcludeFromExchange"",""Items.ExcludeFromPlayerSellingToVendor"",""Items.ExcludeFromPlayerBuyingFromVendor"",""Items.ExcludeFromLootSystem"",""Items.NotCustomizable""]","2026-02-25 21:38:24.494667+00"
"2149","Thermoelectric Cooler","A crafting component found on the Deep Desert Shield Wall.","[""Items.CraftedResources"",""LootTier.5"",""Loot.Component"",""Items.ExcludeFromLootSystem""]","2026-02-25 21:38:24.494667+00"
"2150","Thick Armor Plating","A fabrication component found in loot","[""Items.ExcludeFromExchange"",""Items.ExcludeFromPlayerSellingToVendor"",""Items.ExcludeFromPlayerBuyingFromVendor"",""Items.ExcludeFromLootSystem"",""Items.NotCustomizable""]","2026-02-25 21:38:24.494667+00"
"2151","Thopter G-Suit Boots","An ornithopter pilot's boots","[""Items.ExcludeFromExchange"",""Items.ExcludeFromPlayerSellingToVendor"",""Items.ExcludeFromPlayerBuyingFromVendor"",""Items.ExcludeFromLootSystem"",""Items.NotCustomizable""]","2026-02-25 21:38:24.494667+00"
"2152","Thopter G-Suit Gloves","An ornithopter pilot's gloves","[""Items.ExcludeFromExchange"",""Items.ExcludeFromPlayerSellingToVendor"",""Items.ExcludeFromPlayerBuyingFromVendor"",""Items.ExcludeFromLootSystem"",""Items.NotCustomizable""]","2026-02-25 21:38:24.494667+00"
"2153","Thopter G-Suit Helmet","An ornithopter pilot's helmet","[""Items.ExcludeFromExchange"",""Items.ExcludeFromPlayerSellingToVendor"",""Items.ExcludeFromPlayerBuyingFromVendor"",""Items.ExcludeFromLootSystem"",""Items.NotCustomizable""]","2026-02-25 21:38:24.494667+00"
"2154","Thopter G-Suit Jacket","An ornithopter pilot's g-suit","[""Items.ExcludeFromExchange"",""Items.ExcludeFromPlayerSellingToVendor"",""Items.ExcludeFromPlayerBuyingFromVendor"",""Items.ExcludeFromLootSystem"",""Items.NotCustomizable""]","2026-02-25 21:38:24.494667+00"
"2155","Thopter G-Suit Pants","An ornithopter pilot's g-suit","[""Items.ExcludeFromExchange"",""Items.ExcludeFromPlayerSellingToVendor"",""Items.ExcludeFromPlayerBuyingFromVendor"",""Items.ExcludeFromLootSystem"",""Items.NotCustomizable""]","2026-02-25 21:38:24.494667+00"
"2156","ThopterG-Suit Schematic","Learnable Schematic","[""Items.ExcludeFromExchange"",""Items.ExcludeFromPlayerSellingToVendor"",""Items.ExcludeFromPlayerBuyingFromVendor"",""Items.ExcludeFromLootSystem"",""Items.NotCustomizable""]","2026-02-25 21:38:24.494667+00"
"2157","Thufir's Best","An assassin's rifle that fires poisonous darts at long range.","[""Items.Holsters.RangedWeapons.Light.Rifle.SpitDart"",""LootTier.5"",""Rarity.Rare""]","2026-02-25 21:38:24.494667+00"
"2158","Thufir's Best Schematic","Schematic for an assassin's rifle that fires poisonous darts at long range.","[""Items.Schematics.RangedWeapons.Light.Rifle"",""LootTier.5"",""Rarity.Rare"",""LootPool.2""]","2026-02-25 21:38:24.494667+00"
"2159","Thumper","","[]","2026-02-25 21:38:24.494667+00"
"2160","Titanium Ore","Refine in a Medium Ore Refinery.","[""Items.RawResources.Metal"",""LootTier.6""]","2026-02-25 21:38:24.494667+00"
"2161","Tleilaxu Datapad","A datapad written in a strange language.","[""Contract.Target.Item"",""Items.ExcludeFromExchange"",""Items.Contract""]","2026-02-25 21:38:24.494667+00"
"2162","Tleilaxu Eyes","","[""Items.ExcludeFromExchange"",""Items.ExcludeFromPlayerSellingToVendor"",""Items.ExcludeFromPlayerBuyingFromVendor"",""Items.ExcludeFromLootSystem"",""Items.NotCustomizable""]","2026-02-25 21:38:24.494667+00"
"2163","Tleilaxu Eyes","Contract Item","[""Contract.Target.Item"",""Items.ExcludeFromExchange"",""Items.Contract""]","2026-02-25 21:38:24.494667+00"
"2164","Toolbox","","[""Items.Consumables.BuildableSets"",""Items.ExcludeFromLootSystem"",""Items.ExcludeFromExchange""]","2026-02-25 21:38:24.494667+00"
"2165","Tradepost Delivery","","[""Items.ExcludeFromExchange"",""Items.ExcludeFromPlayerSellingToVendor"",""Items.ExcludeFromPlayerBuyingFromVendor"",""Items.ExcludeFromLootSystem"",""Items.NotCustomizable""]","2026-02-25 21:38:24.494667+00"
"2166","Transceiver","EMPTY SOURCE STRING","[""Items.ExcludeFromExchange"",""Items.ExcludeFromPlayerSellingToVendor"",""Items.ExcludeFromPlayerBuyingFromVendor"",""Items.ExcludeFromLootSystem"",""Items.NotCustomizable""]","2026-02-25 21:38:24.494667+00"
"2167","Transport Ornithopter  Schematic","Schematic for a Carrier Ornithopter","[""Items.ExcludeFromExchange"",""Items.ExcludeFromPlayerSellingToVendor"",""Items.ExcludeFromPlayerBuyingFromVendor"",""Items.ExcludeFromLootSystem"",""Items.NotCustomizable""]","2026-02-25 21:38:24.494667+00"
"2168","Transport Ornithopter Chassis 7","Defines the fuel capacity of the vehicle.","[""Items.ExcludeFromExchange"",""Items.ExcludeFromPlayerSellingToVendor"",""Items.ExcludeFromPlayerBuyingFromVendor"",""Items.ExcludeFromLootSystem"",""Items.NotCustomizable""]","2026-02-25 21:38:24.494667+00"
"2169","Transport Ornithopter Engine 7","Defines the maximum speed of the Ornithopter.","[""Items.ExcludeFromExchange"",""Items.ExcludeFromPlayerSellingToVendor"",""Items.ExcludeFromPlayerBuyingFromVendor"",""Items.ExcludeFromLootSystem"",""Items.NotCustomizable""]","2026-02-25 21:38:24.494667+00"
"2170","Transport Ornithopter Generator 7","Defines power efficiency and controls temperature.","[""Items.ExcludeFromExchange"",""Items.ExcludeFromPlayerSellingToVendor"",""Items.ExcludeFromPlayerBuyingFromVendor"",""Items.ExcludeFromLootSystem"",""Items.NotCustomizable""]","2026-02-25 21:38:24.494667+00"
"2171","Transport Ornithopter Harness","Harness attachment for the Carrier Ornithopter","[""Items.ExcludeFromExchange"",""Items.ExcludeFromPlayerSellingToVendor"",""Items.ExcludeFromPlayerBuyingFromVendor"",""Items.ExcludeFromLootSystem"",""Items.NotCustomizable""]","2026-02-25 21:38:24.494667+00"
"2172","Transport Ornithopter Main Hull 7","Comes with seats for the pilot and five passengers.","[""Items.ExcludeFromExchange"",""Items.ExcludeFromPlayerSellingToVendor"",""Items.ExcludeFromPlayerBuyingFromVendor"",""Items.ExcludeFromLootSystem"",""Items.NotCustomizable""]","2026-02-25 21:38:24.494667+00"
"2173","Transport Ornithopter Shield","","[""Items.ExcludeFromExchange"",""Items.ExcludeFromPlayerSellingToVendor"",""Items.ExcludeFromPlayerBuyingFromVendor"",""Items.ExcludeFromLootSystem"",""Items.NotCustomizable""]","2026-02-25 21:38:24.494667+00"
"2174","Transport Ornithopter Shield Generator 7","Adds a shield ability to the Ornithopter.","[""Items.ExcludeFromExchange"",""Items.ExcludeFromPlayerSellingToVendor"",""Items.ExcludeFromPlayerBuyingFromVendor"",""Items.ExcludeFromLootSystem"",""Items.NotCustomizable""]","2026-02-25 21:38:24.494667+00"
"2175","Transport Ornithopter Side Hull 7","Adds a protective layer to the sides of the Ornithopter.","[""Items.ExcludeFromExchange"",""Items.ExcludeFromPlayerSellingToVendor"",""Items.ExcludeFromPlayerBuyingFromVendor"",""Items.ExcludeFromLootSystem"",""Items.NotCustomizable""]","2026-02-25 21:38:24.494667+00"
"2176","Transport Ornithopter Tail Hull 7","Adds a protective layer to the rear of the Ornithopter.","[""Items.ExcludeFromExchange"",""Items.ExcludeFromPlayerSellingToVendor"",""Items.ExcludeFromPlayerBuyingFromVendor"",""Items.ExcludeFromLootSystem"",""Items.NotCustomizable""]","2026-02-25 21:38:24.494667+00"
"2177","Transport Ornithopter Thruster 7","Adds a thrust ability to the Ornithopter.","[""Items.ExcludeFromExchange"",""Items.ExcludeFromPlayerSellingToVendor"",""Items.ExcludeFromPlayerBuyingFromVendor"",""Items.ExcludeFromLootSystem"",""Items.NotCustomizable""]","2026-02-25 21:38:24.494667+00"
"2178","Transport Ornithopter Wing 7","Influences the flying capabilities of the Ornithopter.","[""Items.ExcludeFromExchange"",""Items.ExcludeFromPlayerSellingToVendor"",""Items.ExcludeFromPlayerBuyingFromVendor"",""Items.ExcludeFromLootSystem"",""Items.NotCustomizable""]","2026-02-25 21:38:24.494667+00"
"2179","Transport Thopter Shield Module Schematic","A shield module for a CHOAM Transport Thopter","[""Items.ExcludeFromExchange"",""Items.ExcludeFromPlayerSellingToVendor"",""Items.ExcludeFromPlayerBuyingFromVendor"",""Items.ExcludeFromLootSystem"",""Items.NotCustomizable""]","2026-02-25 21:38:24.494667+00"
"2180","Transport Thopter Tail Schematic","Standard tail hull for a CHOAM Transport Thopter","[""Items.ExcludeFromExchange"",""Items.ExcludeFromPlayerSellingToVendor"",""Items.ExcludeFromPlayerBuyingFromVendor"",""Items.ExcludeFromLootSystem"",""Items.NotCustomizable""]","2026-02-25 21:38:24.494667+00"
"2181","Transport Thopter Thruster Schematic","A thruster module for a CHOAM Transport Thopter","[""Items.ExcludeFromExchange"",""Items.ExcludeFromPlayerSellingToVendor"",""Items.ExcludeFromPlayerBuyingFromVendor"",""Items.ExcludeFromLootSystem"",""Items.NotCustomizable""]","2026-02-25 21:38:24.494667+00"
"2182","Tri-Forged Hydraulic Piston","A crafting component found in the Deep Desert.","[""Items.CraftedResources"",""LootTier.6"",""Loot.Component"",""Items.ExcludeFromLootSystem""]","2026-02-25 21:38:24.494667+00"
"2183","Tri-Forged Hydraulic Piston Schematic","N/A","[""Items.ExcludeFromExchange"",""Items.ExcludeFromPlayerSellingToVendor"",""Items.ExcludeFromPlayerBuyingFromVendor"",""Items.ExcludeFromLootSystem"",""Items.NotCustomizable""]","2026-02-25 21:38:24.494667+00"
"2184","Trooper Armor Set","Armor Container.","[""Items.ExcludeFromExchange""]","2026-02-25 21:38:24.494667+00"
"2185","Trooper Heavy Armor Set Schematic","A schematic set for the Trooper Unique Armor","[""Items.ExcludeFromExchange"",""Items.ExcludeFromPlayerSellingToVendor"",""Items.ExcludeFromPlayerBuyingFromVendor"",""Items.ExcludeFromLootSystem"",""Items.NotCustomizable""]","2026-02-25 21:38:24.494667+00"
"2186","Trooper's Fatigues Boots","A Unique Trooper's Fatigues Boots.","[""Items.ExcludeFromPlayerSellingToVendor"",""Items.ExcludeFromPlayerBuyingFromVendor"",""Items.ExcludeFromLootSystem"",""Items.ExcludeFromExchange""]","2026-02-25 21:38:24.494667+00"
"2187","Trooper's Fatigues Chest","A Unique Trooper's Fatigues Chest.","[""Items.ExcludeFromPlayerSellingToVendor"",""Items.ExcludeFromPlayerBuyingFromVendor"",""Items.ExcludeFromLootSystem"",""Items.ExcludeFromExchange""]","2026-02-25 21:38:24.494667+00"
"2188","Trooper's Fatigues Gauntlets","A Unique Trooper's Fatigues Gauntlets.","[""Items.ExcludeFromPlayerSellingToVendor"",""Items.ExcludeFromPlayerBuyingFromVendor"",""Items.ExcludeFromLootSystem"",""Items.ExcludeFromExchange""]","2026-02-25 21:38:24.494667+00"
"2189","Trooper's Fatigues Helmet","A Unique Trooper's Fatigues Helmet.","[""Items.ExcludeFromPlayerSellingToVendor"",""Items.ExcludeFromPlayerBuyingFromVendor"",""Items.ExcludeFromLootSystem"",""Items.ExcludeFromExchange""]","2026-02-25 21:38:24.494667+00"
"2190","Trooper's Fatigues Leggings","A Unique Trooper's Fatigues Leggings.","[""Items.ExcludeFromPlayerSellingToVendor"",""Items.ExcludeFromPlayerBuyingFromVendor"",""Items.ExcludeFromLootSystem"",""Items.ExcludeFromExchange""]","2026-02-25 21:38:24.494667+00"
"2191","Trout Leather Delivery","","[""Items.ExcludeFromExchange"",""Items.Contract""]","2026-02-25 21:38:24.494667+00"
"2192","Unfixed Crysknife","A blade made from a sandworm's tooth.","[""Items.Holsters.MeleeWeapons.Knife.Kindjal"",""Items.ExcludeFromLootSystem"",""Items.ExcludeFromPlayerSellingToVendor"",""Items.ExcludeFromExchange"",""Items.ExcludeFromPlayerBuyingFromVendor"",""Items.ActorBoundItem""]","2026-02-25 21:38:24.494667+00"
"2193","Unique Maula Pistol Schematic","Schematic for a Unique Maula Pistol","[""Items.ExcludeFromExchange"",""Items.ExcludeFromPlayerSellingToVendor"",""Items.ExcludeFromPlayerBuyingFromVendor"",""Items.ExcludeFromLootSystem"",""Items.NotCustomizable""]","2026-02-25 21:38:24.494667+00"
"2194","Unmarked Package","A very well-wrapped package of unknown contents.","[""Contract.Target.Item"",""Items.ExcludeFromExchange"",""Items.Contract""]","2026-02-25 21:38:24.494667+00"
"2195","Upgraded Regis Spice Container","Adds spice harvesting container to the Sandcrawler.","[""Items.Holsters.Deployables.VehicleBase.SandcrawlerCHOAM"",""LootTier.6"",""Rarity.Rare"",""Items.NotCustomizable""]","2026-02-25 21:38:24.494667+00"
"2196","Upgraded Regis Spice Container Schematic","Schematic for a <Unique>Unique</> spice harvesting container to the Sandcrawler.","[""Items.Schematics.Deployables.VehicleBase.SandcrawlerCHOAM"",""LootTier.6"",""Rarity.Rare""]","2026-02-25 21:38:24.494667+00"
"2197","Upgraded Regis Spice Header","Adds a spice harvesting header to the Sandcrawler.","[""Items.Holsters.Deployables.VehicleBase.SandcrawlerCHOAM"",""Items.ExcludeFromExchange"",""Items.ExcludeFromLootSystem"",""Items.NotCustomizable""]","2026-02-25 21:38:24.494667+00"
"2198","UrbanArtisan Schematic","Learnable Schematic","[""Items.ExcludeFromExchange"",""Items.ExcludeFromPlayerSellingToVendor"",""Items.ExcludeFromPlayerBuyingFromVendor"",""Items.ExcludeFromLootSystem"",""Items.NotCustomizable""]","2026-02-25 21:38:24.494667+00"
"2199","Vaporizer","An advanced flamethrower with a large nozzle.","[""Items.Holsters.RangedWeapons.Heavy.Flamethrower"",""LootTier.6"",""Rarity.Rare""]","2026-02-25 21:38:24.494667+00"
"2200","Vaporizer Schematic","Schematic for an advanced flamethrower with a large nozzle.","[""Items.Schematics.RangedWeapons.Exotic"",""LootTier.6"",""Rarity.Rare"",""LootPool.5""]","2026-02-25 21:38:24.494667+00"
"2201","Vase","","[""Items.Consumables.BuildableSets"",""Items.ExcludeFromLootSystem"",""Items.ExcludeFromExchange""]","2026-02-25 21:38:24.494667+00"
"2202","Vehicle Backup Tool","Store and restore your Sandbike or Scout Ornithopter.","[""Items.Holsters.UtilityTools.Repair"",""LootTier.1"",""Loot.OldImperial"",""Items.ExcludeFromLootSystem"",""Items.ExcludeFromPlayerBuyingFromVendor"",""Items.NotCustomizable""]","2026-02-25 21:38:24.494667+00"
"2203","Vehicle Keycode: Atreides","Atreides Vehicle Keycode","[""Items.ExcludeFromExchange"",""Items.ExcludeFromPlayerSellingToVendor"",""Items.ExcludeFromPlayerBuyingFromVendor"",""Items.ExcludeFromLootSystem"",""Items.NotCustomizable""]","2026-02-25 21:38:24.494667+00"
"2204","Vehicle Keycode: Harkonnen","Harkonnen Vehicle Keycode","[""Items.ExcludeFromExchange"",""Items.ExcludeFromPlayerSellingToVendor"",""Items.ExcludeFromPlayerBuyingFromVendor"",""Items.ExcludeFromLootSystem"",""Items.NotCustomizable""]","2026-02-25 21:38:24.494667+00"
"2205","Veil of the Sisterhood","A Unique Bene Gesserit Hood.","[""Items.ExcludeFromPlayerSellingToVendor"",""Items.ExcludeFromPlayerBuyingFromVendor"",""Items.ExcludeFromLootSystem"",""Items.ExcludeFromExchange""]","2026-02-25 21:38:24.494667+00"
"2206","Vertical Pentashield","Blocks entry for those without permission","[""Items.Consumables.BuildableSets"",""LootTier.3"",""Items.ExcludeFromLootSystem"",""Items.ExcludeFromExchange""]","2026-02-25 21:38:24.494667+00"
"2207","Vertical Staking Unit","Device to extend the land of the base vertically.","[""Items.Holsters.BuildingTools"",""LootTier.3"",""Items.ExcludeFromLootSystem"",""Items.NotCustomizable"",""Items.ExcludeFromPlayerBuyingFromVendor"",""Items.NotCustomizable""]","2026-02-25 21:38:24.494667+00"
"2208","Villari's Stillsuit Boots","Stillsuit boots designed for water retention.","[""Items.Clothes.Stillsuit.Feet"",""LootTier.6"",""Rarity.Rare"",""Items.ExcludeFromLootSystem""]","2026-02-25 21:38:24.494667+00"
"2209","Villari's Stillsuit Boots Schematic","Schematic for stillsuit boots designed for water retention.","[""Items.Schematics.Clothes.Stillsuit"",""LootTier.6"",""Rarity.Rare"",""LootPool.2""]","2026-02-25 21:38:24.494667+00"
"2210","Villari's Stillsuit Garment","A stillsuit garment designed for water retention.","[""Items.Clothes.Stillsuit.Torso"",""LootTier.6"",""Rarity.Rare"",""Items.ExcludeFromLootSystem""]","2026-02-25 21:38:24.494667+00"
"2211","Villari's Stillsuit Garment Schematic","Schematic for a stillsuit garment designed for water retention.","[""Items.Schematics.Clothes.Stillsuit"",""LootTier.6"",""Rarity.Rare"",""LootPool.2""]","2026-02-25 21:38:24.494667+00"
"2212","Villari's Stillsuit Gloves","Stillsuit gloves designed for water retention.","[""Items.Clothes.Stillsuit.Hands"",""LootTier.6"",""Rarity.Rare"",""Items.ExcludeFromLootSystem""]","2026-02-25 21:38:24.494667+00"
"2213","Villari's Stillsuit Gloves Schematic","Schematic for stillsuit gloves designed for water retention.","[""Items.Schematics.Clothes.Stillsuit"",""LootTier.6"",""Rarity.Rare"",""LootPool.2""]","2026-02-25 21:38:24.494667+00"
"2214","Villari's Stillsuit Mask","A stillsuit mask designed for water retention.","[""Items.Clothes.Stillsuit.Head"",""LootTier.6"",""Rarity.Rare"",""Items.ExcludeFromLootSystem""]","2026-02-25 21:38:24.494667+00"
"2215","Villari's Stillsuit Mask Schematic","Schematic for a stillsuit mask designed for water retention.","[""Items.Schematics.Clothes.Stillsuit"",""LootTier.6"",""Rarity.Rare"",""LootPool.2""]","2026-02-25 21:38:24.494667+00"
"2216","Walker Sandcrawler Engine Mk6","A fast engine for the slow sandcrawler","[""Items.Holsters.Deployables.VehicleBase.SandcrawlerCHOAM"",""LootTier.6"",""Rarity.Rare"",""Items.ExcludeFromExchange"",""Items.NotCustomizable""]","2026-02-25 21:38:24.494667+00"
"2217","Walker Sandcrawler Engine Mk6 Schematic","Schematic for a fast engine for the slow sandcrawler.","[""Items.Schematics.Deployables.VehicleBase.SandcrawlerCHOAM"",""LootTier.6"",""Rarity.Rare"",""LootPool.3""]","2026-02-25 21:38:24.494667+00"
"2218","Wall Art","","[""Items.Consumables.BuildableSets"",""Items.ExcludeFromLootSystem"",""Items.ExcludeFromExchange""]","2026-02-25 21:38:24.494667+00"
"2219","Water Cistern Patent","Stores water for use in base systems","[""Items.Consumables.BuildableSets"",""LootTier.1"",""Items.ExcludeFromLootSystem"",""Items.ExcludeFromExchange""]","2026-02-25 21:38:24.494667+00"
"2220","Water Pitcher","","[""Items.Consumables.BuildableSets"",""Items.ExcludeFromLootSystem"",""Items.ExcludeFromExchange""]","2026-02-25 21:38:24.494667+00"
"2221","Water Production Records","A ledger of names and numbers","[""Items.ExcludeFromExchange"",""Items.ExcludeFromPlayerSellingToVendor"",""Items.ExcludeFromPlayerBuyingFromVendor"",""Items.ExcludeFromLootSystem"",""Items.NotCustomizable""]","2026-02-25 21:38:24.494667+00"
"2222","Water Shipper's Dew Reaper","A dew reaper with increased yield.","[""Items.Holsters.HydrationTools"",""Items.ExcludeFromLootSystem"",""Items.ExcludeFromExchange"",""Items.ExcludeFromPlayerBuyingFromVendor"",""Rarity.Memento"",""Items.NotCustomizable""]","2026-02-25 21:38:24.494667+00"
"2223","Water Storage Set Patent","A set of structures focused on water storage","[""Items.ExcludeFromExchange"",""Items.ExcludeFromPlayerSellingToVendor"",""Items.ExcludeFromPlayerBuyingFromVendor"",""Items.ExcludeFromLootSystem"",""Items.NotCustomizable""]","2026-02-25 21:38:24.494667+00"
"2224","Way of the Desert","A modified maula pistol with an automatic spring mechanism.","[""Items.Holsters.RangedWeapons.Light.Pistol"",""LootTier.5"",""Rarity.Rare""]","2026-02-25 21:38:24.494667+00"
"2225","Way of the Desert Schematic","Schematic for a modified maula pistol with an automatic spring mechanism.","[""Items.Schematics.RangedWeapons.Light.Pistol"",""LootTier.5"",""Rarity.Rare"",""LootPool.2""]","2026-02-25 21:38:24.494667+00"
"2226","Way of the Fallen","A modified maula pistol with an automatic spring mechanism.","[""Items.Holsters.RangedWeapons.Light.Pistol"",""LootTier.1"",""Rarity.Rare""]","2026-02-25 21:38:24.494667+00"
"2227","Way of the Fallen Schematic","Schematic for a modified maula pistol with an automatic spring mechanism.","[""Items.Schematics.RangedWeapons.Light.Pistol"",""LootTier.1"",""Rarity.Rare"",""LootPool.5""]","2026-02-25 21:38:24.494667+00"
"2228","Way of the Fighter","A modified maula pistol with an automatic spring mechanism.","[""Items.Holsters.RangedWeapons.Light.Pistol"",""LootTier.4"",""Rarity.Rare""]","2026-02-25 21:38:24.494667+00"
"2229","Way of the Fighter Schematic","Schematic for a modified maula pistol with an automatic spring mechanism.","[""Items.Schematics.RangedWeapons.Light.Pistol"",""LootTier.4"",""Rarity.Rare"",""LootPool.2""]","2026-02-25 21:38:24.494667+00"
"2230","Way of the Lost","A modified maula pistol with an automatic spring mechanism.","[""Items.Holsters.RangedWeapons.Light.Pistol"",""LootTier.3"",""Rarity.Rare""]","2026-02-25 21:38:24.494667+00"
"2231","Way of the Lost Schematic","Schematic for a modified maula pistol with an automatic spring mechanism.","[""Items.Schematics.RangedWeapons.Light.Pistol"",""LootTier.3"",""Rarity.Rare"",""LootPool.2""]","2026-02-25 21:38:24.494667+00"
"2232","Way of the Misr","A modified maula pistol with an automatic spring mechanism.","[""Items.Holsters.RangedWeapons.Light.Pistol"",""LootTier.6"",""Rarity.Rare""]","2026-02-25 21:38:24.494667+00"
"2233","Way of the Misr Schematic","Schematic for a modified maula pistol with an automatic spring mechanism.","[""Items.Schematics.RangedWeapons.Light.Pistol"",""LootTier.6"",""Rarity.Rare"",""LootPool.2""]","2026-02-25 21:38:24.494667+00"
"2234","Way of the Wanderer","A modified maula pistol with an automatic spring mechanism.","[""Items.Holsters.RangedWeapons.Light.Pistol"",""LootTier.2"",""Rarity.Rare""]","2026-02-25 21:38:24.494667+00"
"2235","Way of the Wanderer Schematic","Schematic for a modified maula pistol with an automatic spring mechanism.","[""Items.Schematics.RangedWeapons.Light.Pistol"",""LootTier.2"",""Rarity.Rare"",""LootPool.2""]","2026-02-25 21:38:24.494667+00"
"2236","Wayfinder Helm","A helmet with a boost to scanning range.","[""Items.Clothes.ScoutArmor.Head"",""LootTier.5"",""Rarity.Rare""]","2026-02-25 21:38:24.494667+00"
"2237","Wayfinder Helm","A helmet with a boost to scanning range.","[""Items.Clothes.ScoutArmor.Head"",""LootTier.6"",""Rarity.Rare""]","2026-02-25 21:38:24.494667+00"
"2238","Wayfinder Helm Schematic","A Schematic for a helmet with a boost to scanning range.","[""Items.Schematics.Clothes.ScoutArmor"",""LootTier.5"",""Rarity.Rare"",""LootPool.2""]","2026-02-25 21:38:24.494667+00"
"2239","Wayfinder Helm Schematic","A helmet with a boost to scanning range.","[""Items.Schematics.Clothes.ScoutArmor"",""LootTier.6"",""Rarity.Rare"",""LootPool.2""]","2026-02-25 21:38:24.494667+00"
"2240","Weld Pack: Welding Material","A full pack of welding material.","[""Items.ExcludeFromExchange"",""Items.ExcludeFromPlayerSellingToVendor"",""Items.ExcludeFromPlayerBuyingFromVendor"",""Items.ExcludeFromLootSystem"",""Items.NotCustomizable""]","2026-02-25 21:38:24.494667+00"
"2241","Welding Torch Mk1","A tool for vehicle assembly and maintenance.","[""Items.Holsters.UtilityTools.Repair"",""LootTier.1"",""Items.NotCustomizable""]","2026-02-25 21:38:24.494667+00"
"2242","Welding Torch Mk3","A tool for vehicle assembly and maintenance.","[""Items.Holsters.UtilityTools.Repair"",""LootTier.3"",""Loot.OldImperial"",""Items.NotCustomizable""]","2026-02-25 21:38:24.494667+00"
"2243","Welding Torch Mk5","A tool for vehicle assembly and maintenance.","[""Items.Holsters.UtilityTools.Repair"",""LootTier.5"",""Loot.OldImperial"",""Items.NotCustomizable""]","2026-02-25 21:38:24.494667+00"
"2244","Welding Wire","Material used for repairing vehicles.","[""Items.Ammo.Repair"",""LootTier.1"",""Items.ExcludeFromPlayerSellingToVendor""]","2026-02-25 21:38:24.494667+00"
"2245","Welding Wire Schematic","Schematic for Welding Wire","[""Items.ExcludeFromExchange"",""Items.ExcludeFromPlayerSellingToVendor"",""Items.ExcludeFromPlayerBuyingFromVendor"",""Items.ExcludeFromLootSystem"",""Items.NotCustomizable""]","2026-02-25 21:38:24.494667+00"
"2246","Windchimes","","[""Items.Consumables.BuildableSets"",""Items.ExcludeFromLootSystem"",""Items.ExcludeFromExchange""]","2026-02-25 21:38:24.494667+00"
"2247","Windsack Civilian - Set Schematic","Schematic set for the Windsack Civilian set","[""Items.ExcludeFromExchange"",""Items.ExcludeFromPlayerSellingToVendor"",""Items.ExcludeFromPlayerBuyingFromVendor"",""Items.ExcludeFromLootSystem"",""Items.NotCustomizable""]","2026-02-25 21:38:24.494667+00"
"2248","Windsack Commoner Hat","A hat in traditional Windsack fashion","[""Items.ExcludeFromExchange"",""Items.ExcludeFromPlayerSellingToVendor"",""Items.ExcludeFromPlayerBuyingFromVendor"",""Items.ExcludeFromLootSystem"",""Items.NotCustomizable""]","2026-02-25 21:38:24.494667+00"
"2249","Windsack Commoner Pants","A pair of pants in traditional Windsack fashion","[""Items.ExcludeFromExchange"",""Items.ExcludeFromPlayerSellingToVendor"",""Items.ExcludeFromPlayerBuyingFromVendor"",""Items.ExcludeFromLootSystem"",""Items.NotCustomizable""]","2026-02-25 21:38:24.494667+00"
"2250","Windsack Commoner Robe","A robe in traditional Windsack fashion","[""Items.ExcludeFromExchange"",""Items.ExcludeFromPlayerSellingToVendor"",""Items.ExcludeFromPlayerBuyingFromVendor"",""Items.ExcludeFromLootSystem"",""Items.NotCustomizable""]","2026-02-25 21:38:24.494667+00"
"2251","Windsack Commoner Shoes","A pair of shoes in traditional Windsack fashion","[""Items.ExcludeFromExchange"",""Items.ExcludeFromPlayerSellingToVendor"",""Items.ExcludeFromPlayerBuyingFromVendor"",""Items.ExcludeFromLootSystem"",""Items.NotCustomizable""]","2026-02-25 21:38:24.494667+00"
"2252","Windtrap Patent","Collects water from the environment","[""Items.Consumables.BuildableSets"",""LootTier.3"",""Items.ExcludeFromLootSystem"",""Items.ExcludeFromExchange""]","2026-02-25 21:38:24.494667+00"
"2253","Wine Bottle","","[""Items.Consumables.BuildableSets"",""Items.ExcludeFromLootSystem"",""Items.ExcludeFromExchange""]","2026-02-25 21:38:24.494667+00"
"2254","Wooden Passageway","TBD","[""Items.Consumables.BuildableSets"",""LootTier.1"",""Items.ExcludeFromLootSystem"",""Items.ExcludeFromExchange""]","2026-02-25 21:38:24.494667+00"
"2255","Worm Tooth","A crafting component obtained from dying to the sandworm.","[""Items.CraftedResources"",""Loot.Component"",""Items.ExcludeFromLootSystem"",""Items.ExcludeFromExchange"",""Items.ExcludeFromPlayerSellingToVendor"",""Items.ActorBoundItem""]","2026-02-25 21:38:24.494667+00"
"2256","Woven Fiber Boots","Woven fiber garment for the feet","[""Items.ExcludeFromExchange"",""Items.ExcludeFromPlayerSellingToVendor"",""Items.ExcludeFromPlayerBuyingFromVendor"",""Items.ExcludeFromLootSystem"",""Items.NotCustomizable""]","2026-02-25 21:38:24.494667+00"
"2257","Woven Fiber Chestpiece","Woven fiber garment for the chest","[""Items.ExcludeFromExchange"",""Items.ExcludeFromPlayerSellingToVendor"",""Items.ExcludeFromPlayerBuyingFromVendor"",""Items.ExcludeFromLootSystem"",""Items.NotCustomizable""]","2026-02-25 21:38:24.494667+00"
"2258","Woven Fiber Gloves","Woven fiber garment for the hands","[""Items.ExcludeFromExchange"",""Items.ExcludeFromPlayerSellingToVendor"",""Items.ExcludeFromPlayerBuyingFromVendor"",""Items.ExcludeFromLootSystem"",""Items.NotCustomizable""]","2026-02-25 21:38:24.494667+00"
"2259","Woven Fiber Helmet","Woven fiber garment for the head","[""Items.ExcludeFromExchange"",""Items.ExcludeFromPlayerSellingToVendor"",""Items.ExcludeFromPlayerBuyingFromVendor"",""Items.ExcludeFromLootSystem"",""Items.NotCustomizable""]","2026-02-25 21:38:24.494667+00"
"2260","Woven Fiber Pants","Woven fiber garment for the legs","[""Items.ExcludeFromExchange"",""Items.ExcludeFromPlayerSellingToVendor"",""Items.ExcludeFromPlayerBuyingFromVendor"",""Items.ExcludeFromLootSystem"",""Items.NotCustomizable""]","2026-02-25 21:38:24.494667+00"
"2261","Woven Fibre Armor Schematic","Schematic set for Woven Fibre Armor set","[""Items.ExcludeFromExchange"",""Items.ExcludeFromPlayerSellingToVendor"",""Items.ExcludeFromPlayerBuyingFromVendor"",""Items.ExcludeFromLootSystem"",""Items.NotCustomizable""]","2026-02-25 21:38:24.494667+00"
"2262","Wrapped Package","A very well-wrapped package, its contents unknown.","[""Items.ExcludeFromExchange"",""Items.ExcludeFromPlayerSellingToVendor"",""Items.ExcludeFromPlayerBuyingFromVendor"",""Items.ExcludeFromLootSystem"",""Items.NotCustomizable""]","2026-02-25 21:38:24.494667+00"
"2263","Young Sparky Mk5","Power pack with a faster recharge.","[""Items.Holsters.UtilityTools.Power"",""LootTier.5"",""Rarity.Rare"",""Items.NotCustomizable""]","2026-02-25 21:38:24.494667+00"
"2264","Young Sparky Mk5 Schematic","Schematic for a power pack with a faster recharge.","[""Items.Schematics.UtilityTools.Power"",""LootTier.5"",""Rarity.Rare"",""LootPool.4""]","2026-02-25 21:38:24.494667+00"
"2265","Young Sparky Mk6","Power pack with a faster recharge.","[""Items.Holsters.UtilityTools.Power"",""LootTier.6"",""Rarity.Rare"",""Items.NotCustomizable""]","2026-02-25 21:38:24.494667+00"
"2266","Young Sparky Mk6 Schematic","Schematic for a power pack with a faster recharge.","[""Items.Schematics.UtilityTools.Power"",""LootTier.6"",""Rarity.Rare"",""LootPool.4""]","2026-02-25 21:38:24.494667+00"
"2267","Yueh's Reaper Gloves","Special gloves design to maximize water gathering.","[""Items.Clothes.ScoutArmor.Hands"",""LootTier.6"",""Rarity.Rare""]","2026-02-25 21:38:24.494667+00"
"2268","Yueh's Reaper Gloves Schematic","A schematic for special gloves designed to maximize water gathering.","[""Items.Schematics.Clothes.ScoutArmor"",""LootTier.6"",""Rarity.Rare"",""LootPool.2""]","2026-02-25 21:38:24.494667+00"
"2269","Zaal's Companion","A modified battle rifle that fires bursts of darts.","[""Items.Holsters.RangedWeapons.Light.Rifle.BattleRifle"",""LootTier.3"",""Rarity.Rare""]","2026-02-25 21:38:24.494667+00"
"2270","Zaal's Companion Schematic","Schematic for a modified battle rifle that fires bursts of darts.","[""Items.Schematics.RangedWeapons.Light.Rifle"",""LootTier.3"",""Rarity.Rare"",""LootPool.2""]","2026-02-25 21:38:24.494667+00"
"2271","Zantara's Crysknife","A crysknife that used to belong to Zantara.","[""Items.Holsters.MeleeWeapons.Knife.Kindjal"",""Items.ExcludeFromLootSystem"",""Items.ExcludeFromPlayerSellingToVendor"",""Items.ExcludeFromExchange"",""Items.ExcludeFromPlayerBuyingFromVendor"",""Rarity.Memento""]","2026-02-25 21:38:24.494667+00"
"2272","Zantara's Signet Ring","Zantara's Signet Ring acquired in the lab under Old Carthag.","[""Items.Contract"",""Items.ExcludeFromLootSystem"",""Items.ExcludeFromExchange"",""Items.ExcludeFromPlayerBuyingFromVendor""]","2026-02-25 21:38:24.494667+00"
"2273","Zayn's Minimic Film","A minimic film created by Zayn de Witte.","[""Contract.Target.Item"",""Items.ExcludeFromExchange"",""Items.Contract""]","2026-02-25 21:38:24.494667+00"
"2274","ZensunniChivara Schematic","Learnable Schematic","[""Items.ExcludeFromExchange"",""Items.ExcludeFromPlayerSellingToVendor"",""Items.ExcludeFromPlayerBuyingFromVendor"",""Items.ExcludeFromLootSystem"",""Items.NotCustomizable""]","2026-02-25 21:38:24.494667+00"